city_name,size_test,size_train,mean_test,mean_train,rate_gap
AMBON,16.0,8.0,0.6875,0.375,0.3125
BALIKPAPAN,63.0,15.0,0.7619047619047619,0.4666666666666667,0.2952380952380952
BANDUNG,134.0,38.0,0.8283582089552238,0.4473684210526316,0.38098978790259225
BANJARMASIN,33.0,11.0,0.48484848484848486,0.36363636363636365,0.12121212121212122
BATAM,48.0,22.0,0.6458333333333334,0.4090909090909091,0.23674242424242425
BEKASI,147.0,60.0,0.8843537414965986,0.6833333333333333,0.20102040816326527
BENGKULU,56.0,18.0,0.6428571428571429,0.2777777777777778,0.3650793650793651
BOGOR,118.0,39.0,0.8220338983050848,0.5384615384615384,0.28357235984354634
BONDOWOSO,7.0,4.0,0.8571428571428571,0.25,0.6071428571428571
BONTANG,15.0,5.0,0.6666666666666666,0.2,0.4666666666666666
CIANJUR,21.0,4.0,0.7619047619047619,0.5,0.26190476190476186
CIKARANG,127.0,60.0,0.7952755905511811,0.7333333333333333,0.06194225721784785
CILEGON,51.0,23.0,0.7843137254901961,0.5652173913043478,0.21909633418584828
CIREBON,50.0,17.0,0.8,0.47058823529411764,0.3294117647058824
DENPASAR,45.0,16.0,0.7111111111111111,0.375,0.33611111111111114
DEPOK,95.0,30.0,0.9052631578947369,0.7333333333333333,0.1719298245614036
GARUT,44.0,14.0,0.7272727272727273,0.42857142857142855,0.29870129870129875
GORONTALO,43.0,11.0,0.7209302325581395,0.09090909090909091,0.6300211416490485
GRESIK,32.0,9.0,0.71875,0.3333333333333333,0.3854166666666667
INDRAMAYU,6.0,3.0,0.8333333333333334,0.0,0.8333333333333334
JAKARTA,104.0,30.0,0.9038461538461539,0.7333333333333333,0.17051282051282057
JAMBI,52.0,14.0,0.7115384615384616,0.2857142857142857,0.42582417582417587
JAYAPURA,32.0,8.0,0.78125,0.25,0.53125
JEMBER,36.0,10.0,0.6944444444444444,0.8,-0.10555555555555562
KARAWANG,81.0,26.0,0.7777777777777778,0.6538461538461539,0.12393162393162394
KEDIRI,38.0,10.0,0.7894736842105263,0.6,0.18947368421052635
KENDARI,10.0,2.0,0.6,0.0,0.6
KISARAN,38.0,7.0,0.631578947368421,0.2857142857142857,0.3458646616541353
KLATEN,19.0,1.0,0.7368421052631579,1.0,-0.26315789473684215
KUALA KAPUAS,8.0,1.0,0.75,0.0,0.75
KUPANG,28.0,13.0,0.75,0.07692307692307693,0.6730769230769231
LAMPUNG,64.0,15.0,0.765625,0.3333333333333333,0.4322916666666667
MADIUN,12.0,5.0,0.5,0.2,0.3
MAKASSAR,65.0,18.0,0.8153846153846154,0.3333333333333333,0.48205128205128206
MALANG,42.0,12.0,0.7619047619047619,0.3333333333333333,0.42857142857142855
MAMUJU,14.0,1.0,0.5714285714285714,1.0,-0.4285714285714286
MANADO,41.0,14.0,0.7317073170731707,0.2857142857142857,0.445993031358885
MANOKWARI,13.0,8.0,0.6923076923076923,0.375,0.3173076923076923
MATARAM,35.0,8.0,0.6857142857142857,0.625,0.06071428571428572
MEDAN,80.0,26.0,0.7,0.15384615384615385,0.5461538461538461
PADANG,87.0,21.0,0.7701149425287356,0.19047619047619047,0.5796387520525451
PALANGKARAYA,30.0,2.0,0.6333333333333333,0.0,0.6333333333333333
PALEMBANG,54.0,18.0,0.7962962962962963,0.2222222222222222,0.5740740740740741
PALU,24.0,6.0,0.75,0.16666666666666666,0.5833333333333334
PANGKAL PINANG,16.0,5.0,0.8125,0.2,0.6125
PEKALONGAN,19.0,12.0,0.7368421052631579,0.5833333333333334,0.15350877192982448
PEKANBARU,59.0,18.0,0.6779661016949152,0.3888888888888889,0.28907721280602633
PONTIANAK,4.0,2.0,0.5,0.0,0.5
RANTAU PRAPAT,21.0,5.0,0.7142857142857143,0.2,0.5142857142857142
SAMARINDA,71.0,11.0,0.7605633802816901,0.09090909090909091,0.6696542893725992
SEMARANG,134.0,51.0,0.8059701492537313,0.5882352941176471,0.21773485513608426
SIDOARJO,61.0,11.0,0.7540983606557377,0.09090909090909091,0.6631892697466467
SINGKAWANG,33.0,10.0,0.5757575757575758,0.2,0.3757575757575758
SOLO,68.0,20.0,0.7205882352941176,0.65,0.07058823529411762
SORONG,25.0,12.0,0.76,0.3333333333333333,0.4266666666666667
SUMEDANG,26.0,10.0,0.7692307692307693,0.3,0.4692307692307693
SURABAYA,74.0,24.0,0.8108108108108109,0.375,0.43581081081081086
TANGERANG,122.0,37.0,0.8934426229508197,0.7567567567567568,0.13668586619406287
TANJUNG PINANG,33.0,11.0,0.696969696969697,0.2727272727272727,0.4242424242424243
TARAKAN,17.0,1.0,0.7647058823529411,0.0,0.7647058823529411
TASIKMALAYA,23.0,8.0,0.782608695652174,0.25,0.532608695652174
TERNATE,28.0,10.0,0.8214285714285714,0.2,0.6214285714285714
TIMIKA,2.0,1.0,0.5,0.0,0.5
YOGYAKARTA,97.0,21.0,0.7628865979381443,0.5238095238095238,0.23907707412862045
