cinema_ids,size_test,size_train,mean_test,mean_train,rate_gap,n_min
015555fbcd8faef6b55a854605df0a87,29.0,8.0,0.8275862068965517,0.375,0.4525862068965517,8.0
0191582d75f94a412c0fa12d36bcee3f,15.0,5.0,0.8,0.4,0.4,5.0
0318cab65e5a4dbb61243ab4747fb621,33.0,10.0,0.5757575757575758,0.2,0.3757575757575758,10.0
04a2de432a8901363a05137a8e8de1d2,14.0,1.0,0.5714285714285714,1.0,-0.4285714285714286,1.0
073b764928864ed8fa0b6b115bfdd685,24.0,8.0,0.625,0.5,0.125,8.0
0a8777c6c78e2d102bdf459f8550cf93,16.0,5.0,0.8125,0.2,0.6125,5.0
108f9a4d181f12fd1b7e3c9adae38478,47.0,13.0,0.9148936170212766,0.7692307692307693,0.1456628477905073,13.0
1240789770bc04e7d26e5fa31c075ced,19.0,5.0,0.6842105263157895,0.4,0.28421052631578947,5.0
14b63ff2b104903ead7d884f25382e57,23.0,7.0,0.8260869565217391,0.2857142857142857,0.5403726708074534,7.0
15c7dc37db27dd76f38cc419107f7c48,54.0,18.0,0.8518518518518519,0.7222222222222222,0.12962962962962965,18.0
17e1e7da761f72bbb4e039ba08cc0ba0,57.0,29.0,0.7894736842105263,0.6896551724137931,0.09981851179673318,29.0
19f506af810fe579721721d058f6b243,26.0,3.0,0.6153846153846154,0.0,0.6153846153846154,3.0
202dbf4df0e433f092fca1aa8162c400,17.0,1.0,0.7647058823529411,0.0,0.7647058823529411,1.0
218c50fa4df90b3241e39ff8ffb41102,20.0,9.0,0.75,0.5555555555555556,0.19444444444444442,9.0
2318d3c719302ff137eb1b53fb32f0c8,27.0,8.0,0.6296296296296297,0.5,0.12962962962962965,8.0
25e1c125bdd513aa2355a8e558a1a908,38.0,10.0,0.7894736842105263,0.6,0.18947368421052635,10.0
26a644178fbdb277dc3c50997f6df7fe,21.0,8.0,0.8095238095238095,0.25,0.5595238095238095,8.0
26d1d720bc7e60c1b1a56630e3ba2c5d,19.0,3.0,0.6842105263157895,0.3333333333333333,0.3508771929824562,3.0
29fc89ab155e9f202326046c2e0023bb,16.0,4.0,0.75,0.5,0.25,4.0
2e0ec493a87e740511b7b565386c06fe,25.0,12.0,0.76,0.3333333333333333,0.4266666666666667,12.0
312cd6ebdd3af9ac55f7b3d31ecab9c2,26.0,11.0,0.9230769230769231,0.45454545454545453,0.4685314685314686,11.0
35de0354d956048d1c9c49ff069eaa55,21.0,11.0,0.7619047619047619,0.09090909090909091,0.6709956709956709,11.0
3744d5b8753c9cc72700ce7927fa0df3,22.0,5.0,0.7272727272727273,0.2,0.5272727272727273,5.0
3acdf298dab1b92bbaaad74d86c0c40a,42.0,11.0,0.8571428571428571,0.45454545454545453,0.40259740259740256,11.0
3afae5dea7356f64f70605334bef46a7,21.0,4.0,0.7619047619047619,0.5,0.26190476190476186,4.0
3c41b96b56b0aab1ed5fc5e703499730,34.0,6.0,0.8235294117647058,0.3333333333333333,0.49019607843137253,6.0
3cc167017755a0197f18f93595c9ae85,19.0,6.0,0.7894736842105263,0.3333333333333333,0.456140350877193,6.0
3f6093566521149f8e37fa4e3fafe7cc,60.0,15.0,0.8,0.06666666666666667,0.7333333333333334,15.0
45f553cca86b28fedd6115abdd0ae734,8.0,1.0,0.75,0.0,0.75,1.0
490346a8a068ba7d2e3764714c6d5323,42.0,6.0,0.7857142857142857,0.5,0.2857142857142857,6.0
494c8f1916a97efe3390ba9dbab6ce7d,33.0,8.0,0.8484848484848485,0.0,0.8484848484848485,8.0
4a4c71e99772e87c9e35a56acd8be21e,28.0,10.0,0.8214285714285714,0.2,0.6214285714285714,10.0
4a61d7e09bbe3868d79af81be96ed6ee,18.0,5.0,0.6666666666666666,0.8,-0.13333333333333341,5.0
4ba87a86e02dd8a810032db35bf13c51,31.0,12.0,0.6774193548387096,0.25,0.42741935483870963,12.0
4e12b237c826209f7ddc5b29a96380b6,49.0,19.0,0.8979591836734694,0.7368421052631579,0.16111707841031153,19.0
4eb26b1058266dc50a63dc875e4d8846,27.0,6.0,0.7407407407407407,0.6666666666666666,0.07407407407407407,6.0
4ed104ac0de10ba7eef50158603e0b32,30.0,10.0,0.9666666666666667,0.7,0.2666666666666667,10.0
4fc3fc370b299876663c7d5c90595853,19.0,6.0,0.42105263157894735,0.16666666666666666,0.2543859649122807,6.0
52eed153a88a6bdcb46cbb266a07cba2,39.0,13.0,0.8461538461538461,0.8461538461538461,0.0,13.0
53b77c875c67b68561415f23065e6e8d,27.0,6.0,0.7037037037037037,0.5,0.20370370370370372,6.0
541130ea8083a789df5d15bbfe13055a,38.0,10.0,0.8947368421052632,0.2,0.6947368421052631,10.0
57d37d0d839b9dff6f87d6b5d5b679cc,17.0,6.0,0.7647058823529411,0.6666666666666666,0.0980392156862745,6.0
580919d632e55fd9736ae1a2ac6ed0c5,18.0,11.0,0.7777777777777778,0.45454545454545453,0.32323232323232326,11.0
592095e0ddc2c230cf3002d72e9bac41,13.0,8.0,0.6923076923076923,0.375,0.3173076923076923,8.0
5a894958f375392ce7981be2eb9a26be,36.0,10.0,0.6944444444444444,0.8,-0.10555555555555562,10.0
5b8eaa351fae8e6d1e759e814d74c1c5,33.0,12.0,0.7272727272727273,0.25,0.4772727272727273,12.0
5ff7565cdb056b4bdcb43d0ea2b5380d,28.0,13.0,0.75,0.07692307692307693,0.6730769230769231,13.0
62447bb073160adcf6d6022240a3663c,19.0,1.0,0.7368421052631579,1.0,-0.26315789473684215,1.0
66d433e397ff7f3d460500704fd40a5a,15.0,2.0,0.6,0.5,0.09999999999999998,2.0
6b88b1af662b72fbfa35004a8edfe2e9,56.0,19.0,0.8928571428571429,0.7368421052631579,0.15601503759398505,19.0
7114d91eccf418326f7a9a05943c04e1,25.0,8.0,0.72,0.25,0.47,8.0
716ede53fbca27fbe1c1a55d6667c2b5,65.0,38.0,0.8769230769230769,0.7368421052631579,0.14008097165991906,38.0
7995e00051a2fe6aeed7cfdbe0378c01,2.0,1.0,0.5,0.0,0.5,1.0
79d0a75ad3523955b8d0e01198d6e9c9,9.0,6.0,0.6666666666666666,0.5,0.16666666666666663,6.0
7c271f1e1351e6433b202d77b88012c2,5.0,2.0,0.6,0.5,0.09999999999999998,2.0
7cade3ea25dae25fdb8c56776676b0c7,51.0,23.0,0.7843137254901961,0.5652173913043478,0.21909633418584828,23.0
8188326fb0a403be03ea632997c8a959,43.0,11.0,0.7209302325581395,0.09090909090909091,0.6300211416490485,11.0
81c620b2538435926cbbf15745ef5901,12.0,5.0,0.5,0.2,0.3,5.0
862442166e956fe0e8355db8852d9440,36.0,11.0,0.9166666666666666,0.6363636363636364,0.2803030303030303,11.0
8750b9ee0b0c6c6afcfcb2a05e60efc0,50.0,20.0,0.86,0.4,0.45999999999999996,20.0
88d0ee0029bee810e1d0fe37f73e2d3b,31.0,5.0,0.6774193548387096,0.8,-0.12258064516129041,5.0
8d2e05da5624875993cb8580c88334a9,36.0,9.0,0.8611111111111112,0.4444444444444444,0.41666666666666674,9.0
8dbfb7aeb4ed822b358347332ba630af,33.0,8.0,0.9090909090909091,0.75,0.15909090909090906,8.0
9158e16be84a6db4d63d3289099f119b,32.0,8.0,0.78125,0.25,0.53125,8.0
919c7b9859d8ce7cab47dab2463e7fab,11.0,4.0,0.6363636363636364,0.5,0.13636363636363635,4.0
92e94ed55b4de8feaff9462a66e2dbd7,19.0,5.0,0.6842105263157895,0.2,0.4842105263157895,5.0
9715c9bc57db04a2506acfdab71ec1c6,21.0,5.0,0.7142857142857143,0.2,0.5142857142857142,5.0
981569adf232c53afe751c8c660db8d9,6.0,3.0,0.3333333333333333,0.0,0.3333333333333333,3.0
9aab42397bbc1d1cdb49f7044dc990f0,33.0,10.0,0.7878787878787878,0.2,0.5878787878787879,10.0
9cc7970100d8e4c2202f08cb78c6eb20,15.0,2.0,0.6666666666666666,0.5,0.16666666666666663,2.0
9f0564f5cabe643e4dbb08b80d3cc241,4.0,2.0,0.5,0.0,0.5,2.0
a09b9ee7f937939ee25c24ef8c2e91be,29.0,9.0,0.6896551724137931,0.5555555555555556,0.13409961685823757,9.0
a616a546264044ed616bc2bdf2d9f7fc,58.0,15.0,0.7758620689655172,0.4666666666666667,0.30919540229885056,15.0
a691dd0d8274fa85ecdc7d5ad6df1628,12.0,3.0,0.75,0.3333333333333333,0.4166666666666667,3.0
a6d19ebcb27f61cbf41a6552fbf68676,39.0,6.0,0.7692307692307693,0.0,0.7692307692307693,6.0
a9d508d218799f9dc69bb4aefc122cb3,27.0,9.0,0.7407407407407407,0.3333333333333333,0.4074074074074074,9.0
a9e141baa8b4ec825325397b16eeaae3,54.0,16.0,0.7962962962962963,0.5,0.2962962962962963,16.0
afbb3b11f728a54ad1eb3ca34f602779,10.0,2.0,0.6,0.0,0.6,2.0
b4972b48997defae8304bc9c41220c7c,54.0,19.0,0.9259259259259259,0.5789473684210527,0.3469785575048733,19.0
b704e8b10f13e14494b5a7a0ba39d9d9,41.0,12.0,0.8536585365853658,0.75,0.10365853658536583,12.0
be8de71502987819afd4c2ceea71c539,32.0,9.0,0.71875,0.3333333333333333,0.3854166666666667,9.0
bf33cc26f29bf266a83e35901fa80c9c,16.0,8.0,0.6875,0.375,0.3125,8.0
c35e24eefa840ac2009279f1efc52288,15.0,5.0,0.6666666666666666,0.2,0.4666666666666666,5.0
c48b7a4426e8cbee3f7dbfe8b87d1d89,19.0,12.0,0.7368421052631579,0.5833333333333334,0.15350877192982448,12.0
c4a19cbeb409639c836e4304976db0aa,42.0,12.0,0.8333333333333334,0.5,0.33333333333333337,12.0
c71a18e33d4b7c73c8124c65fc3e6f1c,14.0,5.0,0.7142857142857143,0.2,0.5142857142857142,5.0
c877324e95024e707ae23f0aed947e15,35.0,11.0,0.7714285714285715,0.45454545454545453,0.31688311688311693,11.0
cb2a49a747f8989ee0356ec7ac354177,25.0,6.0,0.6,0.3333333333333333,0.26666666666666666,6.0
d1918db937d26e9e4ccd3e17e1ff0e2d,26.0,10.0,0.7692307692307693,0.3,0.4692307692307693,10.0
d297f2f746c4fd2723f3202fafcbfa1a,7.0,4.0,0.8571428571428571,0.25,0.6071428571428571,4.0
d33850e3698903061b4c18886ce00c9d,25.0,11.0,0.76,0.45454545454545453,0.3054545454545455,11.0
da6b584c30e784d15b54ad124a760b19,19.0,7.0,0.8421052631578947,0.0,0.8421052631578947,7.0
da96492ebd43c4a193238d6c3205cc40,25.0,11.0,0.72,0.45454545454545453,0.26545454545454544,11.0
dc6de349945f10a4a296bb50d34fc504,14.0,5.0,0.5714285714285714,0.6,-0.02857142857142858,5.0
dc77e7e26c0e5e3a5c44ec2de0cedbde,17.0,3.0,0.5294117647058824,0.3333333333333333,0.19607843137254904,3.0
df7f047e9886cfa1c0892c97f15d4146,8.0,2.0,0.5,0.5,0.0,2.0
e3edf631650eb304cf386709b98005f6,24.0,13.0,0.7916666666666666,0.38461538461538464,0.407051282051282,13.0
e67d818ee0546f3b33d0ba2083ed4db5,44.0,22.0,0.8181818181818182,0.7272727272727273,0.09090909090909094,22.0
e7ec114c2ec166155149062023617e8b,27.0,3.0,0.7407407407407407,0.3333333333333333,0.4074074074074074,3.0
e8965581e1be78ac9a3145b6983ff6ec,30.0,11.0,0.8,0.36363636363636365,0.4363636363636364,11.0
e939d818a5192f48fc4b73102e3aa4b9,30.0,2.0,0.6333333333333333,0.0,0.6333333333333333,2.0
e989d8fdc91de7e6ffbb72a2f5ac79f6,39.0,11.0,0.9230769230769231,0.7272727272727273,0.19580419580419584,11.0
ea7df0c99b450ecdea38cf34ae1f158f,38.0,7.0,0.631578947368421,0.2857142857142857,0.3458646616541353,7.0
ecace029de4a6bd4ae872928509cd71d,23.0,8.0,0.782608695652174,0.25,0.532608695652174,8.0
ef2896a95abe2a2b4cfee245dc1e36ec,44.0,17.0,0.7272727272727273,0.7058823529411765,0.021390374331550777,17.0
efe899b321b96d852776427476f14a06,24.0,4.0,0.7916666666666666,0.75,0.04166666666666663,4.0
f292a4101ca0420357a2d18b3a013e5f,24.0,6.0,0.75,0.16666666666666666,0.5833333333333334,6.0
f3a9ac312f7bc4e2467a1bf02a6aa1e9,19.0,4.0,0.631578947368421,1.0,-0.368421052631579,4.0
f54d37fc4c4d4b285aa3601041abc938,38.0,12.0,0.7894736842105263,0.6666666666666666,0.1228070175438597,12.0
f7734bb329cacfe21ce854ae822b6115,33.0,11.0,0.696969696969697,0.2727272727272727,0.4242424242424243,11.0
fbaf4d5f0c18dc603a21aef31da59ee6,25.0,1.0,0.72,0.0,0.72,1.0
fcf80028ec9bbf8efaee3932e529a78f,6.0,3.0,0.8333333333333334,0.0,0.8333333333333334,3.0
