cinema_ids,competitor_bucket,train_n,train_rate,test_n,test_rate
015555fbcd8faef6b55a854605df0a87,0,17,0.0,13,0.07692307692307693
015555fbcd8faef6b55a854605df0a87,1,7,0.0,16,0.1875
015555fbcd8faef6b55a854605df0a87,2,20,0.05,12,0.0
015555fbcd8faef6b55a854605df0a87,3,27,0.14814814814814814,33,0.06060606060606061
015555fbcd8faef6b55a854605df0a87,4plus,25,0.0,46,0.15217391304347827
0191582d75f94a412c0fa12d36bcee3f,0,17,0.0,12,0.16666666666666666
0191582d75f94a412c0fa12d36bcee3f,1,6,0.0,18,0.16666666666666666
0191582d75f94a412c0fa12d36bcee3f,2,14,0.0,15,0.0
0191582d75f94a412c0fa12d36bcee3f,3,44,0.045454545454545456,33,0.0
0191582d75f94a412c0fa12d36bcee3f,4plus,47,0.0,72,0.1111111111111111
0318cab65e5a4dbb61243ab4747fb621,0,10,0.0,15,0.26666666666666666
0318cab65e5a4dbb61243ab4747fb621,1,18,0.05555555555555555,20,0.0
0318cab65e5a4dbb61243ab4747fb621,2,17,0.058823529411764705,17,0.11764705882352941
0318cab65e5a4dbb61243ab4747fb621,3,12,0.08333333333333333,11,0.18181818181818182
0318cab65e5a4dbb61243ab4747fb621,4plus,7,0.2857142857142857,20,0.2
04a2de432a8901363a05137a8e8de1d2,0,11,0.0,14,0.2857142857142857
04a2de432a8901363a05137a8e8de1d2,1,22,0.0,26,0.19230769230769232
04a2de432a8901363a05137a8e8de1d2,2,11,0.0,19,0.10526315789473684
073b764928864ed8fa0b6b115bfdd685,0,7,0.0,7,0.14285714285714285
073b764928864ed8fa0b6b115bfdd685,1,21,0.0,21,0.09523809523809523
073b764928864ed8fa0b6b115bfdd685,2,23,0.0,28,0.07142857142857142
073b764928864ed8fa0b6b115bfdd685,3,10,0.0,13,0.15384615384615385
09ff932202ae245655ae248642132086,0,11,0.0,13,0.15384615384615385
0a8777c6c78e2d102bdf459f8550cf93,0,14,0.0,17,0.11764705882352941
0a8777c6c78e2d102bdf459f8550cf93,1,15,0.0,18,0.1111111111111111
0a8777c6c78e2d102bdf459f8550cf93,2,12,0.08333333333333333,16,0.0625
108f9a4d181f12fd1b7e3c9adae38478,0,18,0.0,11,0.18181818181818182
108f9a4d181f12fd1b7e3c9adae38478,1,6,0.0,13,0.23076923076923078
108f9a4d181f12fd1b7e3c9adae38478,2,13,0.0,20,0.25
108f9a4d181f12fd1b7e3c9adae38478,3,41,0.024390243902439025,30,0.1
108f9a4d181f12fd1b7e3c9adae38478,4plus,43,0.09302325581395349,67,0.19402985074626866
1240789770bc04e7d26e5fa31c075ced,0,16,0.0625,11,0.2727272727272727
1240789770bc04e7d26e5fa31c075ced,1,15,0.06666666666666667,25,0.16
1240789770bc04e7d26e5fa31c075ced,2,5,0.0,14,0.21428571428571427
14b63ff2b104903ead7d884f25382e57,0,11,0.0,10,0.2
14b63ff2b104903ead7d884f25382e57,1,15,0.06666666666666667,26,0.19230769230769232
14b63ff2b104903ead7d884f25382e57,2,27,0.037037037037037035,25,0.16
14b63ff2b104903ead7d884f25382e57,3,12,0.25,13,0.38461538461538464
15c7dc37db27dd76f38cc419107f7c48,0,14,0.0,15,0.4666666666666667
15c7dc37db27dd76f38cc419107f7c48,1,11,0.09090909090909091,10,0.5
15c7dc37db27dd76f38cc419107f7c48,2,28,0.07142857142857142,23,0.2608695652173913
15c7dc37db27dd76f38cc419107f7c48,3,17,0.17647058823529413,28,0.14285714285714285
15c7dc37db27dd76f38cc419107f7c48,4plus,9,0.2222222222222222,25,0.4
17e1e7da761f72bbb4e039ba08cc0ba0,0,16,0.375,15,0.5333333333333333
17e1e7da761f72bbb4e039ba08cc0ba0,1,14,0.14285714285714285,18,0.6666666666666666
17e1e7da761f72bbb4e039ba08cc0ba0,2,16,0.0625,16,0.25
17e1e7da761f72bbb4e039ba08cc0ba0,3,25,0.24,23,0.34782608695652173
17e1e7da761f72bbb4e039ba08cc0ba0,4plus,5,0.2,23,0.4782608695652174
19f506af810fe579721721d058f6b243,0,18,0.0,17,0.11764705882352941
19f506af810fe579721721d058f6b243,1,23,0.043478260869565216,13,0.23076923076923078
19f506af810fe579721721d058f6b243,2,23,0.0,34,0.029411764705882353
19f506af810fe579721721d058f6b243,3,8,0.0,21,0.19047619047619047
202dbf4df0e433f092fca1aa8162c400,0,10,0.0,16,0.3125
202dbf4df0e433f092fca1aa8162c400,1,23,0.0,26,0.19230769230769232
202dbf4df0e433f092fca1aa8162c400,2,10,0.0,11,0.2727272727272727
218c50fa4df90b3241e39ff8ffb41102,0,13,0.07692307692307693,14,0.14285714285714285
218c50fa4df90b3241e39ff8ffb41102,1,15,0.13333333333333333,17,0.23529411764705882
218c50fa4df90b3241e39ff8ffb41102,2,15,0.06666666666666667,20,0.1
218c50fa4df90b3241e39ff8ffb41102,3,26,0.038461538461538464,21,0.09523809523809523
218c50fa4df90b3241e39ff8ffb41102,4plus,10,0.0,28,0.25
2318d3c719302ff137eb1b53fb32f0c8,0,8,0.0,7,0.14285714285714285
2318d3c719302ff137eb1b53fb32f0c8,1,21,0.0,18,0.16666666666666666
2318d3c719302ff137eb1b53fb32f0c8,2,8,0.0,21,0.2857142857142857
25e1c125bdd513aa2355a8e558a1a908,0,12,0.16666666666666666,7,0.7142857142857143
25e1c125bdd513aa2355a8e558a1a908,1,20,0.05,22,0.3181818181818182
25e1c125bdd513aa2355a8e558a1a908,2,14,0.21428571428571427,29,0.3103448275862069
25e1c125bdd513aa2355a8e558a1a908,3,9,0.1111111111111111,7,0.42857142857142855
26a644178fbdb277dc3c50997f6df7fe,0,10,0.0,9,0.2222222222222222
26a644178fbdb277dc3c50997f6df7fe,1,8,0.0,18,0.2222222222222222
26a644178fbdb277dc3c50997f6df7fe,2,31,0.03225806451612903,22,0.045454545454545456
26a644178fbdb277dc3c50997f6df7fe,3,18,0.0,32,0.03125
26a644178fbdb277dc3c50997f6df7fe,4plus,13,0.0,19,0.10526315789473684
26d1d720bc7e60c1b1a56630e3ba2c5d,0,13,0.0,12,0.3333333333333333
26d1d720bc7e60c1b1a56630e3ba2c5d,1,16,0.0625,20,0.25
26d1d720bc7e60c1b1a56630e3ba2c5d,2,9,0.1111111111111111,9,0.0
29fc89ab155e9f202326046c2e0023bb,0,12,0.0,13,0.3076923076923077
29fc89ab155e9f202326046c2e0023bb,1,16,0.0625,15,0.2
29fc89ab155e9f202326046c2e0023bb,2,23,0.0,24,0.16666666666666666
29fc89ab155e9f202326046c2e0023bb,3,20,0.1,26,0.07692307692307693
29fc89ab155e9f202326046c2e0023bb,4plus,10,0.0,21,0.0
2e0ec493a87e740511b7b565386c06fe,0,15,0.0,17,0.23529411764705882
2e0ec493a87e740511b7b565386c06fe,1,17,0.058823529411764705,17,0.11764705882352941
2e0ec493a87e740511b7b565386c06fe,2,14,0.07142857142857142,25,0.28
2e0ec493a87e740511b7b565386c06fe,3,8,0.125,11,0.2727272727272727
312cd6ebdd3af9ac55f7b3d31ecab9c2,0,12,0.16666666666666666,12,0.5833333333333334
312cd6ebdd3af9ac55f7b3d31ecab9c2,1,12,0.0,13,0.15384615384615385
312cd6ebdd3af9ac55f7b3d31ecab9c2,2,27,0.037037037037037035,30,0.03333333333333333
312cd6ebdd3af9ac55f7b3d31ecab9c2,3,34,0.11764705882352941,36,0.3055555555555556
35de0354d956048d1c9c49ff069eaa55,0,13,0.0,14,0.2857142857142857
35de0354d956048d1c9c49ff069eaa55,1,12,0.0,16,0.125
35de0354d956048d1c9c49ff069eaa55,2,24,0.0,25,0.32
35de0354d956048d1c9c49ff069eaa55,3,13,0.07692307692307693,24,0.08333333333333333
35de0354d956048d1c9c49ff069eaa55,4plus,16,0.0625,22,0.22727272727272727
3744d5b8753c9cc72700ce7927fa0df3,0,9,0.0,13,0.3076923076923077
3744d5b8753c9cc72700ce7927fa0df3,1,16,0.0,16,0.125
3744d5b8753c9cc72700ce7927fa0df3,2,18,0.0,20,0.25
3744d5b8753c9cc72700ce7927fa0df3,3,5,0.2,11,0.2727272727272727
3acdf298dab1b92bbaaad74d86c0c40a,0,15,0.0,12,0.08333333333333333
3acdf298dab1b92bbaaad74d86c0c40a,1,8,0.0,15,0.3333333333333333
3acdf298dab1b92bbaaad74d86c0c40a,2,23,0.0,21,0.23809523809523808
3acdf298dab1b92bbaaad74d86c0c40a,3,25,0.04,24,0.08333333333333333
3acdf298dab1b92bbaaad74d86c0c40a,4plus,49,0.08163265306122448,69,0.21739130434782608
3afae5dea7356f64f70605334bef46a7,0,13,0.15384615384615385,13,0.38461538461538464
3afae5dea7356f64f70605334bef46a7,1,19,0.10526315789473684,17,0.4117647058823529
3afae5dea7356f64f70605334bef46a7,2,10,0.1,22,0.045454545454545456
3c41b96b56b0aab1ed5fc5e703499730,0,17,0.0,8,0.25
3c41b96b56b0aab1ed5fc5e703499730,1,7,0.0,16,0.25
3c41b96b56b0aab1ed5fc5e703499730,2,17,0.058823529411764705,21,0.23809523809523808
3c41b96b56b0aab1ed5fc5e703499730,3,32,0.03125,21,0.09523809523809523
3c41b96b56b0aab1ed5fc5e703499730,4plus,11,0.2727272727272727,52,0.21153846153846154
3cc167017755a0197f18f93595c9ae85,0,9,0.0,12,0.16666666666666666
3cc167017755a0197f18f93595c9ae85,1,13,0.0,11,0.18181818181818182
3cc167017755a0197f18f93595c9ae85,2,28,0.0,26,0.11538461538461539
3cc167017755a0197f18f93595c9ae85,3,16,0.0,25,0.12
3cc167017755a0197f18f93595c9ae85,4plus,7,0.14285714285714285,13,0.23076923076923078
3f6093566521149f8e37fa4e3fafe7cc,0,9,0.1111111111111111,11,0.6363636363636364
3f6093566521149f8e37fa4e3fafe7cc,1,15,0.06666666666666667,12,0.6666666666666666
3f6093566521149f8e37fa4e3fafe7cc,2,7,0.0,17,0.11764705882352941
3f6093566521149f8e37fa4e3fafe7cc,3,39,0.0,28,0.35714285714285715
3f6093566521149f8e37fa4e3fafe7cc,4plus,9,0.2222222222222222,42,0.38095238095238093
45f553cca86b28fedd6115abdd0ae734,0,14,0.0,11,0.2727272727272727
45f553cca86b28fedd6115abdd0ae734,1,20,0.0,27,0.07407407407407407
45f553cca86b28fedd6115abdd0ae734,2,13,0.0,14,0.07142857142857142
490346a8a068ba7d2e3764714c6d5323,0,9,0.1111111111111111,9,0.2222222222222222
490346a8a068ba7d2e3764714c6d5323,1,13,0.0,16,0.125
490346a8a068ba7d2e3764714c6d5323,2,30,0.1,29,0.1724137931034483
490346a8a068ba7d2e3764714c6d5323,3,19,0.0,23,0.34782608695652173
494c8f1916a97efe3390ba9dbab6ce7d,0,13,0.0,8,0.375
494c8f1916a97efe3390ba9dbab6ce7d,1,12,0.0,14,0.35714285714285715
494c8f1916a97efe3390ba9dbab6ce7d,2,18,0.0,32,0.0625
494c8f1916a97efe3390ba9dbab6ce7d,3,22,0.045454545454545456,19,0.15789473684210525
494c8f1916a97efe3390ba9dbab6ce7d,4plus,8,0.125,26,0.3076923076923077
4a4c71e99772e87c9e35a56acd8be21e,0,12,0.0,12,0.3333333333333333
4a4c71e99772e87c9e35a56acd8be21e,1,11,0.0,16,0.0625
4a4c71e99772e87c9e35a56acd8be21e,2,23,0.08695652173913043,23,0.043478260869565216
4a4c71e99772e87c9e35a56acd8be21e,3,20,0.05,27,0.18518518518518517
4a4c71e99772e87c9e35a56acd8be21e,4plus,10,0.1,25,0.32
4a61d7e09bbe3868d79af81be96ed6ee,0,13,0.23076923076923078,11,0.45454545454545453
4ba87a86e02dd8a810032db35bf13c51,0,7,0.14285714285714285,8,0.375
4ba87a86e02dd8a810032db35bf13c51,1,27,0.18518518518518517,14,0.35714285714285715
4ba87a86e02dd8a810032db35bf13c51,2,16,0.125,26,0.34615384615384615
4e12b237c826209f7ddc5b29a96380b6,0,17,0.11764705882352941,15,0.4
4e12b237c826209f7ddc5b29a96380b6,2,14,0.0,14,0.07142857142857142
4e12b237c826209f7ddc5b29a96380b6,3,43,0.06976744186046512,31,0.16129032258064516
4e12b237c826209f7ddc5b29a96380b6,4plus,24,0.16666666666666666,46,0.32608695652173914
4eb26b1058266dc50a63dc875e4d8846,0,12,0.0,13,0.46153846153846156
4eb26b1058266dc50a63dc875e4d8846,1,17,0.058823529411764705,18,0.2222222222222222
4eb26b1058266dc50a63dc875e4d8846,2,26,0.038461538461538464,26,0.11538461538461539
4eb26b1058266dc50a63dc875e4d8846,3,10,0.0,20,0.3
4eb26b1058266dc50a63dc875e4d8846,4plus,5,0.0,15,0.2
4ed104ac0de10ba7eef50158603e0b32,0,16,0.0,13,0.23076923076923078
4ed104ac0de10ba7eef50158603e0b32,1,8,0.0,17,0.23529411764705882
4ed104ac0de10ba7eef50158603e0b32,2,12,0.0,13,0.23076923076923078
4ed104ac0de10ba7eef50158603e0b32,3,29,0.10344827586206896,27,0.1111111111111111
4ed104ac0de10ba7eef50158603e0b32,4plus,56,0.05357142857142857,71,0.18309859154929578
4fc3fc370b299876663c7d5c90595853,0,13,0.0,14,0.21428571428571427
4fc3fc370b299876663c7d5c90595853,1,11,0.0,12,0.5
4fc3fc370b299876663c7d5c90595853,2,18,0.0,14,0.14285714285714285
4fc3fc370b299876663c7d5c90595853,3,29,0.0,24,0.041666666666666664
4fc3fc370b299876663c7d5c90595853,4plus,17,0.0,53,0.09433962264150944
52eed153a88a6bdcb46cbb266a07cba2,0,14,0.07142857142857142,14,0.21428571428571427
52eed153a88a6bdcb46cbb266a07cba2,1,13,0.0,18,0.2222222222222222
52eed153a88a6bdcb46cbb266a07cba2,2,17,0.058823529411764705,17,0.11764705882352941
52eed153a88a6bdcb46cbb266a07cba2,3,32,0.0625,37,0.13513513513513514
52eed153a88a6bdcb46cbb266a07cba2,4plus,43,0.023255813953488372,48,0.20833333333333334
53b77c875c67b68561415f23065e6e8d,0,12,0.16666666666666666,15,0.26666666666666666
53b77c875c67b68561415f23065e6e8d,1,18,0.05555555555555555,25,0.28
541130ea8083a789df5d15bbfe13055a,0,14,0.0,11,0.5454545454545454
541130ea8083a789df5d15bbfe13055a,1,13,0.0,18,0.3888888888888889
541130ea8083a789df5d15bbfe13055a,2,15,0.0,21,0.09523809523809523
541130ea8083a789df5d15bbfe13055a,3,27,0.037037037037037035,22,0.13636363636363635
541130ea8083a789df5d15bbfe13055a,4plus,11,0.18181818181818182,43,0.3953488372093023
57d37d0d839b9dff6f87d6b5d5b679cc,0,18,0.16666666666666666,16,0.375
57d37d0d839b9dff6f87d6b5d5b679cc,1,18,0.0,15,0.4
57d37d0d839b9dff6f87d6b5d5b679cc,2,20,0.1,25,0.16
57d37d0d839b9dff6f87d6b5d5b679cc,3,8,0.0,15,0.2
580919d632e55fd9736ae1a2ac6ed0c5,0,18,0.05555555555555555,14,0.2857142857142857
580919d632e55fd9736ae1a2ac6ed0c5,1,14,0.0,20,0.15
580919d632e55fd9736ae1a2ac6ed0c5,2,15,0.0,20,0.1
580919d632e55fd9736ae1a2ac6ed0c5,3,14,0.07142857142857142,17,0.0
580919d632e55fd9736ae1a2ac6ed0c5,4plus,11,0.0,23,0.08695652173913043
592095e0ddc2c230cf3002d72e9bac41,0,11,0.0,15,0.2
592095e0ddc2c230cf3002d72e9bac41,1,15,0.0,24,0.08333333333333333
592095e0ddc2c230cf3002d72e9bac41,2,23,0.043478260869565216,24,0.16666666666666666
5a894958f375392ce7981be2eb9a26be,0,8,0.25,9,0.5555555555555556
5a894958f375392ce7981be2eb9a26be,1,19,0.10526315789473684,19,0.3157894736842105
5a894958f375392ce7981be2eb9a26be,2,22,0.13636363636363635,24,0.4166666666666667
5a894958f375392ce7981be2eb9a26be,3,11,0.18181818181818182,15,0.3333333333333333
5b8eaa351fae8e6d1e759e814d74c1c5,0,15,0.0,13,0.23076923076923078
5b8eaa351fae8e6d1e759e814d74c1c5,1,6,0.0,16,0.25
5b8eaa351fae8e6d1e759e814d74c1c5,2,18,0.05555555555555555,11,0.2727272727272727
5b8eaa351fae8e6d1e759e814d74c1c5,3,33,0.06060606060606061,30,0.13333333333333333
5b8eaa351fae8e6d1e759e814d74c1c5,4plus,25,0.16,57,0.19298245614035087
5ff7565cdb056b4bdcb43d0ea2b5380d,0,11,0.18181818181818182,12,0.4166666666666667
5ff7565cdb056b4bdcb43d0ea2b5380d,1,24,0.08333333333333333,25,0.36
5ff7565cdb056b4bdcb43d0ea2b5380d,2,10,0.0,20,0.3
5ff7565cdb056b4bdcb43d0ea2b5380d,3,5,0.0,14,0.21428571428571427
62447bb073160adcf6d6022240a3663c,0,14,0.07142857142857142,11,0.36363636363636365
62447bb073160adcf6d6022240a3663c,1,17,0.0,21,0.23809523809523808
62447bb073160adcf6d6022240a3663c,2,5,0.0,13,0.3076923076923077
62447bb073160adcf6d6022240a3663c,3,5,0.0,6,0.5
66d433e397ff7f3d460500704fd40a5a,0,18,0.1111111111111111,13,0.5384615384615384
6b88b1af662b72fbfa35004a8edfe2e9,0,15,0.13333333333333333,13,0.5384615384615384
6b88b1af662b72fbfa35004a8edfe2e9,1,11,0.09090909090909091,16,0.5625
6b88b1af662b72fbfa35004a8edfe2e9,2,10,0.1,13,0.07692307692307693
6b88b1af662b72fbfa35004a8edfe2e9,3,29,0.034482758620689655,37,0.1891891891891892
6b88b1af662b72fbfa35004a8edfe2e9,4plus,62,0.11290322580645161,66,0.36363636363636365
7114d91eccf418326f7a9a05943c04e1,0,13,0.0,11,0.18181818181818182
7114d91eccf418326f7a9a05943c04e1,1,17,0.0,14,0.21428571428571427
7114d91eccf418326f7a9a05943c04e1,2,25,0.04,23,0.34782608695652173
7114d91eccf418326f7a9a05943c04e1,3,7,0.0,19,0.15789473684210525
716ede53fbca27fbe1c1a55d6667c2b5,0,12,0.08333333333333333,14,0.35714285714285715
716ede53fbca27fbe1c1a55d6667c2b5,1,10,0.1,13,0.38461538461538464
716ede53fbca27fbe1c1a55d6667c2b5,2,30,0.06666666666666667,23,0.30434782608695654
716ede53fbca27fbe1c1a55d6667c2b5,3,27,0.18518518518518517,22,0.2727272727272727
716ede53fbca27fbe1c1a55d6667c2b5,4plus,16,0.3125,49,0.4489795918367347
7995e00051a2fe6aeed7cfdbe0378c01,0,15,0.0,16,0.125
7995e00051a2fe6aeed7cfdbe0378c01,1,15,0.0,24,0.041666666666666664
7995e00051a2fe6aeed7cfdbe0378c01,2,9,0.0,7,0.2857142857142857
79d0a75ad3523955b8d0e01198d6e9c9,0,11,0.45454545454545453,14,0.8571428571428571
7c271f1e1351e6433b202d77b88012c2,0,15,0.06666666666666667,8,0.125
7c271f1e1351e6433b202d77b88012c2,1,16,0.0,8,0.25
7cade3ea25dae25fdb8c56776676b0c7,0,12,0.25,11,0.5454545454545454
7cade3ea25dae25fdb8c56776676b0c7,1,7,0.14285714285714285,10,0.5
7cade3ea25dae25fdb8c56776676b0c7,2,17,0.0,19,0.15789473684210525
7cade3ea25dae25fdb8c56776676b0c7,3,31,0.03225806451612903,32,0.25
7cade3ea25dae25fdb8c56776676b0c7,4plus,27,0.25925925925925924,39,0.358974358974359
8188326fb0a403be03ea632997c8a959,0,10,0.0,12,0.6666666666666666
8188326fb0a403be03ea632997c8a959,1,14,0.0,5,0.4
8188326fb0a403be03ea632997c8a959,2,10,0.1,26,0.07692307692307693
8188326fb0a403be03ea632997c8a959,3,22,0.0,34,0.23529411764705882
8188326fb0a403be03ea632997c8a959,4plus,11,0.0,22,0.3181818181818182
81c620b2538435926cbbf15745ef5901,0,11,0.09090909090909091,12,0.25
81c620b2538435926cbbf15745ef5901,1,17,0.058823529411764705,18,0.0
81c620b2538435926cbbf15745ef5901,2,10,0.1,10,0.3
862442166e956fe0e8355db8852d9440,0,16,0.0625,9,0.3333333333333333
862442166e956fe0e8355db8852d9440,1,12,0.08333333333333333,16,0.1875
862442166e956fe0e8355db8852d9440,2,14,0.0,25,0.24
862442166e956fe0e8355db8852d9440,3,32,0.09375,26,0.11538461538461539
862442166e956fe0e8355db8852d9440,4plus,45,0.1111111111111111,69,0.2028985507246377
8750b9ee0b0c6c6afcfcb2a05e60efc0,0,13,0.07692307692307693,13,0.46153846153846156
8750b9ee0b0c6c6afcfcb2a05e60efc0,1,9,0.0,11,0.5454545454545454
8750b9ee0b0c6c6afcfcb2a05e60efc0,2,17,0.058823529411764705,27,0.2222222222222222
8750b9ee0b0c6c6afcfcb2a05e60efc0,3,29,0.13793103448275862,18,0.2777777777777778
8750b9ee0b0c6c6afcfcb2a05e60efc0,4plus,15,0.26666666666666666,45,0.4444444444444444
88d0ee0029bee810e1d0fe37f73e2d3b,0,14,0.14285714285714285,14,0.42857142857142855
88d0ee0029bee810e1d0fe37f73e2d3b,1,17,0.0,29,0.2413793103448276
88d0ee0029bee810e1d0fe37f73e2d3b,2,22,0.045454545454545456,14,0.2857142857142857
8d2e05da5624875993cb8580c88334a9,0,10,0.1,7,0.2857142857142857
8d2e05da5624875993cb8580c88334a9,1,16,0.0625,12,0.16666666666666666
8d2e05da5624875993cb8580c88334a9,2,21,0.047619047619047616,25,0.08
8d2e05da5624875993cb8580c88334a9,3,26,0.0,34,0.14705882352941177
8d2e05da5624875993cb8580c88334a9,4plus,9,0.3333333333333333,31,0.3225806451612903
8dbfb7aeb4ed822b358347332ba630af,0,15,0.0,14,0.2857142857142857
8dbfb7aeb4ed822b358347332ba630af,1,9,0.0,15,0.13333333333333333
8dbfb7aeb4ed822b358347332ba630af,2,16,0.0,16,0.1875
8dbfb7aeb4ed822b358347332ba630af,3,31,0.03225806451612903,35,0.11428571428571428
8dbfb7aeb4ed822b358347332ba630af,4plus,64,0.046875,74,0.12162162162162163
9158e16be84a6db4d63d3289099f119b,0,12,0.0,13,0.15384615384615385
9158e16be84a6db4d63d3289099f119b,1,19,0.05263157894736842,15,0.26666666666666666
9158e16be84a6db4d63d3289099f119b,2,20,0.0,20,0.25
9158e16be84a6db4d63d3289099f119b,3,17,0.058823529411764705,24,0.375
9158e16be84a6db4d63d3289099f119b,4plus,10,0.0,30,0.06666666666666667
919c7b9859d8ce7cab47dab2463e7fab,0,13,0.0,12,0.25
919c7b9859d8ce7cab47dab2463e7fab,1,23,0.043478260869565216,20,0.15
919c7b9859d8ce7cab47dab2463e7fab,2,15,0.06666666666666667,30,0.0
919c7b9859d8ce7cab47dab2463e7fab,3,14,0.0,8,0.0
92e94ed55b4de8feaff9462a66e2dbd7,0,10,0.1,9,0.2222222222222222
92e94ed55b4de8feaff9462a66e2dbd7,1,19,0.0,19,0.15789473684210525
92e94ed55b4de8feaff9462a66e2dbd7,2,22,0.18181818181818182,27,0.1111111111111111
92e94ed55b4de8feaff9462a66e2dbd7,3,5,0.2,14,0.21428571428571427
9715c9bc57db04a2506acfdab71ec1c6,0,12,0.0,11,0.18181818181818182
9715c9bc57db04a2506acfdab71ec1c6,1,22,0.0,22,0.13636363636363635
9715c9bc57db04a2506acfdab71ec1c6,2,13,0.0,16,0.1875
981569adf232c53afe751c8c660db8d9,0,9,0.0,11,0.0
981569adf232c53afe751c8c660db8d9,1,15,0.0,23,0.0
981569adf232c53afe751c8c660db8d9,2,30,0.0,28,0.17857142857142858
981569adf232c53afe751c8c660db8d9,3,12,0.08333333333333333,13,0.07692307692307693
981569adf232c53afe751c8c660db8d9,4plus,7,0.14285714285714285,10,0.0
9aab42397bbc1d1cdb49f7044dc990f0,0,14,0.07142857142857142,13,0.38461538461538464
9aab42397bbc1d1cdb49f7044dc990f0,1,18,0.0,14,0.21428571428571427
9aab42397bbc1d1cdb49f7044dc990f0,2,15,0.0,26,0.11538461538461539
9aab42397bbc1d1cdb49f7044dc990f0,3,25,0.08,24,0.16666666666666666
9cc7970100d8e4c2202f08cb78c6eb20,0,15,0.06666666666666667,12,0.08333333333333333
9cc7970100d8e4c2202f08cb78c6eb20,1,20,0.05,16,0.0625
9cc7970100d8e4c2202f08cb78c6eb20,2,12,0.08333333333333333,22,0.0
9cc7970100d8e4c2202f08cb78c6eb20,3,10,0.0,11,0.09090909090909091
9d67ea34034038d9a33cf7ac63b7ac65,1,12,0.0,23,0.13043478260869565
9eb47624e1e418bfac8b4fcc3a44a36b,0,15,0.06666666666666667,18,0.05555555555555555
9eb47624e1e418bfac8b4fcc3a44a36b,1,7,0.0,12,0.25
9f0564f5cabe643e4dbb08b80d3cc241,0,15,0.06666666666666667,12,0.08333333333333333
9f0564f5cabe643e4dbb08b80d3cc241,1,18,0.05555555555555555,29,0.06896551724137931
9f0564f5cabe643e4dbb08b80d3cc241,2,19,0.0,14,0.0
9f0564f5cabe643e4dbb08b80d3cc241,3,14,0.07142857142857142,17,0.058823529411764705
9f0564f5cabe643e4dbb08b80d3cc241,4plus,6,0.0,8,0.125
a09b9ee7f937939ee25c24ef8c2e91be,0,15,0.06666666666666667,14,0.14285714285714285
a09b9ee7f937939ee25c24ef8c2e91be,1,12,0.0,26,0.34615384615384615
a09b9ee7f937939ee25c24ef8c2e91be,2,19,0.05263157894736842,17,0.23529411764705882
a09b9ee7f937939ee25c24ef8c2e91be,3,5,0.2,10,0.1
a55554e941cb93c23d1522f88fd0d004,0,7,0.0,11,0.2727272727272727
a55554e941cb93c23d1522f88fd0d004,1,24,0.041666666666666664,23,0.13043478260869565
a55554e941cb93c23d1522f88fd0d004,2,25,0.04,21,0.23809523809523808
a616a546264044ed616bc2bdf2d9f7fc,0,12,0.0,10,0.5
a616a546264044ed616bc2bdf2d9f7fc,1,11,0.0,18,0.5
a616a546264044ed616bc2bdf2d9f7fc,2,23,0.0,17,0.11764705882352941
a616a546264044ed616bc2bdf2d9f7fc,3,22,0.0,31,0.22580645161290322
a616a546264044ed616bc2bdf2d9f7fc,4plus,29,0.034482758620689655,30,0.3333333333333333
a691dd0d8274fa85ecdc7d5ad6df1628,0,12,0.08333333333333333,11,0.2727272727272727
a691dd0d8274fa85ecdc7d5ad6df1628,1,12,0.08333333333333333,21,0.19047619047619047
a691dd0d8274fa85ecdc7d5ad6df1628,2,30,0.03333333333333333,26,0.038461538461538464
a691dd0d8274fa85ecdc7d5ad6df1628,3,6,0.0,8,0.125
a6d19ebcb27f61cbf41a6552fbf68676,0,9,0.0,11,0.5454545454545454
a6d19ebcb27f61cbf41a6552fbf68676,1,18,0.05555555555555555,18,0.4444444444444444
a6d19ebcb27f61cbf41a6552fbf68676,2,16,0.125,27,0.2222222222222222
a6d19ebcb27f61cbf41a6552fbf68676,3,12,0.16666666666666666,9,0.4444444444444444
a9d508d218799f9dc69bb4aefc122cb3,0,13,0.15384615384615385,14,0.2857142857142857
a9d508d218799f9dc69bb4aefc122cb3,1,7,0.0,9,0.4444444444444444
a9d508d218799f9dc69bb4aefc122cb3,2,23,0.13043478260869565,29,0.034482758620689655
a9d508d218799f9dc69bb4aefc122cb3,3,39,0.02564102564102564,28,0.03571428571428571
a9d508d218799f9dc69bb4aefc122cb3,4plus,13,0.15384615384615385,33,0.21212121212121213
a9e141baa8b4ec825325397b16eeaae3,0,16,0.0625,9,0.4444444444444444
a9e141baa8b4ec825325397b16eeaae3,1,10,0.0,20,0.3
a9e141baa8b4ec825325397b16eeaae3,2,17,0.11764705882352941,18,0.16666666666666666
a9e141baa8b4ec825325397b16eeaae3,3,32,0.0,26,0.11538461538461539
a9e141baa8b4ec825325397b16eeaae3,4plus,34,0.029411764705882353,54,0.3333333333333333
afbb3b11f728a54ad1eb3ca34f602779,0,17,0.0,10,0.2
afbb3b11f728a54ad1eb3ca34f602779,1,17,0.0,21,0.23809523809523808
afbb3b11f728a54ad1eb3ca34f602779,2,7,0.0,23,0.0
b2539b1f80254243391774489b1328aa,0,12,0.0,13,0.0
b2539b1f80254243391774489b1328aa,1,17,0.0,25,0.04
b4972b48997defae8304bc9c41220c7c,0,14,0.07142857142857142,12,0.4166666666666667
b4972b48997defae8304bc9c41220c7c,1,9,0.1111111111111111,19,0.42105263157894735
b4972b48997defae8304bc9c41220c7c,2,13,0.0,18,0.16666666666666666
b4972b48997defae8304bc9c41220c7c,3,32,0.0625,24,0.125
b4972b48997defae8304bc9c41220c7c,4plus,54,0.1111111111111111,75,0.26666666666666666
b704e8b10f13e14494b5a7a0ba39d9d9,0,16,0.0,13,0.3076923076923077
b704e8b10f13e14494b5a7a0ba39d9d9,1,9,0.1111111111111111,19,0.15789473684210525
b704e8b10f13e14494b5a7a0ba39d9d9,2,18,0.05555555555555555,16,0.1875
b704e8b10f13e14494b5a7a0ba39d9d9,3,33,0.06060606060606061,25,0.12
b704e8b10f13e14494b5a7a0ba39d9d9,4plus,52,0.019230769230769232,79,0.16455696202531644
be8de71502987819afd4c2ceea71c539,0,11,0.2727272727272727,6,0.16666666666666666
be8de71502987819afd4c2ceea71c539,1,14,0.07142857142857142,17,0.29411764705882354
be8de71502987819afd4c2ceea71c539,2,19,0.0,28,0.03571428571428571
be8de71502987819afd4c2ceea71c539,3,26,0.038461538461538464,14,0.42857142857142855
bf33cc26f29bf266a83e35901fa80c9c,0,11,0.09090909090909091,13,0.15384615384615385
bf33cc26f29bf266a83e35901fa80c9c,1,14,0.0,21,0.14285714285714285
bf33cc26f29bf266a83e35901fa80c9c,2,25,0.0,25,0.04
bf33cc26f29bf266a83e35901fa80c9c,3,25,0.0,13,0.07692307692307693
c35e24eefa840ac2009279f1efc52288,0,14,0.0,11,0.09090909090909091
c35e24eefa840ac2009279f1efc52288,1,14,0.0,27,0.2222222222222222
c35e24eefa840ac2009279f1efc52288,2,20,0.05,18,0.05555555555555555
c48b7a4426e8cbee3f7dbfe8b87d1d89,0,8,0.0,9,0.3333333333333333
c48b7a4426e8cbee3f7dbfe8b87d1d89,1,13,0.0,21,0.2857142857142857
c48b7a4426e8cbee3f7dbfe8b87d1d89,2,29,0.10344827586206896,22,0.18181818181818182
c48b7a4426e8cbee3f7dbfe8b87d1d89,3,20,0.2,15,0.2
c48b7a4426e8cbee3f7dbfe8b87d1d89,4plus,6,0.5,7,0.2857142857142857
c4a19cbeb409639c836e4304976db0aa,0,15,0.06666666666666667,11,0.2727272727272727
c4a19cbeb409639c836e4304976db0aa,1,13,0.07692307692307693,17,0.4117647058823529
c4a19cbeb409639c836e4304976db0aa,2,7,0.0,21,0.19047619047619047
c4a19cbeb409639c836e4304976db0aa,3,45,0.044444444444444446,30,0.1
c4a19cbeb409639c836e4304976db0aa,4plus,41,0.0975609756097561,68,0.1323529411764706
c71a18e33d4b7c73c8124c65fc3e6f1c,0,14,0.0,16,0.1875
c71a18e33d4b7c73c8124c65fc3e6f1c,1,17,0.0,26,0.23076923076923078
c71a18e33d4b7c73c8124c65fc3e6f1c,2,16,0.125,12,0.08333333333333333
c877324e95024e707ae23f0aed947e15,0,14,0.07142857142857142,14,0.21428571428571427
c877324e95024e707ae23f0aed947e15,1,16,0.0625,10,0.0
c877324e95024e707ae23f0aed947e15,2,13,0.07692307692307693,29,0.10344827586206896
c877324e95024e707ae23f0aed947e15,3,9,0.0,13,0.46153846153846156
cb2a49a747f8989ee0356ec7ac354177,0,9,0.0,11,0.2727272727272727
cb2a49a747f8989ee0356ec7ac354177,1,16,0.0625,18,0.2222222222222222
cb2a49a747f8989ee0356ec7ac354177,2,29,0.0,25,0.04
cb2a49a747f8989ee0356ec7ac354177,3,9,0.0,19,0.15789473684210525
d1918db937d26e9e4ccd3e17e1ff0e2d,0,8,0.125,9,0.5555555555555556
d1918db937d26e9e4ccd3e17e1ff0e2d,1,21,0.14285714285714285,23,0.391304347826087
d1918db937d26e9e4ccd3e17e1ff0e2d,2,22,0.045454545454545456,26,0.15384615384615385
d1918db937d26e9e4ccd3e17e1ff0e2d,4plus,5,0.0,5,0.0
d297f2f746c4fd2723f3202fafcbfa1a,0,8,0.125,13,0.07692307692307693
d297f2f746c4fd2723f3202fafcbfa1a,1,24,0.0,25,0.08
d297f2f746c4fd2723f3202fafcbfa1a,2,8,0.0,15,0.26666666666666666
d33850e3698903061b4c18886ce00c9d,0,10,0.2,7,0.14285714285714285
d33850e3698903061b4c18886ce00c9d,1,11,0.09090909090909091,20,0.35
d33850e3698903061b4c18886ce00c9d,2,30,0.13333333333333333,27,0.18518518518518517
d33850e3698903061b4c18886ce00c9d,3,13,0.07692307692307693,11,0.18181818181818182
d33850e3698903061b4c18886ce00c9d,4plus,5,0.0,10,0.3
da6b584c30e784d15b54ad124a760b19,0,14,0.0,10,0.1
da6b584c30e784d15b54ad124a760b19,1,19,0.0,22,0.18181818181818182
da6b584c30e784d15b54ad124a760b19,2,7,0.0,15,0.06666666666666667
da96492ebd43c4a193238d6c3205cc40,0,15,0.06666666666666667,11,0.36363636363636365
da96492ebd43c4a193238d6c3205cc40,1,13,0.07692307692307693,12,0.3333333333333333
da96492ebd43c4a193238d6c3205cc40,2,17,0.058823529411764705,24,0.20833333333333334
da96492ebd43c4a193238d6c3205cc40,3,26,0.0,26,0.11538461538461539
da96492ebd43c4a193238d6c3205cc40,4plus,26,0.07692307692307693,53,0.16981132075471697
dc6de349945f10a4a296bb50d34fc504,0,16,0.0625,14,0.5
dc77e7e26c0e5e3a5c44ec2de0cedbde,0,17,0.058823529411764705,13,0.07692307692307693
dc77e7e26c0e5e3a5c44ec2de0cedbde,1,17,0.058823529411764705,23,0.08695652173913043
dc77e7e26c0e5e3a5c44ec2de0cedbde,2,22,0.09090909090909091,24,0.16666666666666666
dc77e7e26c0e5e3a5c44ec2de0cedbde,3,25,0.0,25,0.04
df7f047e9886cfa1c0892c97f15d4146,0,14,0.14285714285714285,12,0.16666666666666666
e3edf631650eb304cf386709b98005f6,0,16,0.0,12,0.16666666666666666
e3edf631650eb304cf386709b98005f6,1,8,0.0,24,0.125
e3edf631650eb304cf386709b98005f6,2,19,0.21052631578947367,8,0.125
e3edf631650eb304cf386709b98005f6,3,28,0.03571428571428571,38,0.2631578947368421
e3edf631650eb304cf386709b98005f6,4plus,18,0.0,32,0.1875
e67d818ee0546f3b33d0ba2083ed4db5,0,13,0.07692307692307693,8,0.375
e67d818ee0546f3b33d0ba2083ed4db5,1,11,0.0,15,0.3333333333333333
e67d818ee0546f3b33d0ba2083ed4db5,2,28,0.03571428571428571,23,0.21739130434782608
e67d818ee0546f3b33d0ba2083ed4db5,3,22,0.18181818181818182,25,0.32
e67d818ee0546f3b33d0ba2083ed4db5,4plus,9,0.2222222222222222,37,0.24324324324324326
e7ec114c2ec166155149062023617e8b,0,12,0.08333333333333333,15,0.06666666666666667
e7ec114c2ec166155149062023617e8b,1,17,0.0,9,0.1111111111111111
e7ec114c2ec166155149062023617e8b,2,22,0.0,19,0.15789473684210525
e7ec114c2ec166155149062023617e8b,3,16,0.0,23,0.08695652173913043
e7ec114c2ec166155149062023617e8b,4plus,13,0.0,48,0.16666666666666666
e8965581e1be78ac9a3145b6983ff6ec,0,13,0.07692307692307693,12,0.25
e8965581e1be78ac9a3145b6983ff6ec,1,14,0.0,17,0.4117647058823529
e8965581e1be78ac9a3145b6983ff6ec,2,16,0.0625,27,0.1111111111111111
e8965581e1be78ac9a3145b6983ff6ec,3,35,0.02857142857142857,26,0.07692307692307693
e8965581e1be78ac9a3145b6983ff6ec,4plus,20,0.15,47,0.23404255319148937
e939d818a5192f48fc4b73102e3aa4b9,0,12,0.0,12,0.4166666666666667
e939d818a5192f48fc4b73102e3aa4b9,1,22,0.0,15,0.2
e939d818a5192f48fc4b73102e3aa4b9,2,9,0.0,22,0.22727272727272727
e989d8fdc91de7e6ffbb72a2f5ac79f6,0,15,0.0,11,0.18181818181818182
e989d8fdc91de7e6ffbb72a2f5ac79f6,1,9,0.0,19,0.5263157894736842
e989d8fdc91de7e6ffbb72a2f5ac79f6,2,22,0.09090909090909091,27,0.25925925925925924
e989d8fdc91de7e6ffbb72a2f5ac79f6,3,24,0.041666666666666664,19,0.21052631578947367
e989d8fdc91de7e6ffbb72a2f5ac79f6,4plus,19,0.10526315789473684,31,0.3225806451612903
ea7df0c99b450ecdea38cf34ae1f158f,0,8,0.0,13,0.3076923076923077
ea7df0c99b450ecdea38cf34ae1f158f,1,19,0.05263157894736842,19,0.15789473684210525
ea7df0c99b450ecdea38cf34ae1f158f,2,22,0.09090909090909091,23,0.08695652173913043
ea7df0c99b450ecdea38cf34ae1f158f,3,5,0.2,16,0.25
ecace029de4a6bd4ae872928509cd71d,0,7,0.0,7,0.2857142857142857
ecace029de4a6bd4ae872928509cd71d,1,22,0.045454545454545456,23,0.391304347826087
ecace029de4a6bd4ae872928509cd71d,2,20,0.0,27,0.07407407407407407
ecace029de4a6bd4ae872928509cd71d,3,8,0.0,12,0.16666666666666666
ecace029de4a6bd4ae872928509cd71d,4plus,6,0.0,8,0.125
ef2896a95abe2a2b4cfee245dc1e36ec,0,7,0.14285714285714285,9,0.3333333333333333
ef2896a95abe2a2b4cfee245dc1e36ec,1,26,0.038461538461538464,27,0.2962962962962963
ef2896a95abe2a2b4cfee245dc1e36ec,2,18,0.3333333333333333,17,0.29411764705882354
ef2896a95abe2a2b4cfee245dc1e36ec,3,10,0.2,6,0.6666666666666666
efe899b321b96d852776427476f14a06,0,20,0.05,15,0.3333333333333333
efe899b321b96d852776427476f14a06,1,14,0.0,16,0.25
efe899b321b96d852776427476f14a06,2,10,0.1,27,0.14814814814814814
f292a4101ca0420357a2d18b3a013e5f,0,14,0.07142857142857142,13,0.3076923076923077
f292a4101ca0420357a2d18b3a013e5f,1,10,0.0,18,0.1111111111111111
f292a4101ca0420357a2d18b3a013e5f,2,21,0.09523809523809523,26,0.038461538461538464
f292a4101ca0420357a2d18b3a013e5f,3,26,0.0,21,0.2857142857142857
f292a4101ca0420357a2d18b3a013e5f,4plus,6,0.16666666666666666,15,0.2
f3a9ac312f7bc4e2467a1bf02a6aa1e9,0,11,0.0,16,0.1875
f3a9ac312f7bc4e2467a1bf02a6aa1e9,1,19,0.0,11,0.45454545454545453
f3a9ac312f7bc4e2467a1bf02a6aa1e9,2,20,0.0,30,0.13333333333333333
f3a9ac312f7bc4e2467a1bf02a6aa1e9,3,15,0.13333333333333333,7,0.0
f54d37fc4c4d4b285aa3601041abc938,0,12,0.16666666666666666,10,0.2
f54d37fc4c4d4b285aa3601041abc938,1,10,0.0,13,0.38461538461538464
f54d37fc4c4d4b285aa3601041abc938,2,12,0.0,20,0.15
f54d37fc4c4d4b285aa3601041abc938,3,31,0.03225806451612903,32,0.09375
f54d37fc4c4d4b285aa3601041abc938,4plus,40,0.15,49,0.22448979591836735
f7734bb329cacfe21ce854ae822b6115,0,13,0.0,16,0.375
f7734bb329cacfe21ce854ae822b6115,1,12,0.08333333333333333,13,0.23076923076923078
f7734bb329cacfe21ce854ae822b6115,2,22,0.045454545454545456,22,0.3181818181818182
f7734bb329cacfe21ce854ae822b6115,3,13,0.07692307692307693,22,0.22727272727272727
f7734bb329cacfe21ce854ae822b6115,4plus,9,0.1111111111111111,20,0.05
fbaf4d5f0c18dc603a21aef31da59ee6,0,12,0.0,15,0.3333333333333333
fbaf4d5f0c18dc603a21aef31da59ee6,1,27,0.0,18,0.2222222222222222
fbaf4d5f0c18dc603a21aef31da59ee6,2,13,0.0,27,0.037037037037037035
fcf80028ec9bbf8efaee3932e529a78f,0,11,0.0,9,0.3333333333333333
fcf80028ec9bbf8efaee3932e529a78f,1,21,0.0,27,0.037037037037037035
fcf80028ec9bbf8efaee3932e529a78f,2,6,0.0,12,0.16666666666666666
