period,month,tps_bucket,size,mean,dropout
test,2025-10,<=8,845,0.7538461538461538,0.24615384615384617
test,2025-10,8-15,720,0.9763888888888889,0.023611111111111138
test,2025-10,15-25,531,0.9981167608286252,0.0018832391713747842
test,2025-10,25-40,195,1.0,0.0
test,2025-10,>40,62,1.0,0.0
test,2025-11,<=8,281,0.6583629893238434,0.3416370106761566
test,2025-11,8-15,396,0.9292929292929293,0.07070707070707072
test,2025-11,15-25,439,0.9840546697038725,0.015945330296127547
test,2025-11,25-40,299,0.9933110367892977,0.006688963210702337
test,2025-11,>40,308,0.9837662337662337,0.016233766233766267
test,2025-12,<=8,146,0.6232876712328768,0.37671232876712324
test,2025-12,8-15,171,0.8713450292397661,0.1286549707602339
test,2025-12,15-25,230,0.9782608695652174,0.021739130434782594
test,2025-12,25-40,278,0.9712230215827338,0.02877697841726623
test,2025-12,>40,719,0.9916550764951322,0.008344923504867818
test,2026-01,<=8,346,0.7109826589595376,0.2890173410404624
test,2026-01,8-15,586,0.9232081911262798,0.07679180887372017
test,2026-01,15-25,583,0.9622641509433962,0.037735849056603765
test,2026-01,25-40,319,0.9968652037617555,0.0031347962382445305
test,2026-01,>40,250,1.0,0.0
test,2026-02,<=8,1004,0.8077689243027888,0.1922310756972112
test,2026-02,8-15,617,0.9611021069692058,0.03889789303079416
test,2026-02,15-25,303,0.9834983498349835,0.01650165016501648
test,2026-02,25-40,111,0.990990990990991,0.009009009009009028
test,2026-02,>40,43,1.0,0.0
test,2026-03,<=8,550,0.850909090909091,0.14909090909090905
test,2026-03,8-15,281,0.9893238434163701,0.010676156583629859
test,2026-03,15-25,183,1.0,0.0
test,2026-03,25-40,163,1.0,0.0
test,2026-03,>40,115,1.0,0.0
train,2025-04,<=8,92,0.5434782608695652,0.4565217391304348
train,2025-04,8-15,103,0.7475728155339806,0.2524271844660194
train,2025-04,15-25,201,0.900497512437811,0.09950248756218905
train,2025-04,25-40,239,0.9539748953974896,0.046025104602510414
train,2025-04,>40,590,0.9983050847457627,0.0016949152542372614
train,2025-05,<=8,174,0.39655172413793105,0.603448275862069
train,2025-05,8-15,232,0.7543103448275862,0.2456896551724138
train,2025-05,15-25,334,0.9221556886227545,0.07784431137724546
train,2025-05,25-40,378,0.9867724867724867,0.013227513227513255
train,2025-05,>40,488,0.9959016393442623,0.004098360655737654
train,2025-06,<=8,96,0.34375,0.65625
train,2025-06,8-15,203,0.6995073891625616,0.3004926108374384
train,2025-06,15-25,269,0.8513011152416357,0.14869888475836435
train,2025-06,25-40,257,0.933852140077821,0.06614785992217898
train,2025-06,>40,246,0.9796747967479674,0.020325203252032575
train,2025-07,<=8,187,0.46524064171123,0.53475935828877
train,2025-07,8-15,228,0.8245614035087719,0.17543859649122806
train,2025-07,15-25,376,0.9654255319148937,0.034574468085106336
train,2025-07,25-40,481,0.9916839916839917,0.008316008316008316
train,2025-07,>40,610,1.0,0.0
train,2025-08,<=8,250,0.424,0.5760000000000001
train,2025-08,8-15,280,0.7857142857142857,0.2142857142857143
train,2025-08,15-25,375,0.9013333333333333,0.09866666666666668
train,2025-08,25-40,400,0.9825,0.01749999999999996
train,2025-08,>40,545,0.9908256880733946,0.00917431192660545
train,2025-09,<=8,164,0.6036585365853658,0.39634146341463417
train,2025-09,8-15,243,0.8600823045267489,0.13991769547325106
train,2025-09,15-25,246,0.9390243902439024,0.060975609756097615
train,2025-09,25-40,211,0.995260663507109,0.004739336492891044
train,2025-09,>40,337,1.0,0.0
