week,first_d3,last_d3,pairs,films,median_tps,weak_tps_share,median_occ
2025-09-29/2025-10-05,2025-10-03,2025-10-04,401,5,22.3,0.1571072319201995,14.77
2025-10-06/2025-10-12,2025-10-06,2025-10-12,402,5,13.814285714285715,0.23880597014925373,10.11
2025-10-13/2025-10-19,2025-10-17,2025-10-19,378,5,13.805418719211822,0.25396825396825395,9.51
2025-10-20/2025-10-26,2025-10-24,2025-10-26,505,6,13.5,0.31287128712871287,8.98
2025-10-27/2025-11-02,2025-10-31,2025-11-02,484,8,10.055555555555555,0.40082644628099173,7.0
2025-11-03/2025-11-09,2025-11-07,2025-11-09,471,5,23.0,0.07218683651804671,14.14
2025-11-10/2025-11-16,2025-11-14,2025-11-15,479,5,30.2,0.05845511482254697,20.85
2025-11-17/2025-11-23,2025-11-21,2025-11-23,340,5,17.700000000000003,0.10588235294117647,12.09
2025-11-24/2025-11-30,2025-11-28,2025-11-29,328,4,46.16666666666667,0.07926829268292683,32.815
2025-12-01/2025-12-07,2025-12-05,2025-12-07,311,7,33.0,0.12218649517684887,25.73
2025-12-08/2025-12-14,2025-12-12,2025-12-13,252,4,27.958333333333336,0.1111111111111111,19.82
2025-12-15/2025-12-21,2025-12-19,2025-12-20,266,2,73.88888888888889,0.015037593984962405,52.21
2025-12-22/2025-12-28,2025-12-26,2025-12-26,378,5,47.36666666666667,0.005291005291005291,32.5
2025-12-29/2026-01-04,2026-01-02,2026-01-04,307,4,40.8,0.016286644951140065,27.19
2026-01-05/2026-01-11,2026-01-09,2026-01-11,387,6,19.142857142857142,0.09043927648578812,13.13
2026-01-12/2026-01-18,2026-01-16,2026-01-17,474,6,30.55,0.0949367088607595,21.58
2026-01-19/2026-01-25,2026-01-19,2026-01-25,580,7,26.3,0.10689655172413794,16.31
2026-01-26/2026-02-01,2026-01-26,2026-02-01,472,7,19.8,0.0847457627118644,13.13
2026-02-02/2026-02-08,2026-02-06,2026-02-08,461,8,8.666666666666666,0.4685466377440347,5.97
2026-02-09/2026-02-15,2026-02-13,2026-02-15,502,7,13.0,0.26693227091633465,8.4
2026-02-16/2026-02-22,2026-02-19,2026-02-22,386,6,10.686274509803921,0.4067357512953368,6.7
2026-02-23/2026-03-01,2026-02-27,2026-03-01,508,7,9.488095238095237,0.421259842519685,5.57
2026-03-02/2026-03-08,2026-03-02,2026-03-08,489,7,7.0,0.591002044989775,4.16
2026-03-09/2026-03-15,2026-03-13,2026-03-13,181,3,3.0,0.9281767955801105,1.58
2026-03-16/2026-03-22,2026-03-20,2026-03-20,631,6,22.6,0.06973058637083994,13.39
