cinema_ids,total_ticket
015555fbcd8faef6b55a854605df0a87,1.9735801805463593
0191582d75f94a412c0fa12d36bcee3f,1.893899140082323
0318cab65e5a4dbb61243ab4747fb621,3.443208573516278
04a2de432a8901363a05137a8e8de1d2,2.3048172757475083
073b764928864ed8fa0b6b115bfdd685,2.394919953492532
09ff932202ae245655ae248642132086,1.0082435003170578
0a8777c6c78e2d102bdf459f8550cf93,3.088867983693948
108f9a4d181f12fd1b7e3c9adae38478,2.4107003984269326
1240789770bc04e7d26e5fa31c075ced,1.7771628245116204
14b63ff2b104903ead7d884f25382e57,1.8895053994391744
15c7dc37db27dd76f38cc419107f7c48,2.6157616558892136
17e1e7da761f72bbb4e039ba08cc0ba0,2.312698159661335
19f506af810fe579721721d058f6b243,2.0218608575592545
202dbf4df0e433f092fca1aa8162c400,2.266772908366534
218c50fa4df90b3241e39ff8ffb41102,2.2106785141565237
2318d3c719302ff137eb1b53fb32f0c8,2.135696931521641
25e1c125bdd513aa2355a8e558a1a908,3.544134396355353
26a644178fbdb277dc3c50997f6df7fe,2.346733019565498
26d1d720bc7e60c1b1a56630e3ba2c5d,4.114004510969858
29fc89ab155e9f202326046c2e0023bb,1.705936460765584
2e0ec493a87e740511b7b565386c06fe,3.143314454567841
312cd6ebdd3af9ac55f7b3d31ecab9c2,2.217155919153032
35de0354d956048d1c9c49ff069eaa55,1.9252667905495089
3744d5b8753c9cc72700ce7927fa0df3,2.3483976321698306
3acdf298dab1b92bbaaad74d86c0c40a,2.4095626415751874
3afae5dea7356f64f70605334bef46a7,3.230940803854218
3c41b96b56b0aab1ed5fc5e703499730,2.7004386161883804
3cc167017755a0197f18f93595c9ae85,2.827699970889802
3f6093566521149f8e37fa4e3fafe7cc,1.5012669409768231
45f553cca86b28fedd6115abdd0ae734,4.399657534246575
490346a8a068ba7d2e3764714c6d5323,2.0187484866304612
494c8f1916a97efe3390ba9dbab6ce7d,2.9087235731293744
4a4c71e99772e87c9e35a56acd8be21e,2.8969210174029447
4a61d7e09bbe3868d79af81be96ed6ee,0.860479409956976
4ba87a86e02dd8a810032db35bf13c51,2.7619967793880837
4e12b237c826209f7ddc5b29a96380b6,2.3149825059242146
4eb26b1058266dc50a63dc875e4d8846,2.1006391396976767
4ed104ac0de10ba7eef50158603e0b32,1.6728442059404667
4fc3fc370b299876663c7d5c90595853,1.791050536726571
52eed153a88a6bdcb46cbb266a07cba2,1.730433768513574
53b77c875c67b68561415f23065e6e8d,0.5450399087799316
541130ea8083a789df5d15bbfe13055a,1.6986984762045887
57d37d0d839b9dff6f87d6b5d5b679cc,2.067562140211522
580919d632e55fd9736ae1a2ac6ed0c5,2.37585906495015
592095e0ddc2c230cf3002d72e9bac41,2.904527117884357
5a894958f375392ce7981be2eb9a26be,2.9174324998218997
5b8eaa351fae8e6d1e759e814d74c1c5,2.4020836991513024
5ff7565cdb056b4bdcb43d0ea2b5380d,1.6940791714928118
62447bb073160adcf6d6022240a3663c,2.135376756066411
66d433e397ff7f3d460500704fd40a5a,1.3701791679319768
6b88b1af662b72fbfa35004a8edfe2e9,2.3691552248766183
7114d91eccf418326f7a9a05943c04e1,2.5303352943299524
716ede53fbca27fbe1c1a55d6667c2b5,2.2642490721259545
7995e00051a2fe6aeed7cfdbe0378c01,2.5203394790752123
79d0a75ad3523955b8d0e01198d6e9c9,1.4720496894409936
7c271f1e1351e6433b202d77b88012c2,3.0174966352624497
7cade3ea25dae25fdb8c56776676b0c7,3.024702276389276
8188326fb0a403be03ea632997c8a959,2.318836970395044
81c620b2538435926cbbf15745ef5901,2.718967921896792
862442166e956fe0e8355db8852d9440,1.9333523080408226
8750b9ee0b0c6c6afcfcb2a05e60efc0,2.3640901430242303
88d0ee0029bee810e1d0fe37f73e2d3b,1.98170812530376
8d2e05da5624875993cb8580c88334a9,2.538415814421362
8dbfb7aeb4ed822b358347332ba630af,1.557486725931073
9158e16be84a6db4d63d3289099f119b,2.522755695720733
919c7b9859d8ce7cab47dab2463e7fab,1.9343989651667746
92e94ed55b4de8feaff9462a66e2dbd7,2.0649343133283176
9715c9bc57db04a2506acfdab71ec1c6,3.2452511608273533
981569adf232c53afe751c8c660db8d9,2.0612153392330383
9aab42397bbc1d1cdb49f7044dc990f0,2.397961151673784
9cc7970100d8e4c2202f08cb78c6eb20,1.7668833125295917
9eb47624e1e418bfac8b4fcc3a44a36b,1.389539679920805
9f0564f5cabe643e4dbb08b80d3cc241,1.6043336010814413
a09b9ee7f937939ee25c24ef8c2e91be,2.3402651416688327
a55554e941cb93c23d1522f88fd0d004,3.500737800844655
a616a546264044ed616bc2bdf2d9f7fc,2.0662268922900426
a691dd0d8274fa85ecdc7d5ad6df1628,1.7334221822746363
a6d19ebcb27f61cbf41a6552fbf68676,2.4134865900383144
a9d508d218799f9dc69bb4aefc122cb3,1.2521574042112529
a9e141baa8b4ec825325397b16eeaae3,2.298340996101603
afbb3b11f728a54ad1eb3ca34f602779,2.0120293824063884
b2539b1f80254243391774489b1328aa,3.8618291761148904
b4972b48997defae8304bc9c41220c7c,2.166918824727581
b704e8b10f13e14494b5a7a0ba39d9d9,1.3729382609632583
be8de71502987819afd4c2ceea71c539,2.6256480795683
bf33cc26f29bf266a83e35901fa80c9c,2.517537776096505
c35e24eefa840ac2009279f1efc52288,2.9854725175977235
c48b7a4426e8cbee3f7dbfe8b87d1d89,2.8334279884731077
c4a19cbeb409639c836e4304976db0aa,2.18207007472461
c71a18e33d4b7c73c8124c65fc3e6f1c,1.03919255472539
c877324e95024e707ae23f0aed947e15,2.455754210499908
cb2a49a747f8989ee0356ec7ac354177,2.2406438002968985
d1918db937d26e9e4ccd3e17e1ff0e2d,3.4052403150618873
d297f2f746c4fd2723f3202fafcbfa1a,3.134392036027495
d33850e3698903061b4c18886ce00c9d,2.834212023516025
da6b584c30e784d15b54ad124a760b19,3.258677749557454
da96492ebd43c4a193238d6c3205cc40,2.066599475107523
dc6de349945f10a4a296bb50d34fc504,0.806910569105691
dc77e7e26c0e5e3a5c44ec2de0cedbde,1.144075468505436
df7f047e9886cfa1c0892c97f15d4146,1.0639534883720931
e3edf631650eb304cf386709b98005f6,1.3485115340006013
e67d818ee0546f3b33d0ba2083ed4db5,2.2824198132358915
e7ec114c2ec166155149062023617e8b,2.3259653449282887
e8965581e1be78ac9a3145b6983ff6ec,1.622250039117509
e939d818a5192f48fc4b73102e3aa4b9,1.7816667166102305
e989d8fdc91de7e6ffbb72a2f5ac79f6,2.185323456790124
ea7df0c99b450ecdea38cf34ae1f158f,2.6632407054942266
ecace029de4a6bd4ae872928509cd71d,2.4371244223301685
ef2896a95abe2a2b4cfee245dc1e36ec,2.4315676519363967
efe899b321b96d852776427476f14a06,1.52346399023464
f292a4101ca0420357a2d18b3a013e5f,1.8001791579575992
f3a9ac312f7bc4e2467a1bf02a6aa1e9,2.2661308327751732
f54d37fc4c4d4b285aa3601041abc938,2.444196400576911
f7734bb329cacfe21ce854ae822b6115,2.8849205053703764
fbaf4d5f0c18dc603a21aef31da59ee6,2.3245197628944587
fcf80028ec9bbf8efaee3932e529a78f,2.7288833718896353
