period,movie_title,one_show,exact_100
test,MENGEJAR RESTU,20,5
test,TEMAN TEGAR MAIRA,16,3
test,ANACONDA,7,2
test,FIVE NIGHTS AT FREDDYS 2,23,2
test,MERTUA NGERI KALI,2,1
test,SEND HELP,1,1
test,"13 DAYS, 13 NIGHTS",15,0
test,28 YEARS LATER: THE BONE TEMPLE,27,0
test,5 CENTIMETERS PER SECOND (ANIMATION),9,0
test,5 CENTIMETERS PER SECOND (LIVE ACTION),8,0
test,AHLAN SINGAPORE,6,0
test,AIR MATA MUALAF,7,0
test,AIUEO MACAM BETOOL AJA,5,0
test,"ANTARA MAMA, CINTA DAN SURGA",9,0
test,ASRAMA PUTRI,8,0
test,BALAS BUDI,4,0
test,BELUM ADA JUDUL,11,0
test,BIDADARI SURGA,18,0
test,BLACK PHONE 2,12,0
test,BLADES OF THE GUARDIANS,5,0
test,CAUGHT STEALING,9,0
test,"CHECK OUT SEKARANG, PAY LATER (CAPER)",2,0
test,CRIME 101,14,0
test,DANUR: THE LAST CHAPTER,1,0
test,DANUR: THE LAST CHAPTER (IMAX 2D),1,0
test,DEATH WHISPERER 3,15,0
test,DOPAMIN,4,0
test,EPIC: ELVIS PRESLEY IN CONCERT (IMAX 2D),4,0
test,ESOK TANPA IBU,2,0
test,G-DRAGON IN CINEMA: UBERMENSCH,7,0
test,GETIH IRENG,2,0
test,GOAT,1,0
test,"GOOD LUCK, HAVE FUN, DONT DIE",23,0
test,GREENLAND 2 : MIGRATION,7,0
test,HAMNET,6,0
test,HOPPERS,4,0
test,HOPPERS (3D),2,0
test,HOPPERS (IMAX 2D),6,0
test,I WAS A STRANGER,32,0
test,JANGAN PANGGIL MAMA KAFIR,4,0
test,JANGAN SEPERTI BAPAK,5,0
test,JUARA SEJATI,14,0
test,KEADILAN (THE VERDICT),1,0
test,KEEPER,1,0
test,KUNCEN,2,0
test,LEGENDA KELAM MALIN KUNDANG,17,0
test,LIFT,5,0
test,MAJU SEREM MUNDUR HOROR,1,0
test,MALAM 3 YASINAN,3,0
test,MARIA,9,0
test,MARTY SUPREME,11,0
test,MENUJU PELAMINAN - THE ROAD TO MARRIAGE,4,0
test,MERCY,28,0
test,MERCY (IMAX 2D),2,0
test,MODUAL NEKAD,2,0
test,MOON THE PANDA,8,0
test,MURDER REPORT,6,0
test,NA WILLA,12,0
test,NIA,32,0
test,NOW YOU SEE ME: NOW YOU DONT,1,0
test,NUMBER ONE,7,0
test,ONCE WE WERE US,4,0
test,OZORA: PENGANIAYAAN BRUTAL PENGUASA JAKSEL,28,0
test,PANDA PLAN: THE MAGICAL TRIBE,3,0
test,PATAH HATI YANG KUPILIH,4,0
test,PELANGI DI MARS,3,0
test,PENGIN HIJRAH,4,0
test,PENUNGGU RUMAH: BUTO IJO,6,0
test,PESUGIHAN SATE GAGAK,2,0
test,PRIMATE,41,0
test,PROJECT Y,15,0
test,QORIN 2,1,0
test,RAJAH,7,0
test,RANGGA & CINTA,3,0
test,REGRETTING YOU,15,0
test,REMINDERS OF HIM,19,0
test,RIBA,6,0
test,ROSARIO,4,0
test,RUMAH TANPA CAHAYA,2,0
test,SADALI,19,0
test,SCREAM 7,6,0
test,SEBELUM DIJEMPUT NENEK,7,0
test,SENGKOLO PETAKA SATU SURO,3,0
test,SENIN HARGA NAIK,15,0
test,SHELTER,7,0
test,SHUTTER,2,0
test,SI PALING AKTOR,5,0
test,SISU: ROAD TO REVENGE,24,0
test,STOLEN GIRL,20,0
test,STRAY KIDS: THE DOMINATE EXPERIENCE,28,0
test,STRAY KIDS: THE DOMINATE EXPERIENCE (IMAX 2D),12,0
test,SUKA DUKA TAWA,13,0
test,SUZZANNA: SANTET DOSA DI ATAS DOSA,15,0
test,TAJ MAHAL: AN ETERNAL LOVE STORY,23,0
test,TANEUH KALAKNAT,10,0
test,THE BRIDE!,19,0
test,THE CARPENTERS SON,18,0
test,THE CURSED,4,0
test,THE HOUSEMAID,19,0
test,THE RUNNING MAN,30,0
test,THE SMASHING MACHINE,8,0
test,THE SPONGEBOB MOVIE: SEARCH FOR SQUAREPANTS,3,0
test,THE STRANGERS: CHAPTER 2,15,0
test,THE STRANGERS: CHAPTER 3,10,0
test,THE TOXIC AVENGER,47,0
test,TIN SOLDIER,21,0
test,TITIP BUNDA DI SURGA-MU,1,0
test,TRON: ARES,4,0
test,"TUHAN, BENARKAH KAU MENDENGARKU?",12,0
test,TUKAR TAKDIR,3,0
test,TUMBAL DARAH,2,0
test,TUNGGU AKU SUKSES NANTI,1,0
test,UANG PASSOLO,5,0
test,UNEXPECTED FAMILY,12,0
test,WASIAT WARISAN,12,0
test,WE BURY THE DEAD,24,0
test,"WE, EVERYDAY",5,0
test,WHISTLE,10,0
test,WICKED: FOR GOOD,6,0
test,WILDCAT,27,0
test,WUTHERING HEIGHTS,22,0
test,YAKIN NIKAH,1,0
test,ZOOTOPIA 2,3,0
train,THE CONJURING (REISSUE),66,17
train,LYORA: PENANTIAN BUAH HATI,2,2
train,SELEPAS TAHLIL,2,2
train,THE CONJURING 2 (REISSUE),69,2
train,ANAK MEDAN: COCOK KO RASA???,5,1
train,"BELIEVE - TAKDIR, MIMPI, KEBERANIAN",1,1
train,GAZA,1,1
train,THE CONJURING: THE DEVIL MADE ME DO IT (REISSUE),72,1
train,A BIG BOLD BEAUTIFUL JOURNEY,8,0
train,A MINECRAFT MOVIE,1,0
train,AFTERBURN,8,0
train,AGAPE THE UNCONDITIONAL LOVE,8,0
train,ARTI CINTA,2,0
train,ASSALAMUALAIKUM BEIJING 2: LOST IN NINGXIA,1,0
train,BAD GENIUS,10,0
train,BRIDE HARD,20,0
train,COCOTE TONGGO,8,0
train,DASIM,2,0
train,DENDAM MALAM KELAM,3,0
train,DOTI - TUMBAL ILMU HITAM,4,0
train,DRACULA: A LOVE TALE,11,0
train,DROP,7,0
train,ELIO,2,0
train,F1 THE MOVIE,3,0
train,FREAKIER FRIDAY,5,0
train,GAK NYANGKA..!!,5,0
train,GERBANG SETAN,1,0
train,GHOST TRAIN,1,0
train,HANYA NAMAMU DALAM DOAKU,26,0
train,HI-FIVE,2,0
train,HOME SWEET HOME: REBIRTH,13,0
train,HOTEL SAKURA,3,0
train,I KNOW WHAT YOU DID LAST SUMMER,3,0
train,INSYA ALLAH BERKAH,1,0
train,JADI TUH BARANG,1,0
train,JODOH 3 BUJANG,1,0
train,KARATE KID: LEGENDS,12,0
train,LEBIH DARI SELAMANYA,9,0
train,LILO & STITCH,30,0
train,LOCKED,3,0
train,LORONG KOST,1,0
train,M3GAN 2.0,5,0
train,MAMA: PESAN DARI NERAKA,1,0
train,MARYAM: JANJI DAN JIWA YANG TERIKAT,1,0
train,MATERIALISTS,11,0
train,MENDADAK DANGDUT,1,0
train,MENJELANG MAGRIB 2: WANITA YANG DI RANTAI,1,0
train,MUNGKIN KITA PERLU WAKTU,6,0
train,NOBODY 2,3,0
train,NOISE,6,0
train,OMNISCIENT READER: THE PROPHECY,2,0
train,PANGGILAN DARI KUBUR,1,0
train,PANJI TENGKORAK,16,0
train,PERANG KOTA,2,0
train,PEREMPUAN PEMBAWA SIAL,4,0
train,PINJAM 100 THE MOVIE,5,0
train,RABI JIWO,1,0
train,RED SONJA,12,0
train,REGO NYOWO,1,0
train,RELAY,16,0
train,RUMAH UNTUK ALIE,1,0
train,SAH! KATANYA...,6,0
train,SAYAP SAYAP PATAH 2: OLIVIA,4,0
train,SERIBU BAYANG PURNAMA,42,0
train,SHADOW FORCE,4,0
train,SINNERS,1,0
train,SOMEBODY,18,0
train,SYIRIK (DANYANG LAUT SELATAN),1,0
train,TABAYYUN,2,0
train,TAK INGIN USAI DI SINI,4,0
train,THARAE: THE EXORCIST,8,0
train,THE ACCOUNTANT 2,2,0
train,THE AMATEUR,6,0
train,THE BAD GUYS 2,40,0
train,THE KING OF KINGS,11,0
train,THE LONG WALK,9,0
train,THE NAKED GUN,26,0
train,THE SHADOWS EDGE,2,0
train,THE SUN GAZER: CINTA DARI LANGIT,3,0
train,TINGGAL MENINGGAL,13,0
train,UNTIL DAWN,6,0
train,WARFARE,5,0
train,WARKOP DKI KARTUN,5,0
train,WEAPONS,6,0
