movie_title,train_tickets
JUMBO,6121671
THE CONJURING: LAST RITES,2331666
SORE ISTRI DARI MASA DEPAN,2093539
KOMANG,2040446
PABRIK GULA UNCUT,2014392
JALAN PULANG,1956566
JURASSIC WORLD: REBIRTH,1719757
QODRAT 2,1665245
MISSION: IMPOSSIBLE - THE FINAL RECKONING,1485873
PENGEPUNGAN DI BUKIT DURI,1295496
DEMON SLAYER -KIMETSU NO YAIBA- THE MOVIE: INFINITY CASTLE,1267269
FINAL DESTINATION: BLOODLINES,1172837
SUPERMAN,1060523
THUNDERBOLTS*,1012191
HOW TO TRAIN YOUR DRAGON,879742
THE FANTASTIC FOUR: FIRST STEPS,849502
"BELIEVE - TAKDIR, MIMPI, KEBERANIAN",835413
WEAPONS,792213
THE SHADOWS EDGE,641835
ANDAI IBU TIDAK MENIKAH DENGAN AYAH,635675
PABRIK GULA,623055
"LA TAHZAN: CINTA, DOSA, LUKA...",607882
PANGGIL AKU AYAH,600983
KANG SOLAH FROM KANG MAK X NENEK GAYUNG,574710
SUKMA,562308
LILO & STITCH,524499
SIHIR PELAKOR,478579
PEMBANTAIAN DUKUN SANTET,469435
NORMA: ANTARA MERTUA DAN MENANTU,449902
KITAB SIJJIN & ILLIYYIN,420587
