period,show_bucket,pairs,median_tickets,median_tps,weak_tps_share
test,1,855,9.0,9.0,0.4678362573099415
test,2,1760,24.0,12.0,0.35
test,3-4,1936,53.0,15.666666666666666,0.25826446280991733
test,5-8,3393,123.0,22.6,0.1399941055113469
test,9-16,1461,280.0,24.666666666666668,0.1054072553045859
test,17plus,968,666.0,24.313725490196077,0.06921487603305786
train,1,469,19.0,19.0,0.232409381663113
train,2,1083,44.0,22.0,0.12280701754385964
train,3-4,1484,100.5,29.0,0.05997304582210242
train,5-8,2859,202.0,37.0,0.033927946834557535
train,9-16,1269,430.0,39.0,0.018124507486209612
train,17plus,824,1063.5,39.7625,0.006067961165048544
