movie_title,date_show,d,target_rows,positive_rows,tickets,shows
DENDAM MALAM KELAM,2025-05-31,4,56,50,6814.0,218.0
DENDAM MALAM KELAM,2025-06-01,5,56,27,1913.0,57.0
DENDAM MALAM KELAM,2025-06-02,6,56,30,1361.0,65.0
DENDAM MALAM KELAM,2025-06-03,7,56,37,1661.0,76.0
DENDAM MALAM KELAM,2025-06-04,8,56,28,1181.0,55.0
DENDAM MALAM KELAM,2025-06-05,9,56,11,187.0,14.0
DENDAM MALAM KELAM,2025-06-06,10,56,3,406.0,5.0
KARATE KID: LEGENDS,2025-05-31,4,108,107,45341.0,999.0
KARATE KID: LEGENDS,2025-06-01,5,108,90,13164.0,335.0
KARATE KID: LEGENDS,2025-06-02,6,108,90,5928.0,308.0
KARATE KID: LEGENDS,2025-06-03,7,108,82,5214.0,280.0
KARATE KID: LEGENDS,2025-06-04,8,108,57,3731.0,187.0
KARATE KID: LEGENDS,2025-06-05,9,108,23,3189.0,83.0
KARATE KID: LEGENDS,2025-06-06,10,108,33,11999.0,133.0
WAKTU MAGHRIB 2,2025-05-31,4,103,103,49550.0,1056.0
WAKTU MAGHRIB 2,2025-06-01,5,103,96,15895.0,327.0
WAKTU MAGHRIB 2,2025-06-02,6,103,94,11028.0,336.0
WAKTU MAGHRIB 2,2025-06-03,7,103,96,9847.0,337.0
WAKTU MAGHRIB 2,2025-06-04,8,103,92,10460.0,323.0
WAKTU MAGHRIB 2,2025-06-05,9,103,77,6088.0,238.0
WAKTU MAGHRIB 2,2025-06-06,10,103,85,27040.0,460.0
