cinema_ids,city_name,observed_days,mean_shows,median_shows,cv_shows,median_abs_daily_change,pct_exact_same_consecutive,pct_change_le_2_consecutive
9cc7970100d8e4c2202f08cb78c6eb20,YOGYAKARTA,167,27.67065868263473,28.0,0.04442882925076756,0.0,0.8363636363636363,0.9818181818181818
26a644178fbdb277dc3c50997f6df7fe,PALEMBANG,167,51.81437125748503,52.0,0.04506910283144265,0.0,0.509090909090909,0.9151515151515152
3f6093566521149f8e37fa4e3fafe7cc,PADANG,167,51.958083832335326,53.0,0.046732507599496105,0.0,0.5212121212121212,0.9454545454545454
d1918db937d26e9e4ccd3e17e1ff0e2d,SUMEDANG,167,23.50299401197605,24.0,0.0469059489416261,0.0,0.696969696969697,0.9878787878787879
6b88b1af662b72fbfa35004a8edfe2e9,DEPOK,167,167.4191616766467,169.0,0.04769569945841351,1.0,0.38181818181818183,0.7515151515151515
108f9a4d181f12fd1b7e3c9adae38478,TANGERANG,167,233.2994011976048,237.0,0.048218606923067134,1.0,0.24242424242424243,0.6545454545454545
ea7df0c99b450ecdea38cf34ae1f158f,KISARAN,167,23.526946107784433,24.0,0.04844330038244471,0.0,0.7272727272727273,0.9878787878787879
da96492ebd43c4a193238d6c3205cc40,PEKANBARU,167,64.75449101796407,65.0,0.04852402432499138,0.0,0.5212121212121212,0.896969696969697
a616a546264044ed616bc2bdf2d9f7fc,YOGYAKARTA,167,55.91017964071856,56.0,0.04911305930642798,0.0,0.5454545454545454,0.9333333333333333
19f506af810fe579721721d058f6b243,MEDAN,167,40.7185628742515,41.0,0.04962442320568256,0.0,0.5212121212121212,0.9575757575757575
f54d37fc4c4d4b285aa3601041abc938,BOGOR,167,111.77245508982035,113.0,0.04972305306887975,1.0,0.4727272727272727,0.8484848484848485
bf33cc26f29bf266a83e35901fa80c9c,AMBON,167,32.83832335329341,33.0,0.049726480770281245,0.0,0.6363636363636364,0.9696969696969697
52eed153a88a6bdcb46cbb266a07cba2,TANGERANG,167,137.10179640718562,138.0,0.049802689273683934,1.0,0.4727272727272727,0.8242424242424242
8d2e05da5624875993cb8580c88334a9,CIREBON,167,46.51497005988024,47.0,0.049827105087223086,0.0,0.5454545454545454,0.9272727272727272
a691dd0d8274fa85ecdc7d5ad6df1628,LAMPUNG,167,28.119760479041915,28.0,0.04995850810555821,0.0,0.7272727272727273,0.9818181818181818
862442166e956fe0e8355db8852d9440,TANGERANG,167,146.36526946107784,146.0,0.05000073066433358,1.0,0.4484848484848485,0.793939393939394
919c7b9859d8ce7cab47dab2463e7fab,MAKASSAR,167,42.209580838323355,43.0,0.05041351577967798,0.0,0.6303030303030303,0.9575757575757575
b4972b48997defae8304bc9c41220c7c,BEKASI,167,143.10179640718562,145.0,0.05048260784863421,1.0,0.3939393939393939,0.806060606060606
cb2a49a747f8989ee0356ec7ac354177,BENGKULU,167,28.02994011976048,28.0,0.0506697931998464,0.0,0.6787878787878788,0.9878787878787879
92e94ed55b4de8feaff9462a66e2dbd7,PEKANBARU,167,32.880239520958085,33.0,0.05071613357470716,0.0,0.6,0.9818181818181818
5b8eaa351fae8e6d1e759e814d74c1c5,MEDAN,167,139.1556886227545,141.0,0.051131293004063834,1.0,0.2909090909090909,0.7333333333333333
9aab42397bbc1d1cdb49f7044dc990f0,PALEMBANG,167,59.35329341317365,60.0,0.05125293620013661,1.0,0.4909090909090909,0.9272727272727272
4fc3fc370b299876663c7d5c90595853,BANJARMASIN,167,41.790419161676645,42.0,0.05125675812825512,0.0,0.5818181818181818,0.9393939393939394
be8de71502987819afd4c2ceea71c539,GRESIK,167,27.97005988023952,28.0,0.051530916130144856,0.0,0.5757575757575758,0.9696969696969697
073b764928864ed8fa0b6b115bfdd685,BATAM,167,42.10778443113772,42.0,0.051744378406401066,0.0,0.6242424242424243,0.9636363636363636
494c8f1916a97efe3390ba9dbab6ce7d,LAMPUNG,167,60.74850299401198,61.0,0.05179489089291423,1.0,0.4484848484848485,0.896969696969697
3acdf298dab1b92bbaaad74d86c0c40a,SEMARANG,167,120.67664670658682,122.0,0.05182388932241133,1.0,0.40606060606060607,0.806060606060606
ef2896a95abe2a2b4cfee245dc1e36ec,CIKARANG,167,18.94610778443114,19.0,0.051901955783100404,0.0,0.6848484848484848,0.9878787878787879
c4a19cbeb409639c836e4304976db0aa,BANDUNG,167,180.10179640718562,183.0,0.0520956675689312,1.0,0.2727272727272727,0.6727272727272727
a9e141baa8b4ec825325397b16eeaae3,BOGOR,167,120.33532934131736,122.0,0.05212547352855167,1.0,0.45454545454545453,0.8121212121212121
981569adf232c53afe751c8c660db8d9,BATAM,167,27.976047904191617,28.0,0.052191820561610626,0.0,0.6545454545454545,0.9757575757575757
8dbfb7aeb4ed822b358347332ba630af,JAKARTA,167,499.0,504.0,0.0528542595755946,3.0,0.13333333333333333,0.4909090909090909
9715c9bc57db04a2506acfdab71ec1c6,RANTAU PRAPAT,167,18.964071856287426,19.0,0.05395352163617312,0.0,0.7272727272727273,0.9757575757575757
7114d91eccf418326f7a9a05943c04e1,JAMBI,167,37.41916167664671,38.0,0.05451093614052055,0.0,0.6424242424242425,0.9636363636363636
ecace029de4a6bd4ae872928509cd71d,TASIKMALAYA,167,36.73652694610779,37.0,0.05478529859146546,0.0,0.5151515151515151,0.9090909090909091
4e12b237c826209f7ddc5b29a96380b6,BEKASI,167,134.10179640718562,136.0,0.05486877217827461,1.0,0.36363636363636365,0.793939393939394
f292a4101ca0420357a2d18b3a013e5f,PALU,167,32.34730538922156,33.0,0.05491790072318492,0.0,0.6484848484848484,0.9818181818181818
e3edf631650eb304cf386709b98005f6,DENPASAR,167,62.9940119760479,63.0,0.055197540356991336,1.0,0.4121212121212121,0.9090909090909091
7c271f1e1351e6433b202d77b88012c2,CIREBON,167,14.275449101796408,14.0,0.055267269232935165,0.0,0.7575757575757576,0.9939393939393939
c48b7a4426e8cbee3f7dbfe8b87d1d89,PEKALONGAN,167,33.1437125748503,34.0,0.055344718034407596,0.0,0.6242424242424243,0.9575757575757575
7cade3ea25dae25fdb8c56776676b0c7,CILEGON,167,70.57485029940119,72.0,0.05536930480609308,0.0,0.5636363636363636,0.8848484848484849
716ede53fbca27fbe1c1a55d6667c2b5,CIKARANG,167,48.467065868263475,49.0,0.05551029812522676,0.0,0.5393939393939394,0.9090909090909091
15c7dc37db27dd76f38cc419107f7c48,KARAWANG,167,36.76047904191617,37.0,0.05555834914303775,0.0,0.6,0.9636363636363636
e989d8fdc91de7e6ffbb72a2f5ac79f6,DEPOK,167,73.9880239520958,75.0,0.055726425813854376,0.0,0.5393939393939394,0.9030303030303031
a55554e941cb93c23d1522f88fd0d004,DUMAI,167,18.78443113772455,19.0,0.05577880310580771,0.0,0.7393939393939394,0.9878787878787879
f3a9ac312f7bc4e2467a1bf02a6aa1e9,LAMPUNG,167,27.88622754491018,28.0,0.05600115677073236,0.0,0.6787878787878788,0.9757575757575757
312cd6ebdd3af9ac55f7b3d31ecab9c2,BOGOR,167,41.56287425149701,42.0,0.05605629944909879,0.0,0.6848484848484848,0.9515151515151515
e67d818ee0546f3b33d0ba2083ed4db5,BEKASI,167,74.1556886227545,75.0,0.05616866680080052,0.0,0.5454545454545454,0.9030303030303031
218c50fa4df90b3241e39ff8ffb41102,SOLO,167,41.76047904191617,42.0,0.0563862626266325,0.0,0.6787878787878788,0.9393939393939394
e8965581e1be78ac9a3145b6983ff6ec,SURABAYA,167,91.1437125748503,92.0,0.056554303777787834,1.0,0.3939393939393939,0.793939393939394
b704e8b10f13e14494b5a7a0ba39d9d9,JAKARTA,167,241.23353293413174,245.0,0.056796318935133296,2.0,0.21818181818181817,0.6
015555fbcd8faef6b55a854605df0a87,SURABAYA,167,126.2934131736527,128.0,0.05686145062532829,1.0,0.2909090909090909,0.7696969696969697
490346a8a068ba7d2e3764714c6d5323,BANDUNG,167,50.91616766467066,51.0,0.05689036691920606,0.0,0.5151515151515151,0.9151515151515152
a9d508d218799f9dc69bb4aefc122cb3,MANADO,167,63.97604790419162,65.0,0.05692823994177621,1.0,0.4727272727272727,0.896969696969697
0191582d75f94a412c0fa12d36bcee3f,SURABAYA,167,158.62275449101796,160.0,0.05715720127743983,1.0,0.2545454545454545,0.6787878787878788
c877324e95024e707ae23f0aed947e15,SEMARANG,167,46.035928143712574,46.0,0.05731753073079021,0.0,0.6606060606060606,0.9636363636363636
8750b9ee0b0c6c6afcfcb2a05e60efc0,BANDUNG,167,86.92814371257485,88.0,0.05748506578573607,1.0,0.37575757575757573,0.8545454545454545
3cc167017755a0197f18f93595c9ae85,JAMBI,167,28.137724550898202,29.0,0.057585972601210726,0.0,0.6424242424242425,0.9696969696969697
8188326fb0a403be03ea632997c8a959,GORONTALO,167,27.838323353293415,28.0,0.05758786584535658,0.0,0.5696969696969697,0.9575757575757575
4a4c71e99772e87c9e35a56acd8be21e,TERNATE,167,28.02994011976048,28.0,0.05787488017387268,0.0,0.5636363636363636,0.9515151515151515
d33850e3698903061b4c18886ce00c9d,GARUT,167,23.4251497005988,24.0,0.058036528932382654,0.0,0.6666666666666666,0.9636363636363636
17e1e7da761f72bbb4e039ba08cc0ba0,SEMARANG,167,50.50898203592814,51.0,0.05879072224090547,1.0,0.4909090909090909,0.9212121212121213
4ed104ac0de10ba7eef50158603e0b32,JAKARTA,167,394.5928143712575,396.0,0.05890013351182037,2.0,0.14545454545454545,0.503030303030303
4eb26b1058266dc50a63dc875e4d8846,MATARAM,167,28.01197604790419,28.0,0.05903623863117456,0.0,0.6606060606060606,0.9575757575757575
14b63ff2b104903ead7d884f25382e57,MALANG,167,23.17365269461078,23.0,0.05991037935860701,0.0,0.703030303030303,0.9818181818181818
4ba87a86e02dd8a810032db35bf13c51,BENGKULU,167,18.79640718562874,19.0,0.060557640981438364,0.0,0.6363636363636364,0.9818181818181818
541130ea8083a789df5d15bbfe13055a,MAKASSAR,167,55.66467065868263,56.0,0.06057281490421057,1.0,0.4909090909090909,0.9030303030303031
202dbf4df0e433f092fca1aa8162c400,TARAKAN,167,18.736526946107784,19.0,0.06065638617523478,0.0,0.7212121212121212,0.9878787878787879
fcf80028ec9bbf8efaee3932e529a78f,INDRAMAYU,167,18.70059880239521,19.0,0.060861115748720176,0.0,0.7515151515151515,0.9757575757575757
35de0354d956048d1c9c49ff069eaa55,MEDAN,167,72.44910179640719,74.0,0.06104854503240798,1.0,0.4909090909090909,0.9030303030303031
2318d3c719302ff137eb1b53fb32f0c8,KARAWANG,167,14.29940119760479,14.0,0.0611760104482826,0.0,0.7696969696969697,0.9818181818181818
efe899b321b96d852776427476f14a06,YOGYAKARTA,167,27.11377245508982,27.0,0.06118391648074277,0.0,0.6909090909090909,0.9636363636363636
0318cab65e5a4dbb61243ab4747fb621,SINGKAWANG,167,23.15568862275449,23.0,0.06125341996912998,0.0,0.6242424242424243,0.9757575757575757
f7734bb329cacfe21ce854ae822b6115,TANJUNG PINANG,167,27.862275449101798,28.0,0.061274082843154914,0.0,0.5757575757575758,0.9636363636363636
04a2de432a8901363a05137a8e8de1d2,MAMUJU,167,14.245508982035927,14.0,0.061384283848100046,0.0,0.7333333333333333,1.0
3c41b96b56b0aab1ed5fc5e703499730,BALIKPAPAN,167,50.51497005988024,51.0,0.06141510274307472,1.0,0.42424242424242425,0.9454545454545454
5ff7565cdb056b4bdcb43d0ea2b5380d,KUPANG,167,18.407185628742514,19.0,0.0620152137866472,0.0,0.6545454545454545,0.9696969696969697
88d0ee0029bee810e1d0fe37f73e2d3b,SOLO,167,27.568862275449103,27.0,0.0626341694660954,0.0,0.7333333333333333,0.9696969696969697
580919d632e55fd9736ae1a2ac6ed0c5,BATAM,167,36.808383233532936,37.0,0.06429984510387361,0.0,0.6181818181818182,0.9636363636363636
afbb3b11f728a54ad1eb3ca34f602779,KENDARI,167,18.718562874251496,19.0,0.06473896755291977,0.0,0.7636363636363637,0.9818181818181818
26d1d720bc7e60c1b1a56630e3ba2c5d,GARUT,167,13.844311377245509,14.0,0.06488575372624282,0.0,0.7696969696969697,0.9696969696969697
9d67ea34034038d9a33cf7ac63b7ac65,PEMATANG SIANTAR,62,18.258064516129032,18.0,0.06498356361205421,0.0,0.7213114754098361,0.9672131147540983
57d37d0d839b9dff6f87d6b5d5b679cc,SOLO,167,27.53293413173653,28.0,0.06523807232549066,0.0,0.7575757575757576,0.9757575757575757
5a894958f375392ce7981be2eb9a26be,JEMBER,167,18.778443113772454,19.0,0.06545641460345135,0.0,0.703030303030303,0.9636363636363636
a6d19ebcb27f61cbf41a6552fbf68676,SIDOARJO,167,18.59880239520958,19.0,0.06546877542135897,0.0,0.696969696969697,0.9757575757575757
d297f2f746c4fd2723f3202fafcbfa1a,BONDOWOSO,167,14.125748502994012,14.0,0.06601716070465082,0.0,0.8181818181818182,0.9818181818181818
e939d818a5192f48fc4b73102e3aa4b9,PALANGKARAYA,167,18.550898203592816,19.0,0.06711437677226847,0.0,0.703030303030303,0.9878787878787879
25e1c125bdd513aa2355a8e558a1a908,KEDIRI,167,18.622754491017965,19.0,0.06736223685014747,0.0,0.6606060606060606,0.9878787878787879
a09b9ee7f937939ee25c24ef8c2e91be,BALIKPAPAN,167,18.107784431137723,18.0,0.06750856945576085,0.0,0.696969696969697,0.9757575757575757
c35e24eefa840ac2009279f1efc52288,BONTANG,167,18.634730538922156,19.0,0.06802200986868973,0.0,0.7393939393939394,0.9696969696969697
7995e00051a2fe6aeed7cfdbe0378c01,TIMIKA,167,13.934131736526947,14.0,0.06828260183978203,0.0,0.8121212121212121,0.9878787878787879
2e0ec493a87e740511b7b565386c06fe,SORONG,166,18.740963855421686,19.0,0.06874348624803643,0.0,0.7300613496932515,0.9693251533742331
62447bb073160adcf6d6022240a3663c,KLATEN,167,14.071856287425149,14.0,0.06914086281819744,0.0,0.806060606060606,0.9939393939393939
b2539b1f80254243391774489b1328aa,ROKAN HILIR,167,9.550898203592814,10.0,0.06958332294893277,0.0,0.8787878787878788,0.9878787878787879
3744d5b8753c9cc72700ce7927fa0df3,SIDOARJO,167,18.48502994011976,19.0,0.07022339035621306,0.0,0.703030303030303,0.9696969696969697
3afae5dea7356f64f70605334bef46a7,CIANJUR,167,18.395209580838323,19.0,0.07084369543077952,0.0,0.5272727272727272,0.9393939393939394
9158e16be84a6db4d63d3289099f119b,JAYAPURA,167,35.862275449101794,36.0,0.07111910426709532,0.0,0.593939393939394,0.9333333333333333
45f553cca86b28fedd6115abdd0ae734,KUALA KAPUAS,167,13.982035928143713,14.0,0.0730013578932291,0.0,0.7272727272727273,0.9757575757575757
0a8777c6c78e2d102bdf459f8550cf93,PANGKAL PINANG,167,13.808383233532934,14.0,0.07411622353163135,0.0,0.7757575757575758,0.9878787878787879
c71a18e33d4b7c73c8124c65fc3e6f1c,MANADO,167,22.54491017964072,23.0,0.07474778090534646,0.0,0.6848484848484848,0.9696969696969697
81c620b2538435926cbbf15745ef5901,MADIUN,167,13.994011976047904,14.0,0.07624787365656627,0.0,0.806060606060606,0.9878787878787879
1240789770bc04e7d26e5fa31c075ced,MALANG,167,22.44311377245509,22.0,0.08366013455101481,0.0,0.7272727272727273,0.9757575757575757
592095e0ddc2c230cf3002d72e9bac41,MANOKWARI,167,18.562874251497007,19.0,0.08415431672816047,0.0,0.6181818181818182,0.9515151515151515
da6b584c30e784d15b54ad124a760b19,SAMARINDA,167,13.592814371257486,14.0,0.08961460734448745,0.0,0.7454545454545455,0.9757575757575757
dc77e7e26c0e5e3a5c44ec2de0cedbde,DENPASAR,167,70.34730538922156,72.0,0.09055134294966216,1.0,0.4666666666666667,0.896969696969697
66d433e397ff7f3d460500704fd40a5a,PEKANBARU,167,8.419161676646707,8.0,0.09156821800103847,0.0,0.8,1.0
9eb47624e1e418bfac8b4fcc3a44a36b,DENPASAR,167,9.04191616766467,9.0,0.10254334716984916,0.0,0.8666666666666667,0.9878787878787879
df7f047e9886cfa1c0892c97f15d4146,MATARAM,167,4.233532934131737,4.0,0.10673159346821215,0.0,0.9393939393939394,1.0
09ff932202ae245655ae248642132086,JAMBI,167,4.281437125748503,4.0,0.11141508400925557,0.0,0.9575757575757575,1.0
4a61d7e09bbe3868d79af81be96ed6ee,CIKARANG,167,4.287425149700598,4.0,0.11478412757924028,0.0,0.9151515151515152,1.0
dc6de349945f10a4a296bb50d34fc504,BANJARMASIN,167,4.263473053892215,4.0,0.12131347927410424,0.0,0.8727272727272727,1.0
79d0a75ad3523955b8d0e01198d6e9c9,CIREBON,167,4.1437125748503,4.0,0.13834303069587672,0.0,0.8242424242424242,1.0
fbaf4d5f0c18dc603a21aef31da59ee6,SAMARINDA,167,28.46706586826347,28.0,0.149573753477667,0.0,0.7333333333333333,0.9575757575757575
29fc89ab155e9f202326046c2e0023bb,MAKASSAR,167,51.10179640718563,55.0,0.19337107411131607,0.0,0.5636363636363636,0.9393939393939394
9f0564f5cabe643e4dbb08b80d3cc241,PONTIANAK,167,33.64071856287425,28.0,0.3320285186248806,0.0,0.6545454545454545,0.9636363636363636
e7ec114c2ec166155149062023617e8b,SAMARINDA,167,39.958083832335326,30.0,0.36193916459642606,0.0,0.6424242424242425,0.9636363636363636
53b77c875c67b68561415f23065e6e8d,PADANG,167,15.592814371257486,20.0,0.7207463685761333,0.0,0.7272727272727273,0.9636363636363636
