cinema_ids,shows_before,shows_after,show_ratio
015555fbcd8faef6b55a854605df0a87,128,126,0.984375
0191582d75f94a412c0fa12d36bcee3f,165,164,0.9939393939393939
0318cab65e5a4dbb61243ab4747fb621,24,24,1.0
04a2de432a8901363a05137a8e8de1d2,15,15,1.0
073b764928864ed8fa0b6b115bfdd685,44,43,0.9772727272727273
09ff932202ae245655ae248642132086,4,4,1.0
0a8777c6c78e2d102bdf459f8550cf93,14,14,1.0
108f9a4d181f12fd1b7e3c9adae38478,244,242,0.9918032786885246
1240789770bc04e7d26e5fa31c075ced,24,22,0.9166666666666666
14b63ff2b104903ead7d884f25382e57,24,24,1.0
15c7dc37db27dd76f38cc419107f7c48,38,37,0.9736842105263158
17e1e7da761f72bbb4e039ba08cc0ba0,51,50,0.9803921568627451
19f506af810fe579721721d058f6b243,42,42,1.0
202dbf4df0e433f092fca1aa8162c400,20,19,0.95
218c50fa4df90b3241e39ff8ffb41102,44,44,1.0
2318d3c719302ff137eb1b53fb32f0c8,15,15,1.0
25e1c125bdd513aa2355a8e558a1a908,19,19,1.0
26a644178fbdb277dc3c50997f6df7fe,53,53,1.0
26d1d720bc7e60c1b1a56630e3ba2c5d,14,14,1.0
29fc89ab155e9f202326046c2e0023bb,55,55,1.0
2e0ec493a87e740511b7b565386c06fe,19,19,1.0
312cd6ebdd3af9ac55f7b3d31ecab9c2,43,43,1.0
35de0354d956048d1c9c49ff069eaa55,74,74,1.0
3744d5b8753c9cc72700ce7927fa0df3,19,19,1.0
3acdf298dab1b92bbaaad74d86c0c40a,125,124,0.992
3afae5dea7356f64f70605334bef46a7,19,19,1.0
3c41b96b56b0aab1ed5fc5e703499730,53,52,0.9811320754716981
3cc167017755a0197f18f93595c9ae85,27,29,1.0740740740740742
3f6093566521149f8e37fa4e3fafe7cc,54,53,0.9814814814814815
45f553cca86b28fedd6115abdd0ae734,15,15,1.0
490346a8a068ba7d2e3764714c6d5323,49,52,1.0612244897959184
494c8f1916a97efe3390ba9dbab6ce7d,63,62,0.9841269841269841
4a4c71e99772e87c9e35a56acd8be21e,29,29,1.0
4a61d7e09bbe3868d79af81be96ed6ee,5,5,1.0
4ba87a86e02dd8a810032db35bf13c51,19,19,1.0
4e12b237c826209f7ddc5b29a96380b6,138,137,0.9927536231884058
4eb26b1058266dc50a63dc875e4d8846,29,29,1.0
4ed104ac0de10ba7eef50158603e0b32,407,404,0.9926289926289926
4fc3fc370b299876663c7d5c90595853,43,42,0.9767441860465116
52eed153a88a6bdcb46cbb266a07cba2,142,142,1.0
53b77c875c67b68561415f23065e6e8d,4,4,1.0
541130ea8083a789df5d15bbfe13055a,57,57,1.0
57d37d0d839b9dff6f87d6b5d5b679cc,28,28,1.0
580919d632e55fd9736ae1a2ac6ed0c5,38,38,1.0
592095e0ddc2c230cf3002d72e9bac41,19,19,1.0
5a894958f375392ce7981be2eb9a26be,19,20,1.0526315789473684
5b8eaa351fae8e6d1e759e814d74c1c5,141,139,0.9858156028368794
5ff7565cdb056b4bdcb43d0ea2b5380d,19,19,1.0
62447bb073160adcf6d6022240a3663c,15,15,1.0
66d433e397ff7f3d460500704fd40a5a,8,7,0.875
6b88b1af662b72fbfa35004a8edfe2e9,175,172,0.9828571428571429
7114d91eccf418326f7a9a05943c04e1,38,39,1.0263157894736843
716ede53fbca27fbe1c1a55d6667c2b5,51,50,0.9803921568627451
7995e00051a2fe6aeed7cfdbe0378c01,15,15,1.0
79d0a75ad3523955b8d0e01198d6e9c9,4,4,1.0
7c271f1e1351e6433b202d77b88012c2,15,14,0.9333333333333333
7cade3ea25dae25fdb8c56776676b0c7,74,72,0.972972972972973
8188326fb0a403be03ea632997c8a959,29,29,1.0
81c620b2538435926cbbf15745ef5901,15,15,1.0
862442166e956fe0e8355db8852d9440,151,150,0.9933774834437086
8750b9ee0b0c6c6afcfcb2a05e60efc0,91,88,0.967032967032967
88d0ee0029bee810e1d0fe37f73e2d3b,29,29,1.0
8d2e05da5624875993cb8580c88334a9,49,48,0.9795918367346939
8dbfb7aeb4ed822b358347332ba630af,513,511,0.9961013645224172
9158e16be84a6db4d63d3289099f119b,39,37,0.9487179487179487
919c7b9859d8ce7cab47dab2463e7fab,44,43,0.9772727272727273
92e94ed55b4de8feaff9462a66e2dbd7,34,34,1.0
9715c9bc57db04a2506acfdab71ec1c6,20,19,0.95
981569adf232c53afe751c8c660db8d9,29,28,0.9655172413793104
9aab42397bbc1d1cdb49f7044dc990f0,60,59,0.9833333333333333
9cc7970100d8e4c2202f08cb78c6eb20,28,28,1.0
9eb47624e1e418bfac8b4fcc3a44a36b,10,10,1.0
9f0564f5cabe643e4dbb08b80d3cc241,29,28,0.9655172413793104
a09b9ee7f937939ee25c24ef8c2e91be,17,17,1.0
a55554e941cb93c23d1522f88fd0d004,20,19,0.95
a616a546264044ed616bc2bdf2d9f7fc,58,58,1.0
a691dd0d8274fa85ecdc7d5ad6df1628,30,29,0.9666666666666667
a6d19ebcb27f61cbf41a6552fbf68676,19,19,1.0
a9d508d218799f9dc69bb4aefc122cb3,66,65,0.9848484848484849
a9e141baa8b4ec825325397b16eeaae3,127,127,1.0
afbb3b11f728a54ad1eb3ca34f602779,19,19,1.0
b2539b1f80254243391774489b1328aa,10,10,1.0
b4972b48997defae8304bc9c41220c7c,149,147,0.9865771812080537
b704e8b10f13e14494b5a7a0ba39d9d9,250,249,0.996
be8de71502987819afd4c2ceea71c539,29,29,1.0
bf33cc26f29bf266a83e35901fa80c9c,34,34,1.0
c35e24eefa840ac2009279f1efc52288,20,19,0.95
c48b7a4426e8cbee3f7dbfe8b87d1d89,35,35,1.0
c4a19cbeb409639c836e4304976db0aa,186,184,0.989247311827957
c71a18e33d4b7c73c8124c65fc3e6f1c,23,22,0.9565217391304348
c877324e95024e707ae23f0aed947e15,46,46,1.0
cb2a49a747f8989ee0356ec7ac354177,29,29,1.0
d1918db937d26e9e4ccd3e17e1ff0e2d,24,24,1.0
d297f2f746c4fd2723f3202fafcbfa1a,15,15,1.0
d33850e3698903061b4c18886ce00c9d,25,24,0.96
da6b584c30e784d15b54ad124a760b19,14,14,1.0
da96492ebd43c4a193238d6c3205cc40,66,66,1.0
dc6de349945f10a4a296bb50d34fc504,4,4,1.0
dc77e7e26c0e5e3a5c44ec2de0cedbde,77,77,1.0
df7f047e9886cfa1c0892c97f15d4146,4,4,1.0
e3edf631650eb304cf386709b98005f6,66,65,0.9848484848484849
e67d818ee0546f3b33d0ba2083ed4db5,78,78,1.0
e7ec114c2ec166155149062023617e8b,30,30,1.0
e8965581e1be78ac9a3145b6983ff6ec,93,93,1.0
e939d818a5192f48fc4b73102e3aa4b9,20,19,0.95
e989d8fdc91de7e6ffbb72a2f5ac79f6,74,75,1.0135135135135136
ea7df0c99b450ecdea38cf34ae1f158f,24,24,1.0
ecace029de4a6bd4ae872928509cd71d,38,38,1.0
ef2896a95abe2a2b4cfee245dc1e36ec,20,20,1.0
efe899b321b96d852776427476f14a06,29,28,0.9655172413793104
f292a4101ca0420357a2d18b3a013e5f,33,33,1.0
f3a9ac312f7bc4e2467a1bf02a6aa1e9,29,29,1.0
f54d37fc4c4d4b285aa3601041abc938,117,115,0.9829059829059829
f7734bb329cacfe21ce854ae822b6115,29,28,0.9655172413793104
fbaf4d5f0c18dc603a21aef31da59ee6,28,28,1.0
fcf80028ec9bbf8efaee3932e529a78f,19,19,1.0
