cinema_ids,movie_title,city_name_before,total_show_before,total_show_after,show_ratio,total_ticket_before,total_ticket_after,ticket_ratio,occupation_rate_before,occupation_rate_after
015555fbcd8faef6b55a854605df0a87,BALLERINA,SURABAYA,8,32,4.0,328,1857,5.661585365853658,33.08,44.1
015555fbcd8faef6b55a854605df0a87,FINAL DESTINATION: BLOODLINES,SURABAYA,3,3,1.0,125,218,1.744,32.27,56.31
015555fbcd8faef6b55a854605df0a87,GOWOK KAMASUTRA JAWA,SURABAYA,1,1,1.0,81,36,0.4444444444444444,42.0,17.51
015555fbcd8faef6b55a854605df0a87,GOWOK KAMASUTRA JAWA UNCUT,SURABAYA,2,7,3.5,176,331,1.8806818181818181,43.05,20.89
015555fbcd8faef6b55a854605df0a87,KARATE KID: LEGENDS,SURABAYA,8,12,1.5,289,1080,3.737024221453287,18.2,47.43
015555fbcd8faef6b55a854605df0a87,LILO & STITCH,SURABAYA,2,14,7.0,84,1314,15.642857142857142,32.76,51.6
015555fbcd8faef6b55a854605df0a87,MISSION: IMPOSSIBLE - THE FINAL RECKONING,SURABAYA,2,21,10.5,98,1686,17.20408163265306,60.84,63.7
015555fbcd8faef6b55a854605df0a87,TAK INGIN USAI DI SINI,SURABAYA,1,5,5.0,28,167,5.964285714285714,13.39,16.48
015555fbcd8faef6b55a854605df0a87,TENUNG BY RISA SARASWATI & DIMASTA,SURABAYA,4,15,3.75,152,489,3.2171052631578947,18.9,15.52
015555fbcd8faef6b55a854605df0a87,WAKTU MAGHRIB 2,SURABAYA,3,13,4.333333333333333,95,624,6.568421052631579,18.72,29.12
0191582d75f94a412c0fa12d36bcee3f,BALLERINA,SURABAYA,13,33,2.5384615384615383,526,3015,5.731939163498099,24.08,53.01
0191582d75f94a412c0fa12d36bcee3f,GOWOK KAMASUTRA JAWA,SURABAYA,5,3,0.6,195,107,0.5487179487179488,21.22,14.91
0191582d75f94a412c0fa12d36bcee3f,GOWOK KAMASUTRA JAWA UNCUT,SURABAYA,1,17,17.0,53,1337,25.22641509433962,25.75,41.17
0191582d75f94a412c0fa12d36bcee3f,KARATE KID: LEGENDS,SURABAYA,6,17,2.8333333333333335,264,1574,5.962121212121212,34.84,69.01
0191582d75f94a412c0fa12d36bcee3f,LILO & STITCH,SURABAYA,2,10,5.0,154,1340,8.7012987012987,63.96,71.61
0191582d75f94a412c0fa12d36bcee3f,MISSION: IMPOSSIBLE - THE FINAL RECKONING,SURABAYA,4,17,4.25,346,1727,4.991329479768786,62.4,71.4
0191582d75f94a412c0fa12d36bcee3f,MISSION: IMPOSSIBLE - THE FINAL RECKONING (IMAX 2D) ,SURABAYA,2,4,2.0,49,620,12.653061224489797,5.67,38.59
0191582d75f94a412c0fa12d36bcee3f,"SAMPAI JUMPA, SELAMAT TINGGAL",SURABAYA,2,5,2.5,28,100,3.5714285714285716,13.13,15.54
0191582d75f94a412c0fa12d36bcee3f,TAK INGIN USAI DI SINI,SURABAYA,4,13,3.25,252,658,2.611111111111111,47.58,31.02
0191582d75f94a412c0fa12d36bcee3f,TENUNG BY RISA SARASWATI & DIMASTA,SURABAYA,7,20,2.857142857142857,314,859,2.7356687898089174,23.85,16.75
0191582d75f94a412c0fa12d36bcee3f,WAKTU MAGHRIB 2,SURABAYA,2,10,5.0,86,633,7.3604651162790695,26.25,36.3
0318cab65e5a4dbb61243ab4747fb621,BALLERINA,SINGKAWANG,3,5,1.6666666666666667,171,330,1.9298245614035088,28.08,32.03
0318cab65e5a4dbb61243ab4747fb621,KARATE KID: LEGENDS,SINGKAWANG,1,5,5.0,18,469,26.055555555555557,13.52,63.45
0318cab65e5a4dbb61243ab4747fb621,TENUNG BY RISA SARASWATI & DIMASTA,SINGKAWANG,2,5,2.5,137,284,2.072992700729927,33.8,27.6
0318cab65e5a4dbb61243ab4747fb621,WAKTU MAGHRIB 2,SINGKAWANG,1,5,5.0,32,264,8.25,24.15,39.14
04a2de432a8901363a05137a8e8de1d2,TENUNG BY RISA SARASWATI & DIMASTA,MAMUJU,1,4,4.0,103,212,2.058252427184466,40.56,20.09
073b764928864ed8fa0b6b115bfdd685,BALLERINA,BATAM,1,8,8.0,21,459,21.857142857142858,42.23,55.91
073b764928864ed8fa0b6b115bfdd685,GOWOK KAMASUTRA JAWA UNCUT,BATAM,2,5,2.5,67,353,5.268656716417911,18.54,41.79
073b764928864ed8fa0b6b115bfdd685,MISSION: IMPOSSIBLE - THE FINAL RECKONING,BATAM,1,1,1.0,12,36,3.0,26.0,74.16
073b764928864ed8fa0b6b115bfdd685,TENUNG BY RISA SARASWATI & DIMASTA,BATAM,2,10,5.0,86,826,9.604651162790697,14.18,36.75
073b764928864ed8fa0b6b115bfdd685,WAKTU MAGHRIB 2,BATAM,3,10,3.3333333333333335,209,1077,5.15311004784689,33.97,51.87
09ff932202ae245655ae248642132086,MISSION: IMPOSSIBLE - THE FINAL RECKONING,JAMBI,1,2,2.0,15,81,5.4,36.4,100.0
0a8777c6c78e2d102bdf459f8550cf93,MISSION: IMPOSSIBLE - THE FINAL RECKONING,PANGKAL PINANG,1,3,3.0,18,218,12.11111111111111,13.39,56.0
0a8777c6c78e2d102bdf459f8550cf93,TENUNG BY RISA SARASWATI & DIMASTA,PANGKAL PINANG,1,5,5.0,34,157,4.617647058823529,15.75,15.12
108f9a4d181f12fd1b7e3c9adae38478,GOWOK KAMASUTRA JAWA UNCUT,TANGERANG,7,1,0.14285714285714285,275,25,0.09090909090909091,18.0,16.8
108f9a4d181f12fd1b7e3c9adae38478,LILO & STITCH,TANGERANG,1,1,1.0,70,33,0.4714285714285714,47.38,31.2
108f9a4d181f12fd1b7e3c9adae38478,TAK INGIN USAI DI SINI,TANGERANG,4,1,0.25,71,4,0.056338028169014086,11.18,2.06
108f9a4d181f12fd1b7e3c9adae38478,WAKTU MAGHRIB 2,TANGERANG,12,1,0.08333333333333333,232,30,0.12931034482758622,12.36,23.69
1240789770bc04e7d26e5fa31c075ced,BALLERINA,MALANG,1,5,5.0,11,253,23.0,5.15,23.73
1240789770bc04e7d26e5fa31c075ced,FINAL DESTINATION: BLOODLINES,MALANG,1,3,3.0,29,149,5.137931034482759,16.48,29.12
1240789770bc04e7d26e5fa31c075ced,LILO & STITCH,MALANG,2,3,1.5,40,216,5.4,16.64,60.08
1240789770bc04e7d26e5fa31c075ced,"SAMPAI JUMPA, SELAMAT TINGGAL",MALANG,1,3,3.0,16,6,0.375,13.65,1.73
1240789770bc04e7d26e5fa31c075ced,TENUNG BY RISA SARASWATI & DIMASTA,MALANG,3,5,1.6666666666666667,54,107,1.9814814814814814,7.7,9.03
14b63ff2b104903ead7d884f25382e57,GOWOK KAMASUTRA JAWA UNCUT,MALANG,2,4,2.0,66,163,2.4696969696969697,17.51,30.98
14b63ff2b104903ead7d884f25382e57,TAK INGIN USAI DI SINI,MALANG,1,5,5.0,40,183,4.575,30.9,20.16
14b63ff2b104903ead7d884f25382e57,TENUNG BY RISA SARASWATI & DIMASTA,MALANG,2,5,2.5,111,99,0.8918918918918919,30.68,10.4
15c7dc37db27dd76f38cc419107f7c48,BALLERINA,KARAWANG,1,7,7.0,23,293,12.73913043478261,10.5,28.95
15c7dc37db27dd76f38cc419107f7c48,MISSION: IMPOSSIBLE - THE FINAL RECKONING,KARAWANG,5,6,1.2,70,353,5.042857142857143,18.54,68.12
15c7dc37db27dd76f38cc419107f7c48,TAK INGIN USAI DI SINI,KARAWANG,1,5,5.0,27,177,6.555555555555555,16.8,22.05
15c7dc37db27dd76f38cc419107f7c48,TENUNG BY RISA SARASWATI & DIMASTA,KARAWANG,2,5,2.5,38,209,5.5,7.88,19.16
17e1e7da761f72bbb4e039ba08cc0ba0,BALLERINA,SEMARANG,5,9,1.8,61,255,4.180327868852459,17.89,27.7
17e1e7da761f72bbb4e039ba08cc0ba0,FINAL DESTINATION: BLOODLINES,SEMARANG,1,3,3.0,19,167,8.789473684210526,16.48,49.78
17e1e7da761f72bbb4e039ba08cc0ba0,GOWOK KAMASUTRA JAWA UNCUT,SEMARANG,2,10,5.0,66,397,6.015151515151516,20.8,21.11
17e1e7da761f72bbb4e039ba08cc0ba0,MISSION: IMPOSSIBLE - THE FINAL RECKONING,SEMARANG,1,8,8.0,18,485,26.944444444444443,80.85,58.14
17e1e7da761f72bbb4e039ba08cc0ba0,TENUNG BY RISA SARASWATI & DIMASTA,SEMARANG,3,2,0.6666666666666666,14,48,3.4285714285714284,3.15,21.53
17e1e7da761f72bbb4e039ba08cc0ba0,WAKTU MAGHRIB 2,SEMARANG,2,5,2.5,55,203,3.690909090909091,22.05,30.28
19f506af810fe579721721d058f6b243,BALLERINA,MEDAN,1,9,9.0,23,423,18.391304347826086,16.64,55.7
19f506af810fe579721721d058f6b243,GOWOK KAMASUTRA JAWA UNCUT,MEDAN,3,5,1.6666666666666667,79,197,2.4936708860759493,17.17,25.96
19f506af810fe579721721d058f6b243,KARATE KID: LEGENDS,MEDAN,2,3,1.5,110,343,3.118181818181818,55.12,87.85
19f506af810fe579721721d058f6b243,LILO & STITCH,MEDAN,1,2,2.0,78,221,2.8333333333333335,78.75,84.53
19f506af810fe579721721d058f6b243,MISSION: IMPOSSIBLE - THE FINAL RECKONING,MEDAN,1,2,2.0,16,69,4.3125,42.0,85.8
19f506af810fe579721721d058f6b243,MISSION: IMPOSSIBLE - THE FINAL RECKONING (IMAX 2D) ,MEDAN,2,4,2.0,43,562,13.069767441860465,6.24,43.94
19f506af810fe579721721d058f6b243,TENUNG BY RISA SARASWATI & DIMASTA,MEDAN,1,5,5.0,68,228,3.3529411764705883,39.14,25.75
19f506af810fe579721721d058f6b243,WAKTU MAGHRIB 2,MEDAN,1,5,5.0,22,318,14.454545454545455,12.48,36.96
202dbf4df0e433f092fca1aa8162c400,MISSION: IMPOSSIBLE - THE FINAL RECKONING,TARAKAN,1,2,2.0,40,131,3.275,33.28,50.47
202dbf4df0e433f092fca1aa8162c400,TENUNG BY RISA SARASWATI & DIMASTA,TARAKAN,1,5,5.0,26,164,6.3076923076923075,19.95,25.83
202dbf4df0e433f092fca1aa8162c400,WAKTU MAGHRIB 2,TARAKAN,4,5,1.25,56,212,3.7857142857142856,11.55,35.02
218c50fa4df90b3241e39ff8ffb41102,BALLERINA,SOLO,3,7,2.3333333333333335,52,350,6.730769230769231,7.28,20.31
218c50fa4df90b3241e39ff8ffb41102,COCOTE TONGGO,SOLO,2,3,1.5,79,181,2.2911392405063293,26.27,40.6
218c50fa4df90b3241e39ff8ffb41102,KARATE KID: LEGENDS,SOLO,1,3,3.0,51,358,7.019607843137255,32.55,74.9
218c50fa4df90b3241e39ff8ffb41102,TENUNG BY RISA SARASWATI & DIMASTA,SOLO,1,7,7.0,44,135,3.0681818181818183,18.54,9.15
218c50fa4df90b3241e39ff8ffb41102,WAKTU MAGHRIB 2,SOLO,2,5,2.5,94,274,2.9148936170212765,30.9,37.38
2318d3c719302ff137eb1b53fb32f0c8,BALLERINA,KARAWANG,1,2,2.0,3,35,11.666666666666666,2.08,14.04
2318d3c719302ff137eb1b53fb32f0c8,TENUNG BY RISA SARASWATI & DIMASTA,KARAWANG,1,5,5.0,42,163,3.880952380952381,31.2,24.78
2318d3c719302ff137eb1b53fb32f0c8,WAKTU MAGHRIB 2,KARAWANG,1,3,3.0,12,103,8.583333333333334,10.5,27.81
25e1c125bdd513aa2355a8e558a1a908,BALLERINA,KEDIRI,2,2,1.0,15,43,2.8666666666666667,5.72,18.38
25e1c125bdd513aa2355a8e558a1a908,GOWOK KAMASUTRA JAWA UNCUT,KEDIRI,2,4,2.0,27,148,5.481481481481482,10.3,28.84
25e1c125bdd513aa2355a8e558a1a908,TENUNG BY RISA SARASWATI & DIMASTA,KEDIRI,3,5,1.6666666666666667,151,128,0.847682119205298,39.55,19.76
25e1c125bdd513aa2355a8e558a1a908,WAKTU MAGHRIB 2,KEDIRI,3,5,1.6666666666666667,75,189,2.52,20.3,30.9
26a644178fbdb277dc3c50997f6df7fe,BALLERINA,PALEMBANG,1,5,5.0,8,201,25.125,7.35,38.11
26a644178fbdb277dc3c50997f6df7fe,DENDAM MALAM KELAM,PALEMBANG,2,1,0.5,32,55,1.71875,11.96,26.78
26a644178fbdb277dc3c50997f6df7fe,GOWOK KAMASUTRA JAWA UNCUT,PALEMBANG,1,7,7.0,18,528,29.333333333333332,7.28,50.22
26a644178fbdb277dc3c50997f6df7fe,TENUNG BY RISA SARASWATI & DIMASTA,PALEMBANG,3,10,3.3333333333333335,165,936,5.672727272727273,24.96,40.85
26a644178fbdb277dc3c50997f6df7fe,WAKTU MAGHRIB 2,PALEMBANG,1,10,10.0,46,1382,30.043478260869566,24.72,63.86
26d1d720bc7e60c1b1a56630e3ba2c5d,GOWOK KAMASUTRA JAWA UNCUT,GARUT,1,2,2.0,12,67,5.583333333333333,5.15,15.6
26d1d720bc7e60c1b1a56630e3ba2c5d,TENUNG BY RISA SARASWATI & DIMASTA,GARUT,1,5,5.0,72,169,2.3472222222222223,27.04,12.39
26d1d720bc7e60c1b1a56630e3ba2c5d,WAKTU MAGHRIB 2,GARUT,1,2,2.0,6,33,5.5,3.15,10.3
29fc89ab155e9f202326046c2e0023bb,BALLERINA,MAKASSAR,7,13,1.8571428571428572,218,806,3.697247706422018,22.43,46.19
29fc89ab155e9f202326046c2e0023bb,GOWOK KAMASUTRA JAWA,MAKASSAR,1,1,1.0,49,32,0.6530612244897959,28.08,18.54
29fc89ab155e9f202326046c2e0023bb,GOWOK KAMASUTRA JAWA UNCUT,MAKASSAR,1,3,3.0,28,196,7.0,15.45,38.15
29fc89ab155e9f202326046c2e0023bb,MISSION: IMPOSSIBLE - THE FINAL RECKONING,MAKASSAR,4,11,2.75,119,890,7.4789915966386555,23.18,58.7
29fc89ab155e9f202326046c2e0023bb,"SAMPAI JUMPA, SELAMAT TINGGAL",MAKASSAR,2,2,1.0,12,26,2.1666666666666665,3.61,9.36
29fc89ab155e9f202326046c2e0023bb,TAK INGIN USAI DI SINI,MAKASSAR,3,5,1.6666666666666667,84,205,2.4404761904761907,15.79,30.03
29fc89ab155e9f202326046c2e0023bb,TENUNG BY RISA SARASWATI & DIMASTA,MAKASSAR,5,10,2.0,261,562,2.153256704980843,19.74,19.22
2e0ec493a87e740511b7b565386c06fe,MISSION: IMPOSSIBLE - THE FINAL RECKONING,SORONG,1,2,2.0,28,154,5.5,22.66,62.4
2e0ec493a87e740511b7b565386c06fe,WAKTU MAGHRIB 2,SORONG,1,2,2.0,16,67,4.1875,13.39,26.78
35de0354d956048d1c9c49ff069eaa55,BALLERINA,MEDAN,7,21,3.0,124,773,6.233870967741935,33.55,52.19
35de0354d956048d1c9c49ff069eaa55,GOWOK KAMASUTRA JAWA UNCUT,MEDAN,2,7,3.5,104,591,5.6826923076923075,19.57,43.5
35de0354d956048d1c9c49ff069eaa55,KARATE KID: LEGENDS,MEDAN,1,2,2.0,34,78,2.2941176470588234,85.28,96.2
35de0354d956048d1c9c49ff069eaa55,MISSION: IMPOSSIBLE - THE FINAL RECKONING,MEDAN,3,8,2.6666666666666665,92,510,5.543478260869565,27.3,77.57
35de0354d956048d1c9c49ff069eaa55,TAK INGIN USAI DI SINI,MEDAN,3,10,3.3333333333333335,111,589,5.306306306306307,22.88,30.66
35de0354d956048d1c9c49ff069eaa55,TENUNG BY RISA SARASWATI & DIMASTA,MEDAN,4,10,2.5,111,450,4.054054054054054,10.4,22.25
35de0354d956048d1c9c49ff069eaa55,WAKTU MAGHRIB 2,MEDAN,2,10,5.0,41,717,17.48780487804878,16.8,56.89
3744d5b8753c9cc72700ce7927fa0df3,BALLERINA,SIDOARJO,1,2,2.0,11,131,11.909090909090908,8.32,55.65
3744d5b8753c9cc72700ce7927fa0df3,COCOTE TONGGO,SIDOARJO,2,2,1.0,27,120,4.444444444444445,10.92,49.44
3744d5b8753c9cc72700ce7927fa0df3,GOWOK KAMASUTRA JAWA UNCUT,SIDOARJO,1,4,4.0,98,192,1.9591836734693877,74.16,36.92
3744d5b8753c9cc72700ce7927fa0df3,TAK INGIN USAI DI SINI,SIDOARJO,1,5,5.0,37,183,4.945945945945946,29.12,28.29
3744d5b8753c9cc72700ce7927fa0df3,TENUNG BY RISA SARASWATI & DIMASTA,SIDOARJO,4,5,1.25,195,99,0.5076923076923077,37.18,15.33
3acdf298dab1b92bbaaad74d86c0c40a,BALLERINA,SEMARANG,4,19,4.75,128,1003,7.8359375,14.3,34.05
3acdf298dab1b92bbaaad74d86c0c40a,GOWOK KAMASUTRA JAWA UNCUT,SEMARANG,2,18,9.0,84,818,9.738095238095237,25.48,26.12
3acdf298dab1b92bbaaad74d86c0c40a,JUMBO,SEMARANG,1,3,3.0,30,219,7.3,38.85,92.56
3acdf298dab1b92bbaaad74d86c0c40a,LILO & STITCH,SEMARANG,2,5,2.5,144,881,6.118055555555555,33.28,82.53
3acdf298dab1b92bbaaad74d86c0c40a,MISSION: IMPOSSIBLE - THE FINAL RECKONING,SEMARANG,2,8,4.0,37,878,23.72972972972973,10.3,59.72
3acdf298dab1b92bbaaad74d86c0c40a,MISSION: IMPOSSIBLE - THE FINAL RECKONING (IMAX 2D) ,SEMARANG,2,4,2.0,70,385,5.5,13.52,37.44
3acdf298dab1b92bbaaad74d86c0c40a,"SAMPAI JUMPA, SELAMAT TINGGAL",SEMARANG,1,5,5.0,20,20,1.0,10.4,1.65
3acdf298dab1b92bbaaad74d86c0c40a,TAK INGIN USAI DI SINI,SEMARANG,3,18,6.0,128,499,3.8984375,25.65,17.15
3acdf298dab1b92bbaaad74d86c0c40a,TENUNG BY RISA SARASWATI & DIMASTA,SEMARANG,8,23,2.875,346,683,1.9739884393063585,25.22,17.63
3acdf298dab1b92bbaaad74d86c0c40a,WAKTU MAGHRIB 2,SEMARANG,4,8,2.0,76,275,3.6184210526315788,12.34,24.02
3c41b96b56b0aab1ed5fc5e703499730,BALLERINA,BALIKPAPAN,3,12,4.0,23,948,41.21739130434783,19.25,37.51
3c41b96b56b0aab1ed5fc5e703499730,GOWOK KAMASUTRA JAWA UNCUT,BALIKPAPAN,2,4,2.0,30,273,9.1,6.24,33.86
3c41b96b56b0aab1ed5fc5e703499730,MISSION: IMPOSSIBLE - THE FINAL RECKONING,BALIKPAPAN,2,7,3.5,88,209,2.375,50.93,63.86
3c41b96b56b0aab1ed5fc5e703499730,TAK INGIN USAI DI SINI,BALIKPAPAN,2,5,2.5,45,157,3.488888888888889,10.5,14.56
3c41b96b56b0aab1ed5fc5e703499730,TENUNG BY RISA SARASWATI & DIMASTA,BALIKPAPAN,5,10,2.0,179,540,3.016759776536313,15.96,22.57
3c41b96b56b0aab1ed5fc5e703499730,WAKTU MAGHRIB 2,BALIKPAPAN,3,6,2.0,143,460,3.2167832167832167,26.35,42.06
3cc167017755a0197f18f93595c9ae85,BALLERINA,JAMBI,3,5,1.6666666666666667,92,326,3.5434782608695654,13.87,30.45
3cc167017755a0197f18f93595c9ae85,GOWOK KAMASUTRA JAWA UNCUT,JAMBI,1,4,4.0,32,353,11.03125,21.63,60.84
3cc167017755a0197f18f93595c9ae85,TENUNG BY RISA SARASWATI & DIMASTA,JAMBI,2,5,2.5,20,385,19.25,6.24,51.87
3cc167017755a0197f18f93595c9ae85,WAKTU MAGHRIB 2,JAMBI,2,5,2.5,58,426,7.344827586206897,40.17,65.94
3f6093566521149f8e37fa4e3fafe7cc,BALLERINA,PADANG,1,3,3.0,21,120,5.714285714285714,16.64,33.25
3f6093566521149f8e37fa4e3fafe7cc,GOWOK KAMASUTRA JAWA UNCUT,PADANG,4,4,1.0,76,136,1.7894736842105263,13.13,40.43
3f6093566521149f8e37fa4e3fafe7cc,"SAMPAI JUMPA, SELAMAT TINGGAL",PADANG,2,3,1.5,20,4,0.2,13.39,1.75
3f6093566521149f8e37fa4e3fafe7cc,TAK INGIN USAI DI SINI,PADANG,1,5,5.0,39,114,2.923076923076923,32.55,19.14
3f6093566521149f8e37fa4e3fafe7cc,TENUNG BY RISA SARASWATI & DIMASTA,PADANG,2,10,5.0,47,241,5.127659574468085,19.43,14.91
3f6093566521149f8e37fa4e3fafe7cc,WAKTU MAGHRIB 2,PADANG,4,10,2.5,87,236,2.7126436781609193,17.68,15.97
45f553cca86b28fedd6115abdd0ae734,BALLERINA,KUALA KAPUAS,2,3,1.5,56,145,2.5892857142857144,14.18,24.85
45f553cca86b28fedd6115abdd0ae734,TENUNG BY RISA SARASWATI & DIMASTA,KUALA KAPUAS,2,5,2.5,72,249,3.4583333333333335,17.33,24.57
490346a8a068ba7d2e3764714c6d5323,BALLERINA,BANDUNG,1,7,7.0,19,314,16.526315789473685,46.8,44.25
490346a8a068ba7d2e3764714c6d5323,GOWOK KAMASUTRA JAWA,BANDUNG,1,1,1.0,30,15,0.5,18.9,9.27
490346a8a068ba7d2e3764714c6d5323,GOWOK KAMASUTRA JAWA UNCUT,BANDUNG,3,7,2.3333333333333335,78,312,4.0,15.6,26.45
490346a8a068ba7d2e3764714c6d5323,LILO & STITCH,BANDUNG,1,3,3.0,11,105,9.545454545454545,10.3,31.15
490346a8a068ba7d2e3764714c6d5323,MISSION: IMPOSSIBLE - THE FINAL RECKONING,BANDUNG,1,5,5.0,8,319,39.875,20.8,62.37
490346a8a068ba7d2e3764714c6d5323,TAK INGIN USAI DI SINI,BANDUNG,4,10,2.5,110,366,3.327272727272727,18.98,22.87
490346a8a068ba7d2e3764714c6d5323,TENUNG BY RISA SARASWATI & DIMASTA,BANDUNG,3,10,3.3333333333333335,259,479,1.8494208494208495,40.25,23.09
490346a8a068ba7d2e3764714c6d5323,WAKTU MAGHRIB 2,BANDUNG,4,8,2.0,66,256,3.878787878787879,11.18,21.79
494c8f1916a97efe3390ba9dbab6ce7d,BALLERINA,LAMPUNG,3,8,2.6666666666666665,109,465,4.26605504587156,23.0,36.49
494c8f1916a97efe3390ba9dbab6ce7d,FINAL DESTINATION: BLOODLINES,LAMPUNG,2,2,1.0,33,144,4.363636363636363,9.27,42.12
494c8f1916a97efe3390ba9dbab6ce7d,GOWOK KAMASUTRA JAWA UNCUT,LAMPUNG,3,6,2.0,81,192,2.3703703703703702,15.95,21.35
494c8f1916a97efe3390ba9dbab6ce7d,JUMBO,LAMPUNG,1,5,5.0,32,368,11.5,18.72,42.43
494c8f1916a97efe3390ba9dbab6ce7d,MISSION: IMPOSSIBLE - THE FINAL RECKONING,LAMPUNG,1,6,6.0,35,417,11.914285714285715,88.4,80.77
494c8f1916a97efe3390ba9dbab6ce7d,"SAMPAI JUMPA, SELAMAT TINGGAL",LAMPUNG,7,2,0.2857142857142857,16,52,3.25,1.62,21.32
494c8f1916a97efe3390ba9dbab6ce7d,TENUNG BY RISA SARASWATI & DIMASTA,LAMPUNG,2,10,5.0,33,410,12.424242424242424,12.36,30.26
494c8f1916a97efe3390ba9dbab6ce7d,WAKTU MAGHRIB 2,LAMPUNG,4,5,1.25,61,182,2.9836065573770494,11.29,27.4
4a4c71e99772e87c9e35a56acd8be21e,BALLERINA,TERNATE,1,4,4.0,42,366,8.714285714285714,21.0,59.33
4a4c71e99772e87c9e35a56acd8be21e,GOWOK KAMASUTRA JAWA UNCUT,TERNATE,2,2,1.0,23,128,5.565217391304348,6.83,40.69
4a4c71e99772e87c9e35a56acd8be21e,MISSION: IMPOSSIBLE - THE FINAL RECKONING,TERNATE,2,3,1.5,35,202,5.771428571428571,14.56,56.51
4a4c71e99772e87c9e35a56acd8be21e,WAKTU MAGHRIB 2,TERNATE,3,4,1.3333333333333333,55,353,6.418181818181818,15.4,73.65
4a61d7e09bbe3868d79af81be96ed6ee,BALLERINA,CIKARANG,2,4,2.0,21,92,4.380952380952381,21.12,47.84
4ba87a86e02dd8a810032db35bf13c51,TENUNG BY RISA SARASWATI & DIMASTA,BENGKULU,2,5,2.5,53,100,1.8867924528301887,13.0,9.89
4e12b237c826209f7ddc5b29a96380b6,BALLERINA,BEKASI,6,24,4.0,126,1127,8.944444444444445,8.22,29.66
4e12b237c826209f7ddc5b29a96380b6,FINAL DESTINATION: BLOODLINES,BEKASI,3,2,0.6666666666666666,80,191,2.3875,22.05,75.71
4e12b237c826209f7ddc5b29a96380b6,GOWOK KAMASUTRA JAWA,BEKASI,3,1,0.3333333333333333,8,18,2.25,0.69,9.36
4e12b237c826209f7ddc5b29a96380b6,GOWOK KAMASUTRA JAWA UNCUT,BEKASI,6,15,2.5,56,381,6.803571428571429,4.12,13.16
4e12b237c826209f7ddc5b29a96380b6,KARATE KID: LEGENDS,BEKASI,3,9,3.0,46,641,13.934782608695652,13.05,54.25
4e12b237c826209f7ddc5b29a96380b6,LILO & STITCH,BEKASI,5,7,1.4,246,750,3.048780487804878,32.55,69.83
4e12b237c826209f7ddc5b29a96380b6,MISSION: IMPOSSIBLE - THE FINAL RECKONING,BEKASI,1,7,7.0,20,609,30.45,14.7,73.87
4e12b237c826209f7ddc5b29a96380b6,TAK INGIN USAI DI SINI,BEKASI,1,18,18.0,11,436,39.63636363636363,6.18,15.34
4e12b237c826209f7ddc5b29a96380b6,TENUNG BY RISA SARASWATI & DIMASTA,BEKASI,11,25,2.272727272727273,186,644,3.4623655913978495,7.21,12.36
4e12b237c826209f7ddc5b29a96380b6,WAKTU MAGHRIB 2,BEKASI,5,7,1.4,56,287,5.125,7.49,28.55
4eb26b1058266dc50a63dc875e4d8846,BALLERINA,MATARAM,1,4,4.0,36,205,5.694444444444445,26.0,38.06
4eb26b1058266dc50a63dc875e4d8846,MISSION: IMPOSSIBLE - THE FINAL RECKONING,MATARAM,2,3,1.5,125,259,2.072,51.98,34.67
4eb26b1058266dc50a63dc875e4d8846,TAK INGIN USAI DI SINI,MATARAM,4,5,1.25,156,200,1.2820512820512822,28.6,29.4
4eb26b1058266dc50a63dc875e4d8846,TENUNG BY RISA SARASWATI & DIMASTA,MATARAM,1,5,5.0,36,168,4.666666666666667,21.0,18.54
4eb26b1058266dc50a63dc875e4d8846,WAKTU MAGHRIB 2,MATARAM,1,3,3.0,40,93,2.325,32.55,25.06
4fc3fc370b299876663c7d5c90595853,BALLERINA,BANJARMASIN,3,5,1.6666666666666667,164,649,3.957317073170732,24.96,61.32
4fc3fc370b299876663c7d5c90595853,GOWOK KAMASUTRA JAWA,BANJARMASIN,2,4,2.0,110,106,0.9636363636363636,31.93,20.54
4fc3fc370b299876663c7d5c90595853,GOWOK KAMASUTRA JAWA UNCUT,BANJARMASIN,2,4,2.0,278,424,1.525179856115108,90.64,62.32
4fc3fc370b299876663c7d5c90595853,TAK INGIN USAI DI SINI,BANJARMASIN,1,5,5.0,68,265,3.8970588235294117,40.56,30.37
4fc3fc370b299876663c7d5c90595853,TENUNG BY RISA SARASWATI & DIMASTA,BANJARMASIN,2,10,5.0,225,361,1.6044444444444443,52.0,22.26
4fc3fc370b299876663c7d5c90595853,WAKTU MAGHRIB 2,BANJARMASIN,2,5,2.5,150,371,2.473333333333333,59.8,53.76
52eed153a88a6bdcb46cbb266a07cba2,BALLERINA,TANGERANG,12,4,0.3333333333333333,324,218,0.6728395061728395,21.15,27.04
52eed153a88a6bdcb46cbb266a07cba2,LILO & STITCH,TANGERANG,3,1,0.3333333333333333,105,76,0.7238095238095238,22.05,57.75
52eed153a88a6bdcb46cbb266a07cba2,"SAMPAI JUMPA, SELAMAT TINGGAL",TANGERANG,6,1,0.16666666666666666,87,3,0.034482758620689655,8.93,2.06
52eed153a88a6bdcb46cbb266a07cba2,TAK INGIN USAI DI SINI,TANGERANG,4,1,0.25,90,22,0.24444444444444444,12.86,10.5
52eed153a88a6bdcb46cbb266a07cba2,TENUNG BY RISA SARASWATI & DIMASTA,TANGERANG,4,1,0.25,141,41,0.2907801418439716,24.46,29.87
541130ea8083a789df5d15bbfe13055a,BALLERINA,MAKASSAR,3,9,3.0,66,352,5.333333333333333,26.35,47.25
541130ea8083a789df5d15bbfe13055a,GOWOK KAMASUTRA JAWA UNCUT,MAKASSAR,2,2,1.0,48,47,0.9791666666666666,15.6,14.94
541130ea8083a789df5d15bbfe13055a,LILO & STITCH,MAKASSAR,1,2,2.0,15,151,10.066666666666666,13.52,68.12
541130ea8083a789df5d15bbfe13055a,MISSION: IMPOSSIBLE - THE FINAL RECKONING,MAKASSAR,3,9,3.0,58,612,10.551724137931034,21.63,49.46
541130ea8083a789df5d15bbfe13055a,TAK INGIN USAI DI SINI,MAKASSAR,1,5,5.0,32,246,7.6875,21.0,17.92
541130ea8083a789df5d15bbfe13055a,TENUNG BY RISA SARASWATI & DIMASTA,MAKASSAR,5,10,2.0,163,446,2.736196319018405,19.76,22.45
541130ea8083a789df5d15bbfe13055a,WAKTU MAGHRIB 2,MAKASSAR,3,8,2.6666666666666665,82,242,2.951219512195122,22.75,25.73
57d37d0d839b9dff6f87d6b5d5b679cc,GOWOK KAMASUTRA JAWA UNCUT,SOLO,1,4,4.0,149,271,1.8187919463087248,93.6,41.72
57d37d0d839b9dff6f87d6b5d5b679cc,MISSION: IMPOSSIBLE - THE FINAL RECKONING,SOLO,1,4,4.0,81,265,3.271604938271605,35.02,74.93
57d37d0d839b9dff6f87d6b5d5b679cc,"SAMPAI JUMPA, SELAMAT TINGGAL",SOLO,3,3,1.0,63,16,0.25396825396825395,14.91,3.15
57d37d0d839b9dff6f87d6b5d5b679cc,TAK INGIN USAI DI SINI,SOLO,1,5,5.0,59,224,3.7966101694915255,36.05,26.99
580919d632e55fd9736ae1a2ac6ed0c5,BALLERINA,BATAM,5,10,2.0,103,666,6.466019417475728,15.12,51.45
580919d632e55fd9736ae1a2ac6ed0c5,GOWOK KAMASUTRA JAWA UNCUT,BATAM,3,2,0.6666666666666666,124,140,1.1290322580645162,16.64,58.24
580919d632e55fd9736ae1a2ac6ed0c5,MISSION: IMPOSSIBLE - THE FINAL RECKONING,BATAM,1,4,4.0,26,491,18.884615384615383,21.0,92.82
580919d632e55fd9736ae1a2ac6ed0c5,TENUNG BY RISA SARASWATI & DIMASTA,BATAM,4,5,1.25,62,178,2.870967741935484,9.45,13.02
592095e0ddc2c230cf3002d72e9bac41,BALLERINA,MANOKWARI,1,5,5.0,37,330,8.91891891891892,20.8,36.96
592095e0ddc2c230cf3002d72e9bac41,GOWOK KAMASUTRA JAWA UNCUT,MANOKWARI,1,2,2.0,7,83,11.857142857142858,3.15,20.6
592095e0ddc2c230cf3002d72e9bac41,TENUNG BY RISA SARASWATI & DIMASTA,MANOKWARI,1,5,5.0,46,286,6.217391304347826,22.88,28.77
592095e0ddc2c230cf3002d72e9bac41,WAKTU MAGHRIB 2,MANOKWARI,1,5,5.0,9,157,17.444444444444443,5.15,18.72
5a894958f375392ce7981be2eb9a26be,TAK INGIN USAI DI SINI,JEMBER,1,5,5.0,29,129,4.448275862068965,21.63,19.53
5a894958f375392ce7981be2eb9a26be,TENUNG BY RISA SARASWATI & DIMASTA,JEMBER,2,5,2.5,38,63,1.6578947368421053,9.79,6.39
5b8eaa351fae8e6d1e759e814d74c1c5,BALLERINA,MEDAN,8,26,3.25,251,1543,6.147410358565737,15.97,40.71
5b8eaa351fae8e6d1e759e814d74c1c5,FINAL DESTINATION: BLOODLINES,MEDAN,2,5,2.5,75,384,5.12,30.39,63.65
5b8eaa351fae8e6d1e759e814d74c1c5,GOWOK KAMASUTRA JAWA,MEDAN,1,4,4.0,9,74,8.222222222222221,7.21,14.56
5b8eaa351fae8e6d1e759e814d74c1c5,GOWOK KAMASUTRA JAWA UNCUT,MEDAN,6,8,1.3333333333333333,82,445,5.426829268292683,7.9,42.9
5b8eaa351fae8e6d1e759e814d74c1c5,KARATE KID: LEGENDS,MEDAN,3,12,4.0,196,1535,7.831632653061225,49.0,65.09
5b8eaa351fae8e6d1e759e814d74c1c5,LILO & STITCH,MEDAN,1,2,2.0,71,413,5.816901408450704,48.88,80.34
5b8eaa351fae8e6d1e759e814d74c1c5,MISSION: IMPOSSIBLE - THE FINAL RECKONING,MEDAN,2,13,6.5,21,844,40.19047619047619,8.32,59.28
5b8eaa351fae8e6d1e759e814d74c1c5,TAK INGIN USAI DI SINI,MEDAN,2,8,4.0,41,320,7.804878048780488,14.56,25.49
5b8eaa351fae8e6d1e759e814d74c1c5,TENUNG BY RISA SARASWATI & DIMASTA,MEDAN,8,28,3.5,174,1840,10.574712643678161,12.47,40.86
5b8eaa351fae8e6d1e759e814d74c1c5,WAKTU MAGHRIB 2,MEDAN,10,22,2.2,215,1820,8.465116279069768,15.39,59.18
5ff7565cdb056b4bdcb43d0ea2b5380d,GOWOK KAMASUTRA JAWA UNCUT,KUPANG,1,2,2.0,16,29,1.8125,11.33,14.42
5ff7565cdb056b4bdcb43d0ea2b5380d,WAKTU MAGHRIB 2,KUPANG,3,5,1.6666666666666667,32,92,2.875,8.67,15.12
62447bb073160adcf6d6022240a3663c,TENUNG BY RISA SARASWATI & DIMASTA,KLATEN,1,5,5.0,48,77,1.6041666666666667,28.35,8.82
62447bb073160adcf6d6022240a3663c,WAKTU MAGHRIB 2,KLATEN,2,2,1.0,32,84,2.625,11.55,31.5
66d433e397ff7f3d460500704fd40a5a,BALLERINA,PEKANBARU,3,5,1.6666666666666667,33,109,3.303030303030303,28.0,53.77
66d433e397ff7f3d460500704fd40a5a,MISSION: IMPOSSIBLE - THE FINAL RECKONING,PEKANBARU,2,3,1.5,29,118,4.068965517241379,35.88,98.7
7114d91eccf418326f7a9a05943c04e1,BALLERINA,JAMBI,2,10,5.0,12,450,37.5,4.12,33.39
7114d91eccf418326f7a9a05943c04e1,GOWOK KAMASUTRA JAWA,JAMBI,2,2,1.0,101,80,0.7920792079207921,39.0,30.68
7114d91eccf418326f7a9a05943c04e1,GOWOK KAMASUTRA JAWA UNCUT,JAMBI,2,6,3.0,133,353,2.654135338345865,48.36,43.33
7114d91eccf418326f7a9a05943c04e1,TENUNG BY RISA SARASWATI & DIMASTA,JAMBI,1,5,5.0,12,274,22.833333333333332,5.15,34.65
7114d91eccf418326f7a9a05943c04e1,WAKTU MAGHRIB 2,JAMBI,3,10,3.3333333333333335,110,719,6.536363636363636,27.39,48.51
716ede53fbca27fbe1c1a55d6667c2b5,BALLERINA,CIKARANG,3,9,3.0,18,286,15.88888888888889,2.75,16.68
716ede53fbca27fbe1c1a55d6667c2b5,GOWOK KAMASUTRA JAWA UNCUT,CIKARANG,3,8,2.6666666666666665,78,439,5.628205128205129,13.05,27.82
716ede53fbca27fbe1c1a55d6667c2b5,TAK INGIN USAI DI SINI,CIKARANG,1,9,9.0,4,340,85.0,2.08,24.04
716ede53fbca27fbe1c1a55d6667c2b5,TENUNG BY RISA SARASWATI & DIMASTA,CIKARANG,4,10,2.5,51,345,6.764705882352941,5.51,16.12
716ede53fbca27fbe1c1a55d6667c2b5,WAKTU MAGHRIB 2,CIKARANG,2,5,2.5,22,222,10.090909090909092,6.24,26.37
7995e00051a2fe6aeed7cfdbe0378c01,TENUNG BY RISA SARASWATI & DIMASTA,TIMIKA,1,7,7.0,48,488,10.166666666666666,26.0,37.96
7995e00051a2fe6aeed7cfdbe0378c01,WAKTU MAGHRIB 2,TIMIKA,1,1,1.0,29,2,0.06896551724137931,16.64,1.05
79d0a75ad3523955b8d0e01198d6e9c9,MISSION: IMPOSSIBLE - THE FINAL RECKONING,CIREBON,1,2,2.0,14,49,3.5,59.74,100.0
7c271f1e1351e6433b202d77b88012c2,TENUNG BY RISA SARASWATI & DIMASTA,CIREBON,1,5,5.0,36,182,5.055555555555555,12.6,11.95
7c271f1e1351e6433b202d77b88012c2,WAKTU MAGHRIB 2,CIREBON,1,5,5.0,6,251,41.833333333333336,3.15,29.33
8188326fb0a403be03ea632997c8a959,BALLERINA,GORONTALO,1,5,5.0,90,247,2.7444444444444445,56.7,30.49
8188326fb0a403be03ea632997c8a959,MISSION: IMPOSSIBLE - THE FINAL RECKONING,GORONTALO,2,4,2.0,71,275,3.8732394366197185,30.68,61.95
8188326fb0a403be03ea632997c8a959,TAK INGIN USAI DI SINI,GORONTALO,3,5,1.6666666666666667,94,152,1.6170212765957446,25.55,23.94
81c620b2538435926cbbf15745ef5901,GOWOK KAMASUTRA JAWA UNCUT,MADIUN,1,2,2.0,39,109,2.7948717948717947,23.92,40.95
81c620b2538435926cbbf15745ef5901,MISSION: IMPOSSIBLE - THE FINAL RECKONING,MADIUN,1,2,2.0,9,124,13.777777777777779,6.3,45.32
81c620b2538435926cbbf15745ef5901,TENUNG BY RISA SARASWATI & DIMASTA,MADIUN,2,5,2.5,108,149,1.3796296296296295,26.78,14.83
81c620b2538435926cbbf15745ef5901,WAKTU MAGHRIB 2,MADIUN,2,5,2.5,68,179,2.6323529411764706,20.6,22.05
862442166e956fe0e8355db8852d9440,BALLERINA,TANGERANG,11,3,0.2727272727272727,195,102,0.5230769230769231,14.37,72.44
862442166e956fe0e8355db8852d9440,MISSION: IMPOSSIBLE - THE FINAL RECKONING,TANGERANG,6,1,0.16666666666666666,238,162,0.680672268907563,46.55,52.0
862442166e956fe0e8355db8852d9440,MISSION: IMPOSSIBLE - THE FINAL RECKONING (IMAX 2D) ,TANGERANG,3,2,0.6666666666666666,99,177,1.7878787878787878,10.05,19.24
862442166e956fe0e8355db8852d9440,TAK INGIN USAI DI SINI,TANGERANG,4,2,0.5,147,57,0.3877551020408163,19.57,15.23
8750b9ee0b0c6c6afcfcb2a05e60efc0,BALLERINA,BANDUNG,8,17,2.125,112,578,5.160714285714286,11.72,28.84
8750b9ee0b0c6c6afcfcb2a05e60efc0,GOWOK KAMASUTRA JAWA,BANDUNG,2,2,1.0,50,29,0.58,19.76,10.82
8750b9ee0b0c6c6afcfcb2a05e60efc0,GOWOK KAMASUTRA JAWA UNCUT,BANDUNG,3,8,2.6666666666666665,81,227,2.802469135802469,18.2,17.98
8750b9ee0b0c6c6afcfcb2a05e60efc0,JUMBO,BANDUNG,4,5,1.25,48,174,3.625,9.45,28.5
8750b9ee0b0c6c6afcfcb2a05e60efc0,LILO & STITCH,BANDUNG,1,5,5.0,23,467,20.304347826086957,9.36,41.79
8750b9ee0b0c6c6afcfcb2a05e60efc0,MISSION: IMPOSSIBLE - THE FINAL RECKONING,BANDUNG,4,12,3.0,49,515,10.510204081632653,22.66,47.84
8750b9ee0b0c6c6afcfcb2a05e60efc0,TENUNG BY RISA SARASWATI & DIMASTA,BANDUNG,10,20,2.0,595,509,0.8554621848739495,31.21,11.95
8750b9ee0b0c6c6afcfcb2a05e60efc0,WAKTU MAGHRIB 2,BANDUNG,5,7,1.4,86,151,1.755813953488372,13.8,17.09
88d0ee0029bee810e1d0fe37f73e2d3b,GOWOK KAMASUTRA JAWA,SOLO,2,1,0.5,64,20,0.3125,18.38,7.35
88d0ee0029bee810e1d0fe37f73e2d3b,MISSION: IMPOSSIBLE - THE FINAL RECKONING,SOLO,1,6,6.0,7,309,44.142857142857146,14.56,54.6
88d0ee0029bee810e1d0fe37f73e2d3b,TENUNG BY RISA SARASWATI & DIMASTA,SOLO,4,5,1.25,184,166,0.9021739130434783,17.59,11.95
8d2e05da5624875993cb8580c88334a9,BALLERINA,CIREBON,5,7,1.4,107,383,3.5794392523364484,10.4,27.96
8d2e05da5624875993cb8580c88334a9,GOWOK KAMASUTRA JAWA UNCUT,CIREBON,1,8,8.0,63,367,5.825396825396825,42.23,30.55
8d2e05da5624875993cb8580c88334a9,TENUNG BY RISA SARASWATI & DIMASTA,CIREBON,1,10,10.0,59,412,6.983050847457627,30.45,21.32
8d2e05da5624875993cb8580c88334a9,WAKTU MAGHRIB 2,CIREBON,2,8,4.0,30,362,12.066666666666666,9.79,33.48
9158e16be84a6db4d63d3289099f119b,BALLERINA,JAYAPURA,4,7,1.75,130,530,4.076923076923077,50.47,93.75
9158e16be84a6db4d63d3289099f119b,TAK INGIN USAI DI SINI,JAYAPURA,2,5,2.5,100,208,2.08,36.75,32.14
9158e16be84a6db4d63d3289099f119b,TENUNG BY RISA SARASWATI & DIMASTA,JAYAPURA,2,5,2.5,93,279,3.0,33.8,20.79
9158e16be84a6db4d63d3289099f119b,WAKTU MAGHRIB 2,JAYAPURA,1,5,5.0,12,289,24.083333333333332,9.36,49.77
919c7b9859d8ce7cab47dab2463e7fab,BALLERINA,MAKASSAR,3,5,1.6666666666666667,177,569,3.214689265536723,23.8,60.77
919c7b9859d8ce7cab47dab2463e7fab,JUMBO,MAKASSAR,1,5,5.0,15,370,24.666666666666668,7.35,41.6
919c7b9859d8ce7cab47dab2463e7fab,LILO & STITCH,MAKASSAR,3,5,1.6666666666666667,165,768,4.654545454545454,39.83,63.21
919c7b9859d8ce7cab47dab2463e7fab,TAK INGIN USAI DI SINI,MAKASSAR,1,5,5.0,65,335,5.153846153846154,36.4,25.83
92e94ed55b4de8feaff9462a66e2dbd7,GOWOK KAMASUTRA JAWA UNCUT,PEKANBARU,1,2,2.0,4,59,14.75,2.06,18.72
92e94ed55b4de8feaff9462a66e2dbd7,MISSION: IMPOSSIBLE - THE FINAL RECKONING,PEKANBARU,1,4,4.0,26,179,6.884615384615385,15.45,27.83
92e94ed55b4de8feaff9462a66e2dbd7,TENUNG BY RISA SARASWATI & DIMASTA,PEKANBARU,4,3,0.75,18,129,7.166666666666667,1.3,27.12
92e94ed55b4de8feaff9462a66e2dbd7,WAKTU MAGHRIB 2,PEKANBARU,3,8,2.6666666666666665,80,544,6.8,13.17,37.34
9715c9bc57db04a2506acfdab71ec1c6,TENUNG BY RISA SARASWATI & DIMASTA,RANTAU PRAPAT,3,5,1.6666666666666667,141,910,6.453900709219858,25.41,100.0
9715c9bc57db04a2506acfdab71ec1c6,WAKTU MAGHRIB 2,RANTAU PRAPAT,2,2,1.0,73,355,4.863013698630137,28.35,99.32
981569adf232c53afe751c8c660db8d9,DENDAM MALAM KELAM,BATAM,1,2,2.0,36,157,4.361111111111111,24.96,54.6
981569adf232c53afe751c8c660db8d9,GOWOK KAMASUTRA JAWA UNCUT,BATAM,1,4,4.0,119,367,3.0840336134453783,69.68,54.86
981569adf232c53afe751c8c660db8d9,KARATE KID: LEGENDS,BATAM,1,5,5.0,74,889,12.013513513513514,50.4,62.42
981569adf232c53afe751c8c660db8d9,TENUNG BY RISA SARASWATI & DIMASTA,BATAM,2,5,2.5,70,345,4.928571428571429,16.28,46.56
981569adf232c53afe751c8c660db8d9,WAKTU MAGHRIB 2,BATAM,2,3,1.5,45,281,6.2444444444444445,14.94,64.13
9aab42397bbc1d1cdb49f7044dc990f0,BALLERINA,PALEMBANG,5,13,2.6,135,656,4.859259259259259,10.19,36.1
9aab42397bbc1d1cdb49f7044dc990f0,GOWOK KAMASUTRA JAWA UNCUT,PALEMBANG,2,3,1.5,67,249,3.716417910447761,11.44,29.18
9aab42397bbc1d1cdb49f7044dc990f0,MISSION: IMPOSSIBLE - THE FINAL RECKONING,PALEMBANG,2,10,5.0,26,492,18.923076923076923,7.88,41.1
9aab42397bbc1d1cdb49f7044dc990f0,TAK INGIN USAI DI SINI,PALEMBANG,1,5,5.0,24,246,10.25,15.6,35.84
9aab42397bbc1d1cdb49f7044dc990f0,TENUNG BY RISA SARASWATI & DIMASTA,PALEMBANG,4,10,2.5,185,862,4.65945945945946,17.94,46.45
9aab42397bbc1d1cdb49f7044dc990f0,WAKTU MAGHRIB 2,PALEMBANG,1,5,5.0,31,555,17.903225806451612,22.66,75.4
9cc7970100d8e4c2202f08cb78c6eb20,BALLERINA,YOGYAKARTA,3,7,2.3333333333333335,93,364,3.913978494623656,10.5,35.76
9cc7970100d8e4c2202f08cb78c6eb20,GOWOK KAMASUTRA JAWA UNCUT,YOGYAKARTA,1,3,3.0,74,192,2.5945945945945947,40.17,35.01
9cc7970100d8e4c2202f08cb78c6eb20,JUMBO,YOGYAKARTA,1,3,3.0,23,319,13.869565217391305,12.48,58.45
9cc7970100d8e4c2202f08cb78c6eb20,MISSION: IMPOSSIBLE - THE FINAL RECKONING,YOGYAKARTA,1,4,4.0,34,298,8.764705882352942,18.72,76.7
9cc7970100d8e4c2202f08cb78c6eb20,"SAMPAI JUMPA, SELAMAT TINGGAL",YOGYAKARTA,2,2,1.0,30,14,0.4666666666666667,10.4,4.64
9cc7970100d8e4c2202f08cb78c6eb20,TENUNG BY RISA SARASWATI & DIMASTA,YOGYAKARTA,1,2,2.0,10,44,4.4,5.2,11.44
9cc7970100d8e4c2202f08cb78c6eb20,WAKTU MAGHRIB 2,YOGYAKARTA,2,5,2.5,48,180,3.75,10.92,16.69
9f0564f5cabe643e4dbb08b80d3cc241,BALLERINA,PONTIANAK,3,5,1.6666666666666667,371,936,2.522911051212938,41.54,63.24
9f0564f5cabe643e4dbb08b80d3cc241,GOWOK KAMASUTRA JAWA,PONTIANAK,1,1,1.0,40,23,0.575,22.66,11.55
9f0564f5cabe643e4dbb08b80d3cc241,KARATE KID: LEGENDS,PONTIANAK,1,3,3.0,167,514,3.0778443113772456,92.4,100.0
9f0564f5cabe643e4dbb08b80d3cc241,MISSION: IMPOSSIBLE - THE FINAL RECKONING,PONTIANAK,1,2,2.0,156,363,2.326923076923077,87.36,100.0
9f0564f5cabe643e4dbb08b80d3cc241,TAK INGIN USAI DI SINI,PONTIANAK,2,5,2.5,126,292,2.3174603174603177,34.84,32.45
9f0564f5cabe643e4dbb08b80d3cc241,TENUNG BY RISA SARASWATI & DIMASTA,PONTIANAK,1,5,5.0,139,369,2.6546762589928057,73.84,39.55
a09b9ee7f937939ee25c24ef8c2e91be,BALLERINA,BALIKPAPAN,2,2,1.0,8,106,13.25,5.78,69.83
a09b9ee7f937939ee25c24ef8c2e91be,GOWOK KAMASUTRA JAWA UNCUT,BALIKPAPAN,1,2,2.0,9,122,13.555555555555555,6.24,94.25
a09b9ee7f937939ee25c24ef8c2e91be,LILO & STITCH,BALIKPAPAN,4,5,1.25,184,327,1.7771739130434783,61.88,47.38
a09b9ee7f937939ee25c24ef8c2e91be,TENUNG BY RISA SARASWATI & DIMASTA,BALIKPAPAN,1,3,3.0,11,79,7.181818181818182,13.39,40.51
a55554e941cb93c23d1522f88fd0d004,GOWOK KAMASUTRA JAWA UNCUT,DUMAI,1,2,2.0,9,240,26.666666666666668,4.16,93.45
a55554e941cb93c23d1522f88fd0d004,TAK INGIN USAI DI SINI,DUMAI,1,3,3.0,5,263,52.6,2.06,67.6
a55554e941cb93c23d1522f88fd0d004,TENUNG BY RISA SARASWATI & DIMASTA,DUMAI,1,5,5.0,37,855,23.10810810810811,16.48,76.43
a55554e941cb93c23d1522f88fd0d004,WAKTU MAGHRIB 2,DUMAI,2,5,2.5,32,726,22.6875,11.96,79.25
a616a546264044ed616bc2bdf2d9f7fc,BALLERINA,YOGYAKARTA,4,12,3.0,54,336,6.222222222222222,10.82,21.37
a616a546264044ed616bc2bdf2d9f7fc,GOWOK KAMASUTRA JAWA UNCUT,YOGYAKARTA,2,8,4.0,203,463,2.2807881773399017,64.89,27.43
a616a546264044ed616bc2bdf2d9f7fc,MISSION: IMPOSSIBLE - THE FINAL RECKONING,YOGYAKARTA,1,4,4.0,23,262,11.391304347826088,32.24,60.32
a616a546264044ed616bc2bdf2d9f7fc,TENUNG BY RISA SARASWATI & DIMASTA,YOGYAKARTA,2,10,5.0,44,157,3.5681818181818183,17.51,10.08
a616a546264044ed616bc2bdf2d9f7fc,WAKTU MAGHRIB 2,YOGYAKARTA,1,8,8.0,28,174,6.214285714285714,18.72,16.38
a691dd0d8274fa85ecdc7d5ad6df1628,GOWOK KAMASUTRA JAWA,LAMPUNG,2,4,2.0,141,183,1.297872340425532,43.26,37.44
a691dd0d8274fa85ecdc7d5ad6df1628,MISSION: IMPOSSIBLE - THE FINAL RECKONING,LAMPUNG,1,2,2.0,24,221,9.208333333333334,19.76,90.64
a691dd0d8274fa85ecdc7d5ad6df1628,TAK INGIN USAI DI SINI,LAMPUNG,2,5,2.5,134,320,2.388059701492537,42.0,32.76
a691dd0d8274fa85ecdc7d5ad6df1628,TENUNG BY RISA SARASWATI & DIMASTA,LAMPUNG,3,5,1.6666666666666667,240,295,1.2291666666666667,39.87,25.58
a691dd0d8274fa85ecdc7d5ad6df1628,WAKTU MAGHRIB 2,LAMPUNG,2,5,2.5,104,418,4.019230769230769,26.27,51.29
a6d19ebcb27f61cbf41a6552fbf68676,BALLERINA,SIDOARJO,1,5,5.0,20,149,7.45,14.56,21.84
a6d19ebcb27f61cbf41a6552fbf68676,GOWOK KAMASUTRA JAWA UNCUT,SIDOARJO,1,4,4.0,142,201,1.4154929577464788,95.79,34.32
a6d19ebcb27f61cbf41a6552fbf68676,"SAMPAI JUMPA, SELAMAT TINGGAL",SIDOARJO,3,3,1.0,32,16,0.5,7.63,3.43
a9d508d218799f9dc69bb4aefc122cb3,BALLERINA,MANADO,8,15,1.875,265,892,3.3660377358490567,25.61,45.27
a9d508d218799f9dc69bb4aefc122cb3,GOWOK KAMASUTRA JAWA UNCUT,MANADO,1,2,2.0,38,74,1.9473684210526316,22.05,29.4
a9d508d218799f9dc69bb4aefc122cb3,KARATE KID: LEGENDS,MANADO,1,5,5.0,22,246,11.181818181818182,53.56,63.63
a9d508d218799f9dc69bb4aefc122cb3,LILO & STITCH,MANADO,3,8,2.6666666666666665,85,543,6.3882352941176475,16.99,40.95
a9d508d218799f9dc69bb4aefc122cb3,MISSION: IMPOSSIBLE - THE FINAL RECKONING,MANADO,4,9,2.25,165,843,5.109090909090909,42.79,56.93
a9d508d218799f9dc69bb4aefc122cb3,TAK INGIN USAI DI SINI,MANADO,1,5,5.0,89,426,4.786516853932584,48.3,30.16
a9d508d218799f9dc69bb4aefc122cb3,WAKTU MAGHRIB 2,MANADO,3,5,1.6666666666666667,152,288,1.894736842105263,37.77,33.49
afbb3b11f728a54ad1eb3ca34f602779,BALLERINA,KENDARI,2,4,2.0,72,284,3.9444444444444446,19.95,39.38
afbb3b11f728a54ad1eb3ca34f602779,GOWOK KAMASUTRA JAWA UNCUT,KENDARI,2,2,1.0,20,102,5.1,4.73,25.48
afbb3b11f728a54ad1eb3ca34f602779,MISSION: IMPOSSIBLE - THE FINAL RECKONING,KENDARI,1,3,3.0,46,265,5.760869565217392,22.88,44.63
afbb3b11f728a54ad1eb3ca34f602779,TENUNG BY RISA SARASWATI & DIMASTA,KENDARI,2,5,2.5,81,296,3.654320987654321,13.65,20.18
afbb3b11f728a54ad1eb3ca34f602779,WAKTU MAGHRIB 2,KENDARI,2,3,1.5,31,157,5.064516129032258,7.21,26.09
b2539b1f80254243391774489b1328aa,WAKTU MAGHRIB 2,ROKAN HILIR,3,3,1.0,80,544,6.8,12.36,84.12
b4972b48997defae8304bc9c41220c7c,BALLERINA,BEKASI,12,32,2.6666666666666665,172,1668,9.69767441860465,9.8,33.25
b4972b48997defae8304bc9c41220c7c,GOWOK KAMASUTRA JAWA UNCUT,BEKASI,7,19,2.7142857142857144,106,826,7.7924528301886795,6.33,18.88
b4972b48997defae8304bc9c41220c7c,JUMBO,BEKASI,1,3,3.0,52,441,8.48076923076923,38.48,54.93
b4972b48997defae8304bc9c41220c7c,KARATE KID: LEGENDS,BEKASI,2,3,1.5,32,193,6.03125,9.88,48.3
b4972b48997defae8304bc9c41220c7c,LILO & STITCH,BEKASI,1,2,2.0,40,286,7.15,29.12,53.04
b4972b48997defae8304bc9c41220c7c,MISSION: IMPOSSIBLE - THE FINAL RECKONING,BEKASI,3,13,4.333333333333333,70,1383,19.757142857142856,32.96,77.94
b4972b48997defae8304bc9c41220c7c,"SAMPAI JUMPA, SELAMAT TINGGAL",BEKASI,2,5,2.5,143,133,0.9300699300699301,52.02,14.77
b4972b48997defae8304bc9c41220c7c,TAK INGIN USAI DI SINI,BEKASI,2,20,10.0,64,436,6.8125,15.45,8.32
b4972b48997defae8304bc9c41220c7c,TENUNG BY RISA SARASWATI & DIMASTA,BEKASI,8,27,3.375,269,770,2.862453531598513,13.91,11.9
b4972b48997defae8304bc9c41220c7c,WAKTU MAGHRIB 2,BEKASI,1,2,2.0,22,162,7.363636363636363,7.28,60.38
be8de71502987819afd4c2ceea71c539,BALLERINA,GRESIK,1,2,2.0,42,82,1.9523809523809523,34.32,33.99
be8de71502987819afd4c2ceea71c539,GOWOK KAMASUTRA JAWA,GRESIK,1,4,4.0,47,80,1.702127659574468,32.55,15.71
be8de71502987819afd4c2ceea71c539,TAK INGIN USAI DI SINI,GRESIK,3,5,1.6666666666666667,87,147,1.6896551724137931,19.57,19.78
be8de71502987819afd4c2ceea71c539,TENUNG BY RISA SARASWATI & DIMASTA,GRESIK,1,5,5.0,58,114,1.9655172413793103,34.32,11.55
be8de71502987819afd4c2ceea71c539,WAKTU MAGHRIB 2,GRESIK,1,5,5.0,12,261,21.75,6.24,30.99
bf33cc26f29bf266a83e35901fa80c9c,BALLERINA,AMBON,1,5,5.0,83,593,7.144578313253012,35.7,51.45
bf33cc26f29bf266a83e35901fa80c9c,MISSION: IMPOSSIBLE - THE FINAL RECKONING,AMBON,1,4,4.0,68,419,6.161764705882353,46.35,72.98
bf33cc26f29bf266a83e35901fa80c9c,"SAMPAI JUMPA, SELAMAT TINGGAL",AMBON,3,3,1.0,36,27,0.75,7.9,5.55
bf33cc26f29bf266a83e35901fa80c9c,TENUNG BY RISA SARASWATI & DIMASTA,AMBON,4,5,1.25,215,590,2.744186046511628,29.87,70.77
bf33cc26f29bf266a83e35901fa80c9c,WAKTU MAGHRIB 2,AMBON,2,5,2.5,58,483,8.327586206896552,19.95,67.2
c35e24eefa840ac2009279f1efc52288,BALLERINA,BONTANG,2,5,2.5,59,366,6.203389830508475,13.65,35.07
c35e24eefa840ac2009279f1efc52288,GOWOK KAMASUTRA JAWA UNCUT,BONTANG,1,2,2.0,11,181,16.454545454545453,5.25,67.98
c35e24eefa840ac2009279f1efc52288,TENUNG BY RISA SARASWATI & DIMASTA,BONTANG,2,8,4.0,129,368,2.852713178294574,21.63,18.38
c48b7a4426e8cbee3f7dbfe8b87d1d89,GOWOK KAMASUTRA JAWA UNCUT,PEKALONGAN,1,6,6.0,161,468,2.906832298136646,100.0,50.61
c48b7a4426e8cbee3f7dbfe8b87d1d89,"SAMPAI JUMPA, SELAMAT TINGGAL",PEKALONGAN,1,2,2.0,17,10,0.5882352941176471,10.5,3.15
c48b7a4426e8cbee3f7dbfe8b87d1d89,TAK INGIN USAI DI SINI,PEKALONGAN,2,5,2.5,110,187,1.7,45.84,30.58
c4a19cbeb409639c836e4304976db0aa,BALLERINA,BANDUNG,6,25,4.166666666666667,188,1265,6.7287234042553195,15.95,29.05
c4a19cbeb409639c836e4304976db0aa,FINAL DESTINATION: BLOODLINES,BANDUNG,1,5,5.0,41,277,6.7560975609756095,27.04,21.22
c4a19cbeb409639c836e4304976db0aa,GOWOK KAMASUTRA JAWA,BANDUNG,5,7,1.4,152,108,0.7105263157894737,19.98,12.65
c4a19cbeb409639c836e4304976db0aa,JUMBO,BANDUNG,1,7,7.0,47,388,8.25531914893617,42.23,41.35
c4a19cbeb409639c836e4304976db0aa,MISSION: IMPOSSIBLE - THE FINAL RECKONING,BANDUNG,4,21,5.25,148,1523,10.29054054054054,28.86,49.29
c4a19cbeb409639c836e4304976db0aa,MISSION: IMPOSSIBLE - THE FINAL RECKONING (IMAX 2D) ,BANDUNG,1,4,4.0,19,696,36.63157894736842,4.12,40.17
c4a19cbeb409639c836e4304976db0aa,TAK INGIN USAI DI SINI,BANDUNG,5,20,4.0,100,351,3.51,12.18,12.1
c4a19cbeb409639c836e4304976db0aa,TENUNG BY RISA SARASWATI & DIMASTA,BANDUNG,6,30,5.0,331,1165,3.5196374622356497,27.65,19.6
c4a19cbeb409639c836e4304976db0aa,WAKTU MAGHRIB 2,BANDUNG,12,18,1.5,203,457,2.251231527093596,8.75,16.93
c71a18e33d4b7c73c8124c65fc3e6f1c,BALLERINA,MANADO,1,5,5.0,21,427,20.333333333333332,8.4,53.04
c71a18e33d4b7c73c8124c65fc3e6f1c,LILO & STITCH,MANADO,2,5,2.5,27,315,11.666666666666666,10.5,51.45
c71a18e33d4b7c73c8124c65fc3e6f1c,MISSION: IMPOSSIBLE - THE FINAL RECKONING,MANADO,1,4,4.0,72,450,6.25,44.29,49.14
c71a18e33d4b7c73c8124c65fc3e6f1c,THE RITUAL,MANADO,3,5,1.6666666666666667,97,170,1.7525773195876289,26.0,26.99
c877324e95024e707ae23f0aed947e15,BALLERINA,SEMARANG,4,12,3.0,72,475,6.597222222222222,19.31,30.68
c877324e95024e707ae23f0aed947e15,MISSION: IMPOSSIBLE - THE FINAL RECKONING,SEMARANG,1,5,5.0,27,330,12.222222222222221,68.25,68.6
c877324e95024e707ae23f0aed947e15,TENUNG BY RISA SARASWATI & DIMASTA,SEMARANG,2,10,5.0,75,315,4.2,23.63,19.43
c877324e95024e707ae23f0aed947e15,WAKTU MAGHRIB 2,SEMARANG,5,6,1.2,113,227,2.0088495575221237,15.39,24.89
cb2a49a747f8989ee0356ec7ac354177,TAK INGIN USAI DI SINI,BENGKULU,2,5,2.5,64,220,3.4375,23.92,32.55
cb2a49a747f8989ee0356ec7ac354177,TENUNG BY RISA SARASWATI & DIMASTA,BENGKULU,2,5,2.5,93,378,4.064516129032258,21.53,34.81
cb2a49a747f8989ee0356ec7ac354177,WAKTU MAGHRIB 2,BENGKULU,2,5,2.5,83,406,4.891566265060241,30.68,59.53
d1918db937d26e9e4ccd3e17e1ff0e2d,BALLERINA,SUMEDANG,1,3,3.0,15,66,4.4,8.24,17.85
d1918db937d26e9e4ccd3e17e1ff0e2d,GOWOK KAMASUTRA JAWA,SUMEDANG,2,2,1.0,48,17,0.3541666666666667,15.6,5.2
d1918db937d26e9e4ccd3e17e1ff0e2d,TENUNG BY RISA SARASWATI & DIMASTA,SUMEDANG,1,5,5.0,59,202,3.4237288135593222,34.32,22.45
d1918db937d26e9e4ccd3e17e1ff0e2d,WAKTU MAGHRIB 2,SUMEDANG,1,2,2.0,16,56,3.5,8.4,22.58
d297f2f746c4fd2723f3202fafcbfa1a,KARATE KID: LEGENDS,BONDOWOSO,1,3,3.0,17,86,5.0588235294117645,9.36,16.64
d33850e3698903061b4c18886ce00c9d,TAK INGIN USAI DI SINI,GARUT,3,5,1.6666666666666667,81,152,1.876543209876543,20.11,19.14
d33850e3698903061b4c18886ce00c9d,TENUNG BY RISA SARASWATI & DIMASTA,GARUT,1,5,5.0,25,150,6.0,15.6,19.14
da6b584c30e784d15b54ad124a760b19,BALLERINA,SAMARINDA,2,5,2.5,59,282,4.779661016949152,18.54,36.19
da6b584c30e784d15b54ad124a760b19,MISSION: IMPOSSIBLE - THE FINAL RECKONING,SAMARINDA,1,4,4.0,58,454,7.827586206896552,28.08,55.65
da6b584c30e784d15b54ad124a760b19,TENUNG BY RISA SARASWATI & DIMASTA,SAMARINDA,1,3,3.0,6,75,12.5,3.15,16.45
da96492ebd43c4a193238d6c3205cc40,BALLERINA,PEKANBARU,5,15,3.0,76,759,9.986842105263158,12.57,41.18
da96492ebd43c4a193238d6c3205cc40,GOWOK KAMASUTRA JAWA,PEKANBARU,1,1,1.0,42,41,0.9761904761904762,14.56,30.45
da96492ebd43c4a193238d6c3205cc40,GOWOK KAMASUTRA JAWA UNCUT,PEKANBARU,1,5,5.0,30,271,9.033333333333333,10.4,42.44
da96492ebd43c4a193238d6c3205cc40,KARATE KID: LEGENDS,PEKANBARU,1,7,7.0,78,595,7.628205128205129,71.07,70.92
da96492ebd43c4a193238d6c3205cc40,MISSION: IMPOSSIBLE - THE FINAL RECKONING,PEKANBARU,1,6,6.0,32,489,15.28125,25.75,85.11
da96492ebd43c4a193238d6c3205cc40,TAK INGIN USAI DI SINI,PEKANBARU,1,5,5.0,35,514,14.685714285714285,26.0,36.12
da96492ebd43c4a193238d6c3205cc40,TENUNG BY RISA SARASWATI & DIMASTA,PEKANBARU,3,10,3.3333333333333335,96,1022,10.645833333333334,14.76,49.61
dc6de349945f10a4a296bb50d34fc504,BALLERINA,BANJARMASIN,2,3,1.5,28,68,2.4285714285714284,34.51,57.75
dc6de349945f10a4a296bb50d34fc504,MISSION: IMPOSSIBLE - THE FINAL RECKONING,BANJARMASIN,1,1,1.0,6,30,5.0,15.6,75.6
dc77e7e26c0e5e3a5c44ec2de0cedbde,BALLERINA,DENPASAR,7,21,3.0,131,714,5.450381679389313,23.54,33.03
dc77e7e26c0e5e3a5c44ec2de0cedbde,GOWOK KAMASUTRA JAWA UNCUT,DENPASAR,1,2,2.0,32,182,5.6875,28.35,83.2
dc77e7e26c0e5e3a5c44ec2de0cedbde,GUNDIK,DENPASAR,1,2,2.0,29,117,4.0344827586206895,17.85,36.23
dc77e7e26c0e5e3a5c44ec2de0cedbde,LILO & STITCH,DENPASAR,2,8,4.0,116,1058,9.120689655172415,36.4,69.17
dc77e7e26c0e5e3a5c44ec2de0cedbde,MISSION: IMPOSSIBLE - THE FINAL RECKONING,DENPASAR,8,12,1.5,323,804,2.4891640866873064,34.71,55.55
dc77e7e26c0e5e3a5c44ec2de0cedbde,TAK INGIN USAI DI SINI,DENPASAR,1,5,5.0,122,513,4.204918032786885,100.0,65.31
dc77e7e26c0e5e3a5c44ec2de0cedbde,TENUNG BY RISA SARASWATI & DIMASTA,DENPASAR,3,10,3.3333333333333335,191,577,3.020942408376963,39.52,36.4
dc77e7e26c0e5e3a5c44ec2de0cedbde,WAKTU MAGHRIB 2,DENPASAR,1,2,2.0,11,56,5.090909090909091,8.32,23.63
df7f047e9886cfa1c0892c97f15d4146,MISSION: IMPOSSIBLE - THE FINAL RECKONING,MATARAM,2,2,1.0,44,59,1.3409090909090908,44.72,60.32
e3edf631650eb304cf386709b98005f6,BALLERINA,DENPASAR,7,18,2.5714285714285716,189,557,2.947089947089947,14.26,25.92
e3edf631650eb304cf386709b98005f6,FINAL DESTINATION: BLOODLINES,DENPASAR,2,5,2.5,81,289,3.567901234567901,33.48,48.3
e3edf631650eb304cf386709b98005f6,GOWOK KAMASUTRA JAWA UNCUT,DENPASAR,1,8,8.0,36,345,9.583333333333334,25.75,30.26
e3edf631650eb304cf386709b98005f6,LILO & STITCH,DENPASAR,1,3,3.0,25,221,8.84,16.48,44.03
e3edf631650eb304cf386709b98005f6,MISSION: IMPOSSIBLE - THE FINAL RECKONING,DENPASAR,2,11,5.5,71,430,6.056338028169014,43.68,36.71
e3edf631650eb304cf386709b98005f6,TENUNG BY RISA SARASWATI & DIMASTA,DENPASAR,1,4,4.0,20,104,5.2,13.39,23.43
e3edf631650eb304cf386709b98005f6,WAKTU MAGHRIB 2,DENPASAR,2,8,4.0,75,238,3.1733333333333333,30.98,25.2
e67d818ee0546f3b33d0ba2083ed4db5,BALLERINA,BEKASI,8,12,1.5,92,488,5.304347826086956,8.01,33.95
e67d818ee0546f3b33d0ba2083ed4db5,GOWOK KAMASUTRA JAWA UNCUT,BEKASI,3,5,1.6666666666666667,41,249,6.073170731707317,5.55,28.35
e67d818ee0546f3b33d0ba2083ed4db5,MISSION: IMPOSSIBLE - THE FINAL RECKONING,BEKASI,2,3,1.5,76,349,4.592105263157895,44.72,92.56
e67d818ee0546f3b33d0ba2083ed4db5,TAK INGIN USAI DI SINI,BEKASI,2,8,4.0,35,296,8.457142857142857,13.39,23.01
e67d818ee0546f3b33d0ba2083ed4db5,TENUNG BY RISA SARASWATI & DIMASTA,BEKASI,3,12,4.0,144,437,3.0347222222222223,24.5,14.56
e67d818ee0546f3b33d0ba2083ed4db5,WAKTU MAGHRIB 2,BEKASI,6,11,1.8333333333333333,184,574,3.119565217391304,19.06,31.56
e7ec114c2ec166155149062023617e8b,GOWOK KAMASUTRA JAWA,SAMARINDA,1,1,1.0,55,4,0.07272727272727272,40.17,2.08
e7ec114c2ec166155149062023617e8b,"SAMPAI JUMPA, SELAMAT TINGGAL",SAMARINDA,1,3,3.0,3,7,2.3333333333333335,3.12,2.45
e8965581e1be78ac9a3145b6983ff6ec,BALLERINA,SURABAYA,5,16,3.2,84,757,9.011904761904763,19.78,42.13
e8965581e1be78ac9a3145b6983ff6ec,FINAL DESTINATION: BLOODLINES,SURABAYA,3,3,1.0,210,401,1.9095238095238096,32.2,61.95
e8965581e1be78ac9a3145b6983ff6ec,GOWOK KAMASUTRA JAWA UNCUT,SURABAYA,1,10,10.0,22,388,17.636363636363637,15.6,32.03
e8965581e1be78ac9a3145b6983ff6ec,KARATE KID: LEGENDS,SURABAYA,4,8,2.0,140,515,3.6785714285714284,22.05,50.86
e8965581e1be78ac9a3145b6983ff6ec,LILO & STITCH,SURABAYA,4,7,1.75,282,880,3.120567375886525,45.32,48.29
e8965581e1be78ac9a3145b6983ff6ec,MISSION: IMPOSSIBLE - THE FINAL RECKONING,SURABAYA,5,12,2.4,198,1048,5.292929292929293,60.56,69.04
e8965581e1be78ac9a3145b6983ff6ec,MISSION: IMPOSSIBLE - THE FINAL RECKONING (IMAX 2D) ,SURABAYA,2,4,2.0,66,615,9.318181818181818,6.83,34.91
e8965581e1be78ac9a3145b6983ff6ec,"SAMPAI JUMPA, SELAMAT TINGGAL",SURABAYA,4,10,2.5,97,169,1.7422680412371134,15.75,11.23
e8965581e1be78ac9a3145b6983ff6ec,TAK INGIN USAI DI SINI,SURABAYA,2,5,2.5,45,97,2.1555555555555554,18.72,16.17
e8965581e1be78ac9a3145b6983ff6ec,TENUNG BY RISA SARASWATI & DIMASTA,SURABAYA,2,5,2.5,212,234,1.1037735849056605,44.1,18.51
e8965581e1be78ac9a3145b6983ff6ec,WAKTU MAGHRIB 2,SURABAYA,5,10,2.0,293,606,2.068259385665529,32.75,31.61
e939d818a5192f48fc4b73102e3aa4b9,GOWOK KAMASUTRA JAWA UNCUT,PALANGKARAYA,1,4,4.0,19,289,15.210526315789474,10.3,41.46
e939d818a5192f48fc4b73102e3aa4b9,TENUNG BY RISA SARASWATI & DIMASTA,PALANGKARAYA,4,5,1.25,472,225,0.4766949152542373,42.23,15.66
e939d818a5192f48fc4b73102e3aa4b9,WAKTU MAGHRIB 2,PALANGKARAYA,2,5,2.5,103,238,2.3106796116504853,29.93,27.66
ea7df0c99b450ecdea38cf34ae1f158f,GOWOK KAMASUTRA JAWA UNCUT,KISARAN,1,2,2.0,22,186,8.454545454545455,16.8,72.1
ea7df0c99b450ecdea38cf34ae1f158f,GUNDIK,KISARAN,1,2,2.0,9,189,21.0,7.21,72.98
ea7df0c99b450ecdea38cf34ae1f158f,"SAMPAI JUMPA, SELAMAT TINGGAL",KISARAN,1,3,3.0,16,162,10.125,11.55,41.65
ea7df0c99b450ecdea38cf34ae1f158f,TENUNG BY RISA SARASWATI & DIMASTA,KISARAN,3,5,1.6666666666666667,130,710,5.461538461538462,30.1,98.06
ecace029de4a6bd4ae872928509cd71d,GOWOK KAMASUTRA JAWA UNCUT,TASIKMALAYA,1,4,4.0,34,216,6.352941176470588,16.8,36.92
ecace029de4a6bd4ae872928509cd71d,TAK INGIN USAI DI SINI,TASIKMALAYA,2,5,2.5,151,208,1.3774834437086092,50.99,19.78
ecace029de4a6bd4ae872928509cd71d,TENUNG BY RISA SARASWATI & DIMASTA,TASIKMALAYA,4,10,2.5,242,343,1.4173553719008265,25.2,14.28
ecace029de4a6bd4ae872928509cd71d,WAKTU MAGHRIB 2,TASIKMALAYA,4,7,1.75,71,153,2.1549295774647885,11.59,14.25
ef2896a95abe2a2b4cfee245dc1e36ec,GOWOK KAMASUTRA JAWA UNCUT,CIKARANG,1,4,4.0,28,87,3.107142857142857,21.84,16.8
ef2896a95abe2a2b4cfee245dc1e36ec,TENUNG BY RISA SARASWATI & DIMASTA,CIKARANG,1,5,5.0,59,127,2.152542372881356,42.23,18.1
efe899b321b96d852776427476f14a06,BALLERINA,YOGYAKARTA,4,7,1.75,181,358,1.977900552486188,17.33,26.63
efe899b321b96d852776427476f14a06,GOWOK KAMASUTRA JAWA UNCUT,YOGYAKARTA,1,4,4.0,166,459,2.7650602409638556,97.76,38.48
efe899b321b96d852776427476f14a06,MISSION: IMPOSSIBLE - THE FINAL RECKONING,YOGYAKARTA,3,4,1.3333333333333333,146,328,2.2465753424657535,35.36,74.03
efe899b321b96d852776427476f14a06,TAK INGIN USAI DI SINI,YOGYAKARTA,2,5,2.5,161,230,1.4285714285714286,37.6,21.63
efe899b321b96d852776427476f14a06,TENUNG BY RISA SARASWATI & DIMASTA,YOGYAKARTA,2,3,1.5,33,50,1.5151515151515151,5.2,9.27
f292a4101ca0420357a2d18b3a013e5f,BALLERINA,PALU,2,6,3.0,88,411,4.670454545454546,52.5,54.76
f292a4101ca0420357a2d18b3a013e5f,GOWOK KAMASUTRA JAWA UNCUT,PALU,1,2,2.0,19,60,3.1578947368421053,12.6,22.15
f292a4101ca0420357a2d18b3a013e5f,MISSION: IMPOSSIBLE - THE FINAL RECKONING,PALU,1,5,5.0,4,295,73.75,10.4,66.15
f292a4101ca0420357a2d18b3a013e5f,TAK INGIN USAI DI SINI,PALU,2,5,2.5,68,225,3.3088235294117645,24.96,30.69
f292a4101ca0420357a2d18b3a013e5f,TENUNG BY RISA SARASWATI & DIMASTA,PALU,3,5,1.6666666666666667,93,255,2.7419354838709675,14.35,23.73
f292a4101ca0420357a2d18b3a013e5f,WAKTU MAGHRIB 2,PALU,2,5,2.5,38,312,8.210526315789474,13.52,45.97
f3a9ac312f7bc4e2467a1bf02a6aa1e9,FINAL DESTINATION: BLOODLINES,LAMPUNG,2,2,1.0,70,118,1.6857142857142857,32.45,39.9
f3a9ac312f7bc4e2467a1bf02a6aa1e9,GOWOK KAMASUTRA JAWA UNCUT,LAMPUNG,1,2,2.0,17,77,4.529411764705882,6.3,36.75
f3a9ac312f7bc4e2467a1bf02a6aa1e9,TAK INGIN USAI DI SINI,LAMPUNG,2,5,2.5,79,209,2.6455696202531644,27.04,16.59
f3a9ac312f7bc4e2467a1bf02a6aa1e9,WAKTU MAGHRIB 2,LAMPUNG,1,5,5.0,26,223,8.576923076923077,14.56,25.58
f7734bb329cacfe21ce854ae822b6115,BALLERINA,TANJUNG PINANG,1,5,5.0,27,190,7.037037037037037,13.52,29.33
f7734bb329cacfe21ce854ae822b6115,MISSION: IMPOSSIBLE - THE FINAL RECKONING,TANJUNG PINANG,1,2,2.0,18,153,8.5,14.56,63.35
f7734bb329cacfe21ce854ae822b6115,TAK INGIN USAI DI SINI,TANJUNG PINANG,1,5,5.0,25,173,6.92,14.56,20.58
f7734bb329cacfe21ce854ae822b6115,TENUNG BY RISA SARASWATI & DIMASTA,TANJUNG PINANG,2,5,2.5,101,314,3.108910891089109,29.36,33.18
f7734bb329cacfe21ce854ae822b6115,WAKTU MAGHRIB 2,TANJUNG PINANG,1,2,2.0,32,176,5.5,27.3,73.5
fbaf4d5f0c18dc603a21aef31da59ee6,BALLERINA,SAMARINDA,1,6,6.0,20,523,26.15,40.56,63.18
fbaf4d5f0c18dc603a21aef31da59ee6,GOWOK KAMASUTRA JAWA UNCUT,SAMARINDA,1,2,2.0,42,188,4.476190476190476,29.87,68.78
fbaf4d5f0c18dc603a21aef31da59ee6,TAK INGIN USAI DI SINI,SAMARINDA,2,5,2.5,24,302,12.583333333333334,7.88,40.79
fcf80028ec9bbf8efaee3932e529a78f,GUNDIK,INDRAMAYU,1,2,2.0,9,177,19.666666666666668,5.25,50.93
fcf80028ec9bbf8efaee3932e529a78f,WAKTU MAGHRIB 2,INDRAMAYU,3,5,1.6666666666666667,130,746,5.7384615384615385,25.2,76.13
