city_name,cinema_ids,days_after,days_before,mean_shows_after,mean_shows_before,mean_tickets_after,mean_tickets_before,mean_films_after,mean_films_before,show_delta,show_ratio
JAKARTA,4ed104ac0de10ba7eef50158603e0b32,14,14,396.2857142857143,429.57142857142856,15215.0,20238.785714285714,17.0,17.642857142857142,-33.28571428571428,0.9225141336880612
JAKARTA,b704e8b10f13e14494b5a7a0ba39d9d9,14,14,242.85714285714286,252.92857142857142,8156.5,9773.42857142857,15.642857142857142,18.428571428571427,-10.071428571428555,0.960180739903982
JAKARTA,8dbfb7aeb4ed822b358347332ba630af,14,14,509.35714285714283,518.9285714285714,22645.285714285714,30487.428571428572,15.214285714285714,18.785714285714285,-9.571428571428612,0.9815554026152786
TANGERANG,52eed153a88a6bdcb46cbb266a07cba2,14,14,137.35714285714286,144.07142857142858,5775.0,7944.214285714285,13.142857142857142,14.642857142857142,-6.714285714285722,0.9533961328705999
TANGERANG,862442166e956fe0e8355db8852d9440,14,14,147.78571428571428,153.5,6136.428571428572,8013.357142857143,10.571428571428571,15.0,-5.714285714285722,0.9627733829688226
SURABAYA,015555fbcd8faef6b55a854605df0a87,14,14,130.07142857142858,135.64285714285714,5211.428571428572,7241.357142857143,7.785714285714286,10.571428571428571,-5.571428571428555,0.9589257503949449
SURABAYA,0191582d75f94a412c0fa12d36bcee3f,14,14,162.64285714285714,167.5,8376.714285714286,11381.57142857143,14.142857142857142,17.285714285714285,-4.857142857142861,0.971002132196162
SURABAYA,e8965581e1be78ac9a3145b6983ff6ec,14,14,93.35714285714286,97.57142857142857,4094.3571428571427,6073.428571428572,8.785714285714286,11.142857142857142,-4.214285714285708,0.9568081991215227
BEKASI,4e12b237c826209f7ddc5b29a96380b6,14,14,137.07142857142858,141.28571428571428,4701.928571428572,7517.357142857143,8.928571428571429,10.214285714285714,-4.214285714285694,0.9701718907987867
PONTIANAK,9f0564f5cabe643e4dbb08b80d3cc241,14,14,48.92857142857143,52.92857142857143,3749.0,4325.142857142857,9.142857142857142,8.857142857142858,-4.0,0.9244264507422402
DEPOK,6b88b1af662b72fbfa35004a8edfe2e9,14,14,170.71428571428572,174.28571428571428,6642.357142857143,11034.142857142857,10.928571428571429,13.642857142857142,-3.571428571428555,0.9795081967213116
DENPASAR,dc77e7e26c0e5e3a5c44ec2de0cedbde,14,14,73.35714285714286,76.85714285714286,3641.8571428571427,5411.214285714285,8.642857142857142,10.714285714285714,-3.5,0.9544609665427509
BANDUNG,8750b9ee0b0c6c6afcfcb2a05e60efc0,14,14,89.64285714285714,92.71428571428571,3455.785714285714,6440.357142857143,7.071428571428571,8.428571428571429,-3.0714285714285694,0.9668721109399075
MANADO,a9d508d218799f9dc69bb4aefc122cb3,14,14,65.64285714285714,68.64285714285714,2445.3571428571427,2488.9285714285716,7.5,9.642857142857142,-3.0,0.9562955254942768
BALIKPAPAN,3c41b96b56b0aab1ed5fc5e703499730,14,14,50.785714285714285,53.142857142857146,2474.8571428571427,2861.714285714286,6.285714285714286,9.214285714285714,-2.357142857142861,0.9556451612903225
BANDUNG,490346a8a068ba7d2e3764714c6d5323,14,14,52.42857142857143,54.785714285714285,2790.5714285714284,4751.714285714285,6.428571428571429,6.214285714285714,-2.357142857142854,0.9569752281616689
SAMARINDA,fbaf4d5f0c18dc603a21aef31da59ee6,14,14,32.142857142857146,34.5,1347.642857142857,1915.642857142857,5.5,6.571428571428571,-2.357142857142854,0.9316770186335405
MAKASSAR,541130ea8083a789df5d15bbfe13055a,14,14,56.857142857142854,59.142857142857146,2593.0,4107.214285714285,8.785714285714286,7.928571428571429,-2.285714285714292,0.9613526570048309
BEKASI,b4972b48997defae8304bc9c41220c7c,14,14,146.92857142857142,149.14285714285714,5871.428571428572,9357.07142857143,11.428571428571429,13.571428571428571,-2.2142857142857224,0.9851532567049808
SEMARANG,17e1e7da761f72bbb4e039ba08cc0ba0,14,14,51.07142857142857,53.285714285714285,1786.2857142857142,3283.9285714285716,6.0,6.214285714285714,-2.2142857142857153,0.9584450402144772
BOGOR,f54d37fc4c4d4b285aa3601041abc938,14,14,114.92857142857143,117.14285714285714,5550.214285714285,8470.214285714286,9.5,9.714285714285714,-2.214285714285708,0.9810975609756099
MAKASSAR,29fc89ab155e9f202326046c2e0023bb,14,14,55.92857142857143,58.07142857142857,2996.0714285714284,3889.214285714286,8.285714285714286,9.357142857142858,-2.142857142857139,0.96309963099631
BEKASI,e67d818ee0546f3b33d0ba2083ed4db5,14,14,75.92857142857143,77.92857142857143,3423.5714285714284,5234.642857142857,6.214285714285714,7.928571428571429,-2.0,0.9743354720439963
DEPOK,e989d8fdc91de7e6ffbb72a2f5ac79f6,14,14,75.85714285714286,77.78571428571429,3374.4285714285716,5561.714285714285,7.285714285714286,8.857142857142858,-1.9285714285714306,0.9752066115702479
TANGERANG,108f9a4d181f12fd1b7e3c9adae38478,14,14,240.07142857142858,242.0,9519.285714285714,13995.642857142857,11.0,14.928571428571429,-1.9285714285714164,0.9920306965761512
PALEMBANG,9aab42397bbc1d1cdb49f7044dc990f0,14,14,60.285714285714285,62.07142857142857,2617.9285714285716,3154.714285714286,8.214285714285714,9.857142857142858,-1.7857142857142847,0.9712313003452244
YOGYAKARTA,a616a546264044ed616bc2bdf2d9f7fc,14,14,56.57142857142857,58.357142857142854,2328.785714285714,4342.071428571428,7.714285714285714,7.357142857142857,-1.7857142857142847,0.9694002447980417
MEDAN,19f506af810fe579721721d058f6b243,14,14,40.57142857142857,42.357142857142854,1796.357142857143,2300.5,8.357142857142858,9.642857142857142,-1.7857142857142847,0.957841483979764
SOLO,88d0ee0029bee810e1d0fe37f73e2d3b,14,14,27.571428571428573,29.285714285714285,1327.5,2464.714285714286,5.0,5.5,-1.7142857142857117,0.9414634146341464
KARAWANG,15c7dc37db27dd76f38cc419107f7c48,14,14,37.142857142857146,38.785714285714285,1178.7857142857142,1897.7142857142858,6.214285714285714,7.285714285714286,-1.6428571428571388,0.9576427255985268
BANDUNG,c4a19cbeb409639c836e4304976db0aa,14,14,186.71428571428572,188.21428571428572,8274.857142857143,13530.07142857143,11.0,12.857142857142858,-1.5,0.9920303605313093
MALANG,1240789770bc04e7d26e5fa31c075ced,14,14,23.5,24.857142857142858,1259.4285714285713,2435.5714285714284,4.357142857142857,5.642857142857143,-1.3571428571428577,0.9454022988505747
MAKASSAR,919c7b9859d8ce7cab47dab2463e7fab,14,14,43.0,44.357142857142854,2500.3571428571427,3621.8571428571427,7.642857142857143,7.214285714285714,-1.357142857142854,0.9694041867954912
MEDAN,5b8eaa351fae8e6d1e759e814d74c1c5,14,14,144.64285714285714,145.71428571428572,6037.785714285715,7826.214285714285,11.5,10.928571428571429,-1.0714285714285836,0.9926470588235293
TARAKAN,202dbf4df0e433f092fca1aa8162c400,14,14,18.928571428571427,20.0,742.2857142857143,1248.5,4.642857142857143,4.714285714285714,-1.071428571428573,0.9464285714285714
BATAM,981569adf232c53afe751c8c660db8d9,14,14,28.285714285714285,29.357142857142858,1629.142857142857,1693.642857142857,7.142857142857143,6.857142857142857,-1.071428571428573,0.9635036496350364
YOGYAKARTA,9cc7970100d8e4c2202f08cb78c6eb20,14,14,28.0,29.071428571428573,1573.9285714285713,2351.1428571428573,5.857142857142857,6.714285714285714,-1.071428571428573,0.9631449631449631
TANJUNG PINANG,f7734bb329cacfe21ce854ae822b6115,14,14,28.785714285714285,29.857142857142858,993.2857142857143,1747.0714285714287,5.928571428571429,6.857142857142857,-1.071428571428573,0.9641148325358851
JAYAPURA,9158e16be84a6db4d63d3289099f119b,14,14,37.0,38.07142857142857,1240.0714285714287,1790.7142857142858,6.928571428571429,8.714285714285714,-1.0714285714285694,0.9718574108818012
LAMPUNG,494c8f1916a97efe3390ba9dbab6ce7d,14,14,62.357142857142854,63.357142857142854,2341.785714285714,3524.714285714286,6.714285714285714,7.0,-1.0,0.9842164599774521
BATAM,073b764928864ed8fa0b6b115bfdd685,14,14,43.07142857142857,44.07142857142857,2102.5714285714284,2539.714285714286,7.214285714285714,7.857142857142857,-1.0,0.9773095623987034
SOLO,57d37d0d839b9dff6f87d6b5d5b679cc,14,14,28.071428571428573,29.071428571428573,1364.7142857142858,2333.714285714286,5.357142857142857,6.142857142857143,-1.0,0.9656019656019657
BOGOR,a9e141baa8b4ec825325397b16eeaae3,14,14,124.07142857142857,125.07142857142857,6041.642857142857,8467.07142857143,9.5,10.285714285714286,-1.0,0.9920045688178184
PEKANBARU,66d433e397ff7f3d460500704fd40a5a,14,14,8.428571428571429,9.357142857142858,113.42857142857143,146.28571428571428,1.7142857142857142,2.0714285714285716,-0.9285714285714288,0.9007633587786259
MEDAN,35de0354d956048d1c9c49ff069eaa55,14,14,75.07142857142857,75.92857142857143,3212.0714285714284,4136.5,9.142857142857142,11.071428571428571,-0.8571428571428612,0.9887111947318908
SINGKAWANG,0318cab65e5a4dbb61243ab4747fb621,14,14,23.785714285714285,24.642857142857142,877.9285714285714,1152.857142857143,4.714285714285714,6.5,-0.8571428571428577,0.9652173913043478
PADANG,53b77c875c67b68561415f23065e6e8d,14,14,4.071428571428571,4.928571428571429,56.714285714285715,90.35714285714286,1.2857142857142858,1.2142857142857142,-0.8571428571428577,0.826086956521739
MATARAM,df7f047e9886cfa1c0892c97f15d4146,14,14,4.071428571428571,4.928571428571429,75.64285714285714,79.57142857142857,1.1428571428571428,1.6428571428571428,-0.8571428571428577,0.826086956521739
CIKARANG,4a61d7e09bbe3868d79af81be96ed6ee,14,14,4.071428571428571,4.928571428571429,66.07142857142857,56.0,1.2142857142857142,1.1428571428571428,-0.8571428571428577,0.826086956521739
JAMBI,09ff932202ae245655ae248642132086,14,14,4.071428571428571,4.928571428571429,113.92857142857143,117.85714285714286,1.1428571428571428,1.6428571428571428,-0.8571428571428577,0.826086956521739
MANADO,c71a18e33d4b7c73c8124c65fc3e6f1c,14,14,22.928571428571427,23.785714285714285,922.0,764.4285714285714,5.214285714285714,6.428571428571429,-0.8571428571428577,0.9639639639639639
CIREBON,79d0a75ad3523955b8d0e01198d6e9c9,14,14,4.071428571428571,4.857142857142857,44.142857142857146,57.42857142857143,1.1428571428571428,1.4285714285714286,-0.7857142857142856,0.8382352941176471
SOLO,218c50fa4df90b3241e39ff8ffb41102,14,14,41.92857142857143,42.714285714285715,2352.714285714286,3819.0,7.214285714285714,7.285714285714286,-0.7857142857142847,0.9816053511705686
YOGYAKARTA,efe899b321b96d852776427476f14a06,14,14,28.071428571428573,28.857142857142858,1738.142857142857,3144.3571428571427,5.357142857142857,5.071428571428571,-0.7857142857142847,0.9727722772277229
SIDOARJO,a6d19ebcb27f61cbf41a6552fbf68676,14,14,19.0,19.785714285714285,818.5,1362.0714285714287,4.714285714285714,4.714285714285714,-0.7857142857142847,0.96028880866426
SEMARANG,c877324e95024e707ae23f0aed947e15,14,14,47.07142857142857,47.857142857142854,2035.7857142857142,3305.6428571428573,5.714285714285714,5.571428571428571,-0.7857142857142847,0.9835820895522388
SEMARANG,3acdf298dab1b92bbaaad74d86c0c40a,14,14,123.64285714285714,124.35714285714286,4709.428571428572,7468.857142857143,10.714285714285714,11.142857142857142,-0.7142857142857224,0.9942561746122918
PANGKAL PINANG,0a8777c6c78e2d102bdf459f8550cf93,14,14,14.214285714285714,14.928571428571429,573.8571428571429,797.0,4.142857142857143,3.5714285714285716,-0.7142857142857153,0.9521531100478469
PALU,f292a4101ca0420357a2d18b3a013e5f,14,14,33.285714285714285,34.0,1733.0,2415.285714285714,7.0,8.5,-0.7142857142857153,0.9789915966386554
BONTANG,c35e24eefa840ac2009279f1efc52288,14,14,19.142857142857142,19.857142857142858,948.4285714285714,1216.2142857142858,4.571428571428571,4.285714285714286,-0.7142857142857153,0.9640287769784173
TERNATE,4a4c71e99772e87c9e35a56acd8be21e,14,14,28.928571428571427,29.642857142857142,1056.7857142857142,1467.642857142857,7.0,6.714285714285714,-0.7142857142857153,0.9759036144578312
KEDIRI,25e1c125bdd513aa2355a8e558a1a908,14,14,19.214285714285715,19.928571428571427,446.92857142857144,797.4285714285714,4.857142857142857,5.714285714285714,-0.7142857142857117,0.9641577060931901
JEMBER,5a894958f375392ce7981be2eb9a26be,14,14,19.214285714285715,19.928571428571427,428.2142857142857,814.9285714285714,5.357142857142857,5.785714285714286,-0.7142857142857117,0.9641577060931901
PEKANBARU,da96492ebd43c4a193238d6c3205cc40,14,14,67.0,67.64285714285714,3750.6428571428573,4344.214285714285,10.857142857142858,10.357142857142858,-0.6428571428571388,0.9904963041182683
SAMARINDA,e7ec114c2ec166155149062023617e8b,14,14,57.642857142857146,58.285714285714285,2691.785714285714,3550.9285714285716,8.214285714285714,8.428571428571429,-0.6428571428571388,0.9889705882352942
BATAM,580919d632e55fd9736ae1a2ac6ed0c5,14,14,38.357142857142854,38.92857142857143,1528.142857142857,1780.857142857143,7.571428571428571,6.785714285714286,-0.5714285714285765,0.9853211009174311
GORONTALO,8188326fb0a403be03ea632997c8a959,14,14,28.428571428571427,29.0,1087.5714285714287,1558.2857142857142,6.0,7.071428571428571,-0.571428571428573,0.980295566502463
KUPANG,5ff7565cdb056b4bdcb43d0ea2b5380d,14,14,19.142857142857142,19.714285714285715,468.57142857142856,639.9285714285714,4.785714285714286,4.571428571428571,-0.571428571428573,0.9710144927536231
KUALA KAPUAS,45f553cca86b28fedd6115abdd0ae734,14,14,14.142857142857142,14.714285714285714,435.7142857142857,472.14285714285717,3.857142857142857,4.214285714285714,-0.5714285714285712,0.9611650485436893
BENGKULU,4ba87a86e02dd8a810032db35bf13c51,14,14,19.357142857142858,19.928571428571427,495.57142857142856,898.5,4.571428571428571,4.285714285714286,-0.5714285714285694,0.971326164874552
MANOKWARI,592095e0ddc2c230cf3002d72e9bac41,14,14,19.214285714285715,19.785714285714285,543.8571428571429,682.6428571428571,4.714285714285714,5.142857142857143,-0.5714285714285694,0.9711191335740074
TASIKMALAYA,ecace029de4a6bd4ae872928509cd71d,14,14,38.214285714285715,38.785714285714285,2063.0714285714284,3772.5714285714284,6.785714285714286,6.857142857142857,-0.5714285714285694,0.9852670349907919
AMBON,bf33cc26f29bf266a83e35901fa80c9c,14,14,33.42857142857143,34.0,1652.357142857143,2154.9285714285716,7.5,7.357142857142857,-0.5714285714285694,0.9831932773109244
KENDARI,afbb3b11f728a54ad1eb3ca34f602779,14,14,19.0,19.5,1277.2857142857142,1866.2142857142858,5.428571428571429,4.714285714285714,-0.5,0.9743589743589743
DENPASAR,e3edf631650eb304cf386709b98005f6,14,14,64.64285714285714,65.14285714285714,1518.642857142857,1909.5,8.714285714285714,10.071428571428571,-0.5,0.9923245614035088
GARUT,d33850e3698903061b4c18886ce00c9d,14,14,24.285714285714285,24.785714285714285,893.7142857142857,1455.7857142857142,5.785714285714286,5.571428571428571,-0.5,0.9798270893371758
MAMUJU,04a2de432a8901363a05137a8e8de1d2,14,14,14.428571428571429,14.928571428571429,632.4285714285714,899.5714285714286,3.5714285714285716,4.0,-0.5,0.9665071770334929
SORONG,2e0ec493a87e740511b7b565386c06fe,14,14,19.428571428571427,19.928571428571427,536.5,817.2142857142857,4.642857142857143,5.071428571428571,-0.5,0.974910394265233
TIMIKA,7995e00051a2fe6aeed7cfdbe0378c01,14,14,14.428571428571429,14.928571428571429,571.6428571428571,708.3571428571429,4.071428571428571,5.0,-0.5,0.9665071770334929
PALANGKARAYA,e939d818a5192f48fc4b73102e3aa4b9,14,14,18.857142857142858,19.357142857142858,1141.2142857142858,1469.5,4.214285714285714,4.571428571428571,-0.5,0.974169741697417
MADIUN,81c620b2538435926cbbf15745ef5901,14,14,14.071428571428571,14.571428571428571,743.1428571428571,1213.642857142857,4.5,4.0,-0.5,0.9656862745098039
BANJARMASIN,4fc3fc370b299876663c7d5c90595853,14,14,43.0,43.5,2867.285714285714,3587.1428571428573,9.142857142857142,8.571428571428571,-0.5,0.9885057471264368
CILEGON,7cade3ea25dae25fdb8c56776676b0c7,14,14,73.0,73.42857142857143,2719.214285714286,4592.785714285715,7.571428571428571,9.0,-0.4285714285714306,0.9941634241245136
BANJARMASIN,dc6de349945f10a4a296bb50d34fc504,14,14,4.285714285714286,4.714285714285714,79.78571428571429,61.142857142857146,1.5,1.2857142857142858,-0.4285714285714288,0.9090909090909091
CIKARANG,ef2896a95abe2a2b4cfee245dc1e36ec,14,14,19.357142857142858,19.785714285714285,722.6428571428571,1075.642857142857,4.071428571428571,3.9285714285714284,-0.42857142857142705,0.9783393501805054
JAMBI,3cc167017755a0197f18f93595c9ae85,14,14,29.0,29.428571428571427,1185.0714285714287,1435.5714285714287,7.0,7.071428571428571,-0.42857142857142705,0.9854368932038835
ROKAN HILIR,b2539b1f80254243391774489b1328aa,14,14,9.571428571428571,9.928571428571429,493.2142857142857,568.7857142857143,3.2142857142857144,2.857142857142857,-0.35714285714285765,0.9640287769784173
BONDOWOSO,d297f2f746c4fd2723f3202fafcbfa1a,14,14,14.5,14.785714285714286,594.2857142857143,875.2142857142857,3.5714285714285716,3.2857142857142856,-0.2857142857142865,0.9806763285024154
BOGOR,312cd6ebdd3af9ac55f7b3d31ecab9c2,14,14,42.142857142857146,42.42857142857143,2370.0,3139.9285714285716,7.428571428571429,9.5,-0.2857142857142847,0.9932659932659933
CIKARANG,716ede53fbca27fbe1c1a55d6667c2b5,14,14,50.214285714285715,50.42857142857143,1546.9285714285713,2371.5714285714284,7.571428571428571,7.785714285714286,-0.2142857142857153,0.9957507082152974
GARUT,26d1d720bc7e60c1b1a56630e3ba2c5d,14,14,14.285714285714286,14.5,461.64285714285717,935.0,3.7142857142857144,3.9285714285714284,-0.21428571428571352,0.9852216748768473
KISARAN,ea7df0c99b450ecdea38cf34ae1f158f,14,14,23.785714285714285,23.928571428571427,1023.7142857142857,1529.9285714285713,5.642857142857143,5.285714285714286,-0.14285714285714235,0.9940298507462687
DUMAI,a55554e941cb93c23d1522f88fd0d004,14,14,19.5,19.642857142857142,720.6428571428571,934.5714285714286,4.071428571428571,4.857142857142857,-0.14285714285714235,0.9927272727272728
LAMPUNG,f3a9ac312f7bc4e2467a1bf02a6aa1e9,14,14,28.857142857142858,29.0,1473.9285714285713,2136.785714285714,7.142857142857143,6.857142857142857,-0.14285714285714235,0.9950738916256158
DENPASAR,9eb47624e1e418bfac8b4fcc3a44a36b,14,14,9.071428571428571,9.214285714285714,353.42857142857144,562.5714285714286,2.357142857142857,2.142857142857143,-0.14285714285714235,0.9844961240310078
PEKALONGAN,c48b7a4426e8cbee3f7dbfe8b87d1d89,14,14,33.57142857142857,33.642857142857146,1450.0714285714287,2593.0,6.142857142857143,6.357142857142857,-0.0714285714285765,0.9978768577494691
MATARAM,4eb26b1058266dc50a63dc875e4d8846,14,14,29.0,29.071428571428573,1256.142857142857,2060.8571428571427,6.785714285714286,6.5,-0.07142857142857295,0.9975429975429975
MALANG,14b63ff2b104903ead7d884f25382e57,14,14,24.071428571428573,24.142857142857142,1038.7142857142858,1732.142857142857,5.642857142857143,5.357142857142857,-0.0714285714285694,0.9970414201183433
BENGKULU,cb2a49a747f8989ee0356ec7ac354177,14,14,29.0,29.0,1741.0714285714287,2392.285714285714,6.714285714285714,6.5,0.0,1.0
CIANJUR,3afae5dea7356f64f70605334bef46a7,14,14,19.0,19.0,770.5,1167.9285714285713,3.857142857142857,4.071428571428571,0.0,1.0
CIREBON,7c271f1e1351e6433b202d77b88012c2,14,14,15.0,15.0,837.1428571428571,1304.857142857143,3.2142857142857144,3.5714285714285716,0.0,1.0
SAMARINDA,da6b584c30e784d15b54ad124a760b19,14,14,14.142857142857142,14.142857142857142,456.2857142857143,664.5714285714286,3.9285714285714284,3.857142857142857,0.0,1.0
RANTAU PRAPAT,9715c9bc57db04a2506acfdab71ec1c6,14,14,19.571428571428573,19.571428571428573,860.0714285714286,1048.0714285714287,4.071428571428571,4.857142857142857,0.0,1.0
SUMEDANG,d1918db937d26e9e4ccd3e17e1ff0e2d,14,14,24.142857142857142,24.071428571428573,869.7857142857143,1359.642857142857,5.5,5.357142857142857,0.0714285714285694,1.002967359050445
BALIKPAPAN,a09b9ee7f937939ee25c24ef8c2e91be,14,14,19.0,18.928571428571427,574.5714285714286,706.5,5.071428571428571,4.428571428571429,0.07142857142857295,1.0037735849056604
LAMPUNG,a691dd0d8274fa85ecdc7d5ad6df1628,14,14,29.142857142857142,29.0,2194.5,2977.4285714285716,6.571428571428571,6.928571428571429,0.14285714285714235,1.0049261083743841
KLATEN,62447bb073160adcf6d6022240a3663c,14,14,14.5,14.357142857142858,837.9285714285714,1454.857142857143,3.4285714285714284,3.9285714285714284,0.14285714285714235,1.0099502487562189
PADANG,3f6093566521149f8e37fa4e3fafe7cc,14,14,53.42857142857143,53.285714285714285,2690.3571428571427,4449.642857142857,9.142857142857142,8.071428571428571,0.1428571428571459,1.002680965147453
KARAWANG,2318d3c719302ff137eb1b53fb32f0c8,14,14,14.857142857142858,14.571428571428571,753.0,1176.5,3.2857142857142856,2.857142857142857,0.2857142857142865,1.019607843137255
PEKANBARU,92e94ed55b4de8feaff9462a66e2dbd7,14,14,34.0,33.642857142857146,1155.7857142857142,1710.7142857142858,5.428571428571429,5.428571428571429,0.3571428571428541,1.010615711252654
JAMBI,7114d91eccf418326f7a9a05943c04e1,14,14,39.07142857142857,38.714285714285715,1796.7857142857142,2785.0714285714284,6.785714285714286,6.0,0.3571428571428541,1.0092250922509225
INDRAMAYU,fcf80028ec9bbf8efaee3932e529a78f,14,14,19.428571428571427,19.0,1293.7857142857142,1673.4285714285713,4.142857142857143,3.4285714285714284,0.42857142857142705,1.0225563909774436
GRESIK,be8de71502987819afd4c2ceea71c539,14,14,29.071428571428573,28.642857142857142,1248.0714285714287,1870.5714285714287,7.142857142857143,6.714285714285714,0.4285714285714306,1.0149625935162097
CIREBON,8d2e05da5624875993cb8580c88334a9,14,14,48.0,47.57142857142857,2349.6428571428573,3248.714285714286,7.142857142857143,8.428571428571429,0.4285714285714306,1.0090090090090091
SIDOARJO,3744d5b8753c9cc72700ce7927fa0df3,14,14,19.285714285714285,18.571428571428573,786.6428571428571,1310.9285714285713,4.642857142857143,4.428571428571429,0.7142857142857117,1.0384615384615383
PALEMBANG,26a644178fbdb277dc3c50997f6df7fe,14,14,53.642857142857146,52.285714285714285,3126.0,3864.285714285714,8.785714285714286,8.0,1.3571428571428612,1.0259562841530054
