city_name,cinema_ids,shows_apr30,shows_may1,show_delta
JAKARTA,4ed104ac0de10ba7eef50158603e0b32,415,390,-25
JAKARTA,b704e8b10f13e14494b5a7a0ba39d9d9,237,236,-1
JAYAPURA,9158e16be84a6db4d63d3289099f119b,37,36,-1
TERNATE,4a4c71e99772e87c9e35a56acd8be21e,29,28,-1
SURABAYA,0191582d75f94a412c0fa12d36bcee3f,160,159,-1
PONTIANAK,9f0564f5cabe643e4dbb08b80d3cc241,53,52,-1
MANADO,a9d508d218799f9dc69bb4aefc122cb3,66,65,-1
MANADO,c71a18e33d4b7c73c8124c65fc3e6f1c,22,21,-1
TARAKAN,202dbf4df0e433f092fca1aa8162c400,20,19,-1
BATAM,580919d632e55fd9736ae1a2ac6ed0c5,38,38,0
BATAM,073b764928864ed8fa0b6b115bfdd685,42,42,0
AMBON,bf33cc26f29bf266a83e35901fa80c9c,34,34,0
BANDUNG,8750b9ee0b0c6c6afcfcb2a05e60efc0,89,89,0
BALIKPAPAN,3c41b96b56b0aab1ed5fc5e703499730,50,50,0
BALIKPAPAN,a09b9ee7f937939ee25c24ef8c2e91be,18,18,0
BANDUNG,490346a8a068ba7d2e3764714c6d5323,52,52,0
CIREBON,8d2e05da5624875993cb8580c88334a9,47,47,0
BOGOR,f54d37fc4c4d4b285aa3601041abc938,112,112,0
BONDOWOSO,d297f2f746c4fd2723f3202fafcbfa1a,14,14,0
BONTANG,c35e24eefa840ac2009279f1efc52288,19,19,0
CIKARANG,4a61d7e09bbe3868d79af81be96ed6ee,4,4,0
CIANJUR,3afae5dea7356f64f70605334bef46a7,19,19,0
CIKARANG,716ede53fbca27fbe1c1a55d6667c2b5,50,50,0
CIKARANG,ef2896a95abe2a2b4cfee245dc1e36ec,19,19,0
DENPASAR,dc77e7e26c0e5e3a5c44ec2de0cedbde,73,73,0
CILEGON,7cade3ea25dae25fdb8c56776676b0c7,72,72,0
BATAM,981569adf232c53afe751c8c660db8d9,27,27,0
BEKASI,4e12b237c826209f7ddc5b29a96380b6,136,136,0
BEKASI,e67d818ee0546f3b33d0ba2083ed4db5,75,75,0
BANDUNG,c4a19cbeb409639c836e4304976db0aa,186,186,0
BANJARMASIN,4fc3fc370b299876663c7d5c90595853,42,42,0
BANJARMASIN,dc6de349945f10a4a296bb50d34fc504,4,4,0
MAKASSAR,29fc89ab155e9f202326046c2e0023bb,56,56,0
KARAWANG,2318d3c719302ff137eb1b53fb32f0c8,14,14,0
DENPASAR,9eb47624e1e418bfac8b4fcc3a44a36b,9,9,0
DEPOK,6b88b1af662b72fbfa35004a8edfe2e9,168,168,0
GARUT,d33850e3698903061b4c18886ce00c9d,24,24,0
DEPOK,e989d8fdc91de7e6ffbb72a2f5ac79f6,76,76,0
DUMAI,a55554e941cb93c23d1522f88fd0d004,19,19,0
GARUT,26d1d720bc7e60c1b1a56630e3ba2c5d,14,14,0
INDRAMAYU,fcf80028ec9bbf8efaee3932e529a78f,19,19,0
GRESIK,be8de71502987819afd4c2ceea71c539,28,28,0
GORONTALO,8188326fb0a403be03ea632997c8a959,28,28,0
JAKARTA,8dbfb7aeb4ed822b358347332ba630af,504,504,0
JAMBI,09ff932202ae245655ae248642132086,4,4,0
JAMBI,7114d91eccf418326f7a9a05943c04e1,38,38,0
JEMBER,5a894958f375392ce7981be2eb9a26be,19,19,0
KARAWANG,15c7dc37db27dd76f38cc419107f7c48,36,36,0
MAKASSAR,919c7b9859d8ce7cab47dab2463e7fab,42,42,0
LAMPUNG,a691dd0d8274fa85ecdc7d5ad6df1628,29,29,0
KEDIRI,25e1c125bdd513aa2355a8e558a1a908,19,19,0
KENDARI,afbb3b11f728a54ad1eb3ca34f602779,19,19,0
KLATEN,62447bb073160adcf6d6022240a3663c,14,14,0
KUALA KAPUAS,45f553cca86b28fedd6115abdd0ae734,14,14,0
KUPANG,5ff7565cdb056b4bdcb43d0ea2b5380d,19,19,0
LAMPUNG,494c8f1916a97efe3390ba9dbab6ce7d,61,61,0
MALANG,1240789770bc04e7d26e5fa31c075ced,23,23,0
MAKASSAR,541130ea8083a789df5d15bbfe13055a,57,57,0
CIREBON,79d0a75ad3523955b8d0e01198d6e9c9,4,4,0
CIREBON,7c271f1e1351e6433b202d77b88012c2,15,15,0
DENPASAR,e3edf631650eb304cf386709b98005f6,62,62,0
BENGKULU,4ba87a86e02dd8a810032db35bf13c51,19,19,0
BENGKULU,cb2a49a747f8989ee0356ec7ac354177,29,29,0
BOGOR,312cd6ebdd3af9ac55f7b3d31ecab9c2,42,42,0
YOGYAKARTA,a616a546264044ed616bc2bdf2d9f7fc,56,56,0
YOGYAKARTA,9cc7970100d8e4c2202f08cb78c6eb20,28,28,0
YOGYAKARTA,efe899b321b96d852776427476f14a06,28,28,0
SINGKAWANG,0318cab65e5a4dbb61243ab4747fb621,24,24,0
MADIUN,81c620b2538435926cbbf15745ef5901,14,14,0
LAMPUNG,f3a9ac312f7bc4e2467a1bf02a6aa1e9,29,29,0
MANOKWARI,592095e0ddc2c230cf3002d72e9bac41,19,19,0
MAMUJU,04a2de432a8901363a05137a8e8de1d2,14,14,0
MEDAN,35de0354d956048d1c9c49ff069eaa55,74,74,0
MEDAN,5b8eaa351fae8e6d1e759e814d74c1c5,142,142,0
PADANG,3f6093566521149f8e37fa4e3fafe7cc,53,53,0
PADANG,53b77c875c67b68561415f23065e6e8d,4,4,0
PALANGKARAYA,e939d818a5192f48fc4b73102e3aa4b9,19,19,0
MATARAM,4eb26b1058266dc50a63dc875e4d8846,29,29,0
MATARAM,df7f047e9886cfa1c0892c97f15d4146,4,4,0
MALANG,14b63ff2b104903ead7d884f25382e57,24,24,0
SEMARANG,17e1e7da761f72bbb4e039ba08cc0ba0,51,51,0
PANGKAL PINANG,0a8777c6c78e2d102bdf459f8550cf93,14,14,0
PEKANBARU,66d433e397ff7f3d460500704fd40a5a,8,8,0
PEKALONGAN,c48b7a4426e8cbee3f7dbfe8b87d1d89,33,33,0
PEKANBARU,92e94ed55b4de8feaff9462a66e2dbd7,33,33,0
PEKANBARU,da96492ebd43c4a193238d6c3205cc40,66,66,0
RANTAU PRAPAT,9715c9bc57db04a2506acfdab71ec1c6,19,19,0
ROKAN HILIR,b2539b1f80254243391774489b1328aa,9,9,0
SIDOARJO,3744d5b8753c9cc72700ce7927fa0df3,19,19,0
SAMARINDA,fbaf4d5f0c18dc603a21aef31da59ee6,31,31,0
SEMARANG,c877324e95024e707ae23f0aed947e15,46,46,0
SEMARANG,3acdf298dab1b92bbaaad74d86c0c40a,122,122,0
SIDOARJO,a6d19ebcb27f61cbf41a6552fbf68676,19,19,0
PALEMBANG,9aab42397bbc1d1cdb49f7044dc990f0,59,59,0
PALU,f292a4101ca0420357a2d18b3a013e5f,33,33,0
MEDAN,19f506af810fe579721721d058f6b243,39,39,0
SURABAYA,015555fbcd8faef6b55a854605df0a87,129,129,0
SUMEDANG,d1918db937d26e9e4ccd3e17e1ff0e2d,24,24,0
SURABAYA,e8965581e1be78ac9a3145b6983ff6ec,93,93,0
TANGERANG,52eed153a88a6bdcb46cbb266a07cba2,137,137,0
SOLO,88d0ee0029bee810e1d0fe37f73e2d3b,27,27,0
SORONG,2e0ec493a87e740511b7b565386c06fe,19,19,0
SOLO,57d37d0d839b9dff6f87d6b5d5b679cc,28,28,0
SOLO,218c50fa4df90b3241e39ff8ffb41102,42,42,0
TANJUNG PINANG,f7734bb329cacfe21ce854ae822b6115,29,29,0
TANGERANG,862442166e956fe0e8355db8852d9440,146,146,0
TASIKMALAYA,ecace029de4a6bd4ae872928509cd71d,38,38,0
TIMIKA,7995e00051a2fe6aeed7cfdbe0378c01,14,14,0
KISARAN,ea7df0c99b450ecdea38cf34ae1f158f,23,24,1
JAMBI,3cc167017755a0197f18f93595c9ae85,28,29,1
BEKASI,b4972b48997defae8304bc9c41220c7c,144,145,1
BOGOR,a9e141baa8b4ec825325397b16eeaae3,122,123,1
SAMARINDA,e7ec114c2ec166155149062023617e8b,56,57,1
SAMARINDA,da6b584c30e784d15b54ad124a760b19,9,10,1
PALEMBANG,26a644178fbdb277dc3c50997f6df7fe,52,53,1
TANGERANG,108f9a4d181f12fd1b7e3c9adae38478,237,238,1
