date_show,city_name,cinema_ids,shows,tickets,films
2025-04-01,PADANG,3f6093566521149f8e37fa4e3fafe7cc,51,2833,7
2025-04-01,PADANG,53b77c875c67b68561415f23065e6e8d,4,20,1
2025-04-02,PADANG,3f6093566521149f8e37fa4e3fafe7cc,51,4103,7
2025-04-02,PADANG,53b77c875c67b68561415f23065e6e8d,4,27,1
2025-04-03,PADANG,3f6093566521149f8e37fa4e3fafe7cc,53,4648,7
2025-04-03,PADANG,53b77c875c67b68561415f23065e6e8d,5,39,2
2025-04-04,PADANG,3f6093566521149f8e37fa4e3fafe7cc,53,4736,8
2025-04-04,PADANG,53b77c875c67b68561415f23065e6e8d,5,27,2
2025-04-05,PADANG,3f6093566521149f8e37fa4e3fafe7cc,53,5120,8
2025-04-05,PADANG,53b77c875c67b68561415f23065e6e8d,5,44,3
2025-04-06,PADANG,3f6093566521149f8e37fa4e3fafe7cc,52,5135,8
2025-04-06,PADANG,53b77c875c67b68561415f23065e6e8d,4,34,2
2025-04-07,PADANG,3f6093566521149f8e37fa4e3fafe7cc,51,5715,6
2025-04-07,PADANG,53b77c875c67b68561415f23065e6e8d,5,48,1
2025-04-08,PADANG,3f6093566521149f8e37fa4e3fafe7cc,51,5997,6
2025-04-08,PADANG,53b77c875c67b68561415f23065e6e8d,5,104,1
2025-04-09,PADANG,3f6093566521149f8e37fa4e3fafe7cc,51,5400,7
2025-04-09,PADANG,53b77c875c67b68561415f23065e6e8d,5,59,2
2025-04-10,PADANG,3f6093566521149f8e37fa4e3fafe7cc,52,5307,7
2025-04-10,PADANG,53b77c875c67b68561415f23065e6e8d,5,52,2
2025-04-11,PADANG,3f6093566521149f8e37fa4e3fafe7cc,52,4876,8
2025-04-11,PADANG,53b77c875c67b68561415f23065e6e8d,5,82,2
2025-04-12,PADANG,3f6093566521149f8e37fa4e3fafe7cc,52,5725,8
2025-04-12,PADANG,53b77c875c67b68561415f23065e6e8d,5,48,2
2025-04-13,PADANG,3f6093566521149f8e37fa4e3fafe7cc,52,5490,8
2025-04-13,PADANG,53b77c875c67b68561415f23065e6e8d,5,117,2
2025-04-14,PADANG,3f6093566521149f8e37fa4e3fafe7cc,52,5072,8
2025-04-14,PADANG,53b77c875c67b68561415f23065e6e8d,5,126,2
2025-04-15,PADANG,3f6093566521149f8e37fa4e3fafe7cc,52,4732,7
2025-04-15,PADANG,53b77c875c67b68561415f23065e6e8d,5,97,2
2025-04-16,PADANG,3f6093566521149f8e37fa4e3fafe7cc,51,4650,6
2025-04-16,PADANG,53b77c875c67b68561415f23065e6e8d,5,127,2
2025-04-17,PADANG,3f6093566521149f8e37fa4e3fafe7cc,53,4859,8
2025-04-17,PADANG,53b77c875c67b68561415f23065e6e8d,5,102,2
2025-04-18,PADANG,3f6093566521149f8e37fa4e3fafe7cc,53,5777,8
2025-04-18,PADANG,53b77c875c67b68561415f23065e6e8d,5,158,1
2025-04-19,PADANG,3f6093566521149f8e37fa4e3fafe7cc,53,5622,8
2025-04-19,PADANG,53b77c875c67b68561415f23065e6e8d,5,156,1
2025-04-20,PADANG,3f6093566521149f8e37fa4e3fafe7cc,53,5018,7
2025-04-20,PADANG,53b77c875c67b68561415f23065e6e8d,5,105,1
2025-04-21,PADANG,3f6093566521149f8e37fa4e3fafe7cc,53,4471,7
2025-04-21,PADANG,53b77c875c67b68561415f23065e6e8d,5,106,1
2025-04-22,PADANG,3f6093566521149f8e37fa4e3fafe7cc,53,4157,7
2025-04-22,PADANG,53b77c875c67b68561415f23065e6e8d,5,60,1
2025-04-23,PADANG,3f6093566521149f8e37fa4e3fafe7cc,53,4336,7
2025-04-23,PADANG,53b77c875c67b68561415f23065e6e8d,5,60,2
2025-04-24,PADANG,3f6093566521149f8e37fa4e3fafe7cc,54,4314,9
2025-04-24,PADANG,53b77c875c67b68561415f23065e6e8d,5,86,2
2025-04-25,PADANG,3f6093566521149f8e37fa4e3fafe7cc,53,3674,10
2025-04-25,PADANG,53b77c875c67b68561415f23065e6e8d,5,75,1
2025-04-26,PADANG,3f6093566521149f8e37fa4e3fafe7cc,53,5316,9
2025-04-26,PADANG,53b77c875c67b68561415f23065e6e8d,5,140,1
2025-04-27,PADANG,3f6093566521149f8e37fa4e3fafe7cc,54,5024,9
2025-04-27,PADANG,53b77c875c67b68561415f23065e6e8d,5,49,1
2025-04-28,PADANG,3f6093566521149f8e37fa4e3fafe7cc,54,3444,8
2025-04-28,PADANG,53b77c875c67b68561415f23065e6e8d,5,66,1
2025-04-29,PADANG,3f6093566521149f8e37fa4e3fafe7cc,54,2813,7
2025-04-29,PADANG,53b77c875c67b68561415f23065e6e8d,5,22,1
2025-04-30,PADANG,3f6093566521149f8e37fa4e3fafe7cc,53,3470,9
2025-04-30,PADANG,53b77c875c67b68561415f23065e6e8d,4,80,1
2025-05-01,PADANG,3f6093566521149f8e37fa4e3fafe7cc,53,4178,9
2025-05-01,PADANG,53b77c875c67b68561415f23065e6e8d,4,64,1
2025-05-02,PADANG,3f6093566521149f8e37fa4e3fafe7cc,53,2363,9
2025-05-02,PADANG,53b77c875c67b68561415f23065e6e8d,4,48,1
2025-05-03,PADANG,3f6093566521149f8e37fa4e3fafe7cc,53,3555,9
2025-05-03,PADANG,53b77c875c67b68561415f23065e6e8d,4,62,1
2025-05-04,PADANG,3f6093566521149f8e37fa4e3fafe7cc,53,2943,9
2025-05-04,PADANG,53b77c875c67b68561415f23065e6e8d,4,47,1
2025-05-05,PADANG,3f6093566521149f8e37fa4e3fafe7cc,51,2183,9
2025-05-05,PADANG,53b77c875c67b68561415f23065e6e8d,4,59,1
2025-05-06,PADANG,3f6093566521149f8e37fa4e3fafe7cc,52,1831,9
2025-05-06,PADANG,53b77c875c67b68561415f23065e6e8d,4,30,1
2025-05-07,PADANG,3f6093566521149f8e37fa4e3fafe7cc,53,1862,9
2025-05-07,PADANG,53b77c875c67b68561415f23065e6e8d,4,26,1
2025-05-08,PADANG,3f6093566521149f8e37fa4e3fafe7cc,54,2092,11
2025-05-08,PADANG,53b77c875c67b68561415f23065e6e8d,4,83,1
2025-05-09,PADANG,3f6093566521149f8e37fa4e3fafe7cc,55,1765,11
2025-05-09,PADANG,53b77c875c67b68561415f23065e6e8d,4,73,2
2025-05-10,PADANG,3f6093566521149f8e37fa4e3fafe7cc,55,2423,10
2025-05-10,PADANG,53b77c875c67b68561415f23065e6e8d,4,65,2
2025-05-11,PADANG,3f6093566521149f8e37fa4e3fafe7cc,54,3974,8
2025-05-11,PADANG,53b77c875c67b68561415f23065e6e8d,4,24,1
2025-05-12,PADANG,3f6093566521149f8e37fa4e3fafe7cc,54,4225,8
2025-05-12,PADANG,53b77c875c67b68561415f23065e6e8d,4,47,2
2025-05-13,PADANG,3f6093566521149f8e37fa4e3fafe7cc,54,2297,8
2025-05-13,PADANG,53b77c875c67b68561415f23065e6e8d,4,49,2
2025-05-14,PADANG,3f6093566521149f8e37fa4e3fafe7cc,54,1974,9
2025-05-14,PADANG,53b77c875c67b68561415f23065e6e8d,5,117,1
2025-05-15,PADANG,3f6093566521149f8e37fa4e3fafe7cc,55,1885,9
2025-05-15,PADANG,53b77c875c67b68561415f23065e6e8d,5,75,1
2025-05-16,PADANG,3f6093566521149f8e37fa4e3fafe7cc,55,1380,10
2025-05-16,PADANG,53b77c875c67b68561415f23065e6e8d,5,37,1
2025-05-17,PADANG,3f6093566521149f8e37fa4e3fafe7cc,55,2182,10
2025-05-17,PADANG,53b77c875c67b68561415f23065e6e8d,5,45,2
2025-05-18,PADANG,3f6093566521149f8e37fa4e3fafe7cc,55,1903,9
2025-05-18,PADANG,53b77c875c67b68561415f23065e6e8d,5,59,2
2025-05-19,PADANG,3f6093566521149f8e37fa4e3fafe7cc,55,1449,8
2025-05-19,PADANG,53b77c875c67b68561415f23065e6e8d,5,58,1
2025-05-20,PADANG,3f6093566521149f8e37fa4e3fafe7cc,55,1239,10
2025-05-20,PADANG,53b77c875c67b68561415f23065e6e8d,5,50,1
2025-05-21,PADANG,3f6093566521149f8e37fa4e3fafe7cc,49,1498,7
2025-05-21,PADANG,53b77c875c67b68561415f23065e6e8d,4,90,2
2025-05-22,PADANG,3f6093566521149f8e37fa4e3fafe7cc,49,1695,7
2025-05-22,PADANG,53b77c875c67b68561415f23065e6e8d,4,76,2
2025-05-23,PADANG,3f6093566521149f8e37fa4e3fafe7cc,51,1393,7
2025-05-23,PADANG,53b77c875c67b68561415f23065e6e8d,4,74,2
2025-05-24,PADANG,3f6093566521149f8e37fa4e3fafe7cc,51,2090,5
2025-05-24,PADANG,53b77c875c67b68561415f23065e6e8d,4,77,2
2025-05-25,PADANG,3f6093566521149f8e37fa4e3fafe7cc,51,1739,5
2025-05-25,PADANG,53b77c875c67b68561415f23065e6e8d,4,78,2
2025-05-26,PADANG,3f6093566521149f8e37fa4e3fafe7cc,51,1192,6
2025-05-26,PADANG,53b77c875c67b68561415f23065e6e8d,4,63,2
2025-05-27,PADANG,3f6093566521149f8e37fa4e3fafe7cc,52,1019,8
2025-05-27,PADANG,53b77c875c67b68561415f23065e6e8d,4,57,2
2025-05-28,PADANG,3f6093566521149f8e37fa4e3fafe7cc,53,1265,6
2025-05-28,PADANG,53b77c875c67b68561415f23065e6e8d,4,53,2
2025-05-29,PADANG,3f6093566521149f8e37fa4e3fafe7cc,53,2363,8
2025-05-29,PADANG,53b77c875c67b68561415f23065e6e8d,4,60,2
2025-05-30,PADANG,3f6093566521149f8e37fa4e3fafe7cc,53,1714,8
2025-05-30,PADANG,53b77c875c67b68561415f23065e6e8d,4,53,2
2025-05-31,PADANG,3f6093566521149f8e37fa4e3fafe7cc,53,1494,7
2025-05-31,PADANG,53b77c875c67b68561415f23065e6e8d,4,37,2
2025-06-01,PADANG,3f6093566521149f8e37fa4e3fafe7cc,12,247,6
2025-06-02,PADANG,3f6093566521149f8e37fa4e3fafe7cc,20,382,6
2025-06-02,PADANG,53b77c875c67b68561415f23065e6e8d,2,21,2
2025-06-03,PADANG,3f6093566521149f8e37fa4e3fafe7cc,18,379,8
2025-06-03,PADANG,53b77c875c67b68561415f23065e6e8d,1,10,1
2025-06-04,PADANG,3f6093566521149f8e37fa4e3fafe7cc,24,506,8
2025-06-04,PADANG,53b77c875c67b68561415f23065e6e8d,1,10,1
2025-06-05,PADANG,3f6093566521149f8e37fa4e3fafe7cc,15,295,7
2025-06-06,PADANG,3f6093566521149f8e37fa4e3fafe7cc,54,1400,11
2025-06-06,PADANG,53b77c875c67b68561415f23065e6e8d,4,46,2
2025-06-08,PADANG,3f6093566521149f8e37fa4e3fafe7cc,52,2835,10
2025-06-08,PADANG,53b77c875c67b68561415f23065e6e8d,4,47,2
2025-06-10,PADANG,3f6093566521149f8e37fa4e3fafe7cc,29,355,7
2025-06-11,PADANG,3f6093566521149f8e37fa4e3fafe7cc,4,139,1
2025-06-12,PADANG,3f6093566521149f8e37fa4e3fafe7cc,36,1536,6
2025-06-12,PADANG,53b77c875c67b68561415f23065e6e8d,4,27,2
2025-06-14,PADANG,3f6093566521149f8e37fa4e3fafe7cc,1,123,1
2025-06-15,PADANG,3f6093566521149f8e37fa4e3fafe7cc,1,123,1
2025-06-16,PADANG,3f6093566521149f8e37fa4e3fafe7cc,52,1306,11
2025-06-16,PADANG,53b77c875c67b68561415f23065e6e8d,4,38,2
2025-06-17,PADANG,3f6093566521149f8e37fa4e3fafe7cc,49,1286,10
2025-06-17,PADANG,53b77c875c67b68561415f23065e6e8d,4,41,2
2025-06-18,PADANG,3f6093566521149f8e37fa4e3fafe7cc,51,1576,11
2025-06-18,PADANG,53b77c875c67b68561415f23065e6e8d,5,49,2
2025-06-19,PADANG,3f6093566521149f8e37fa4e3fafe7cc,55,2734,10
2025-06-19,PADANG,53b77c875c67b68561415f23065e6e8d,4,52,2
2025-06-20,PADANG,3f6093566521149f8e37fa4e3fafe7cc,54,1707,10
2025-06-20,PADANG,53b77c875c67b68561415f23065e6e8d,4,11,1
2025-06-21,PADANG,3f6093566521149f8e37fa4e3fafe7cc,54,2140,7
2025-06-21,PADANG,53b77c875c67b68561415f23065e6e8d,4,26,2
2025-06-22,PADANG,3f6093566521149f8e37fa4e3fafe7cc,53,2109,8
2025-06-22,PADANG,53b77c875c67b68561415f23065e6e8d,4,26,2
2025-06-23,PADANG,3f6093566521149f8e37fa4e3fafe7cc,53,2107,7
2025-06-23,PADANG,53b77c875c67b68561415f23065e6e8d,4,82,2
2025-06-24,PADANG,3f6093566521149f8e37fa4e3fafe7cc,53,1983,7
2025-06-24,PADANG,53b77c875c67b68561415f23065e6e8d,4,34,2
2025-06-25,PADANG,3f6093566521149f8e37fa4e3fafe7cc,53,2085,9
2025-06-25,PADANG,53b77c875c67b68561415f23065e6e8d,4,41,1
2025-06-26,PADANG,3f6093566521149f8e37fa4e3fafe7cc,53,2041,10
2025-06-26,PADANG,53b77c875c67b68561415f23065e6e8d,4,25,2
2025-06-27,PADANG,3f6093566521149f8e37fa4e3fafe7cc,54,2470,10
2025-06-27,PADANG,53b77c875c67b68561415f23065e6e8d,4,36,2
2025-06-28,PADANG,3f6093566521149f8e37fa4e3fafe7cc,54,2440,8
2025-06-28,PADANG,53b77c875c67b68561415f23065e6e8d,4,29,2
2025-06-29,PADANG,3f6093566521149f8e37fa4e3fafe7cc,54,2086,8
2025-06-29,PADANG,53b77c875c67b68561415f23065e6e8d,4,25,1
2025-06-30,PADANG,3f6093566521149f8e37fa4e3fafe7cc,54,2301,8
2025-06-30,PADANG,53b77c875c67b68561415f23065e6e8d,4,37,2
2025-07-01,PADANG,3f6093566521149f8e37fa4e3fafe7cc,54,2231,7
2025-07-01,PADANG,53b77c875c67b68561415f23065e6e8d,4,45,1
2025-07-02,PADANG,3f6093566521149f8e37fa4e3fafe7cc,50,2669,6
2025-07-02,PADANG,53b77c875c67b68561415f23065e6e8d,4,116,1
2025-07-03,PADANG,3f6093566521149f8e37fa4e3fafe7cc,51,2889,7
2025-07-03,PADANG,53b77c875c67b68561415f23065e6e8d,4,79,1
2025-07-04,PADANG,3f6093566521149f8e37fa4e3fafe7cc,52,2467,8
2025-07-04,PADANG,53b77c875c67b68561415f23065e6e8d,4,53,1
2025-07-05,PADANG,3f6093566521149f8e37fa4e3fafe7cc,50,3305,8
2025-07-05,PADANG,53b77c875c67b68561415f23065e6e8d,4,85,1
2025-07-06,PADANG,3f6093566521149f8e37fa4e3fafe7cc,52,2984,7
2025-07-06,PADANG,53b77c875c67b68561415f23065e6e8d,4,62,1
2025-07-07,PADANG,3f6093566521149f8e37fa4e3fafe7cc,52,2755,7
2025-07-07,PADANG,53b77c875c67b68561415f23065e6e8d,4,78,1
2025-07-08,PADANG,3f6093566521149f8e37fa4e3fafe7cc,52,2439,7
2025-07-08,PADANG,53b77c875c67b68561415f23065e6e8d,4,77,1
2025-07-09,PADANG,3f6093566521149f8e37fa4e3fafe7cc,51,2441,8
2025-07-09,PADANG,53b77c875c67b68561415f23065e6e8d,25,1132,3
2025-07-10,PADANG,3f6093566521149f8e37fa4e3fafe7cc,53,2580,11
2025-07-10,PADANG,53b77c875c67b68561415f23065e6e8d,25,1304,3
2025-07-11,PADANG,3f6093566521149f8e37fa4e3fafe7cc,54,2082,13
2025-07-11,PADANG,53b77c875c67b68561415f23065e6e8d,26,1055,4
2025-07-12,PADANG,3f6093566521149f8e37fa4e3fafe7cc,52,2379,9
2025-07-12,PADANG,53b77c875c67b68561415f23065e6e8d,26,1313,4
2025-07-13,PADANG,3f6093566521149f8e37fa4e3fafe7cc,52,1799,9
2025-07-13,PADANG,53b77c875c67b68561415f23065e6e8d,26,1092,4
2025-07-14,PADANG,3f6093566521149f8e37fa4e3fafe7cc,52,1170,9
2025-07-14,PADANG,53b77c875c67b68561415f23065e6e8d,26,873,4
2025-07-15,PADANG,3f6093566521149f8e37fa4e3fafe7cc,53,1216,8
2025-07-15,PADANG,53b77c875c67b68561415f23065e6e8d,27,933,5
2025-07-16,PADANG,3f6093566521149f8e37fa4e3fafe7cc,53,1247,10
2025-07-16,PADANG,53b77c875c67b68561415f23065e6e8d,27,931,5
2025-07-17,PADANG,3f6093566521149f8e37fa4e3fafe7cc,55,1496,9
2025-07-17,PADANG,53b77c875c67b68561415f23065e6e8d,27,1283,7
2025-07-18,PADANG,3f6093566521149f8e37fa4e3fafe7cc,50,1020,9
2025-07-18,PADANG,53b77c875c67b68561415f23065e6e8d,28,946,4
2025-07-19,PADANG,3f6093566521149f8e37fa4e3fafe7cc,52,1688,9
2025-07-19,PADANG,53b77c875c67b68561415f23065e6e8d,28,1083,4
2025-07-20,PADANG,3f6093566521149f8e37fa4e3fafe7cc,52,1466,9
2025-07-20,PADANG,53b77c875c67b68561415f23065e6e8d,27,1139,5
2025-07-21,PADANG,3f6093566521149f8e37fa4e3fafe7cc,52,862,9
2025-07-21,PADANG,53b77c875c67b68561415f23065e6e8d,27,844,5
2025-07-22,PADANG,3f6093566521149f8e37fa4e3fafe7cc,50,855,7
2025-07-22,PADANG,53b77c875c67b68561415f23065e6e8d,27,747,5
2025-07-23,PADANG,3f6093566521149f8e37fa4e3fafe7cc,54,1089,7
2025-07-23,PADANG,53b77c875c67b68561415f23065e6e8d,30,1123,4
2025-07-24,PADANG,3f6093566521149f8e37fa4e3fafe7cc,55,1345,8
2025-07-24,PADANG,53b77c875c67b68561415f23065e6e8d,30,638,5
2025-07-25,PADANG,3f6093566521149f8e37fa4e3fafe7cc,55,1215,8
2025-07-25,PADANG,53b77c875c67b68561415f23065e6e8d,30,738,5
2025-07-26,PADANG,3f6093566521149f8e37fa4e3fafe7cc,53,1962,11
2025-07-26,PADANG,53b77c875c67b68561415f23065e6e8d,30,1182,5
2025-07-27,PADANG,3f6093566521149f8e37fa4e3fafe7cc,53,1977,11
2025-07-27,PADANG,53b77c875c67b68561415f23065e6e8d,30,785,5
2025-07-28,PADANG,3f6093566521149f8e37fa4e3fafe7cc,54,1473,10
2025-07-28,PADANG,53b77c875c67b68561415f23065e6e8d,28,745,7
2025-07-29,PADANG,3f6093566521149f8e37fa4e3fafe7cc,53,1062,9
2025-07-29,PADANG,53b77c875c67b68561415f23065e6e8d,27,656,6
2025-07-30,PADANG,3f6093566521149f8e37fa4e3fafe7cc,54,809,9
2025-07-30,PADANG,53b77c875c67b68561415f23065e6e8d,28,556,6
2025-07-31,PADANG,3f6093566521149f8e37fa4e3fafe7cc,55,1724,10
2025-07-31,PADANG,53b77c875c67b68561415f23065e6e8d,29,657,8
2025-08-01,PADANG,3f6093566521149f8e37fa4e3fafe7cc,54,1109,9
2025-08-01,PADANG,53b77c875c67b68561415f23065e6e8d,29,469,8
2025-08-02,PADANG,3f6093566521149f8e37fa4e3fafe7cc,53,2093,11
2025-08-02,PADANG,53b77c875c67b68561415f23065e6e8d,29,935,7
2025-08-03,PADANG,3f6093566521149f8e37fa4e3fafe7cc,53,1732,11
2025-08-03,PADANG,53b77c875c67b68561415f23065e6e8d,29,847,8
2025-08-04,PADANG,3f6093566521149f8e37fa4e3fafe7cc,53,1380,11
2025-08-04,PADANG,53b77c875c67b68561415f23065e6e8d,29,567,8
2025-08-05,PADANG,3f6093566521149f8e37fa4e3fafe7cc,53,1020,12
2025-08-05,PADANG,53b77c875c67b68561415f23065e6e8d,27,568,7
2025-08-06,PADANG,3f6093566521149f8e37fa4e3fafe7cc,52,919,7
2025-08-06,PADANG,53b77c875c67b68561415f23065e6e8d,26,454,4
2025-08-07,PADANG,3f6093566521149f8e37fa4e3fafe7cc,53,1568,10
2025-08-07,PADANG,53b77c875c67b68561415f23065e6e8d,26,668,6
2025-08-08,PADANG,3f6093566521149f8e37fa4e3fafe7cc,53,826,9
2025-08-08,PADANG,53b77c875c67b68561415f23065e6e8d,27,549,7
2025-08-09,PADANG,3f6093566521149f8e37fa4e3fafe7cc,54,1993,9
2025-08-09,PADANG,53b77c875c67b68561415f23065e6e8d,28,947,6
2025-08-10,PADANG,3f6093566521149f8e37fa4e3fafe7cc,53,1699,10
2025-08-10,PADANG,53b77c875c67b68561415f23065e6e8d,27,919,6
2025-08-11,PADANG,3f6093566521149f8e37fa4e3fafe7cc,52,1338,9
2025-08-11,PADANG,53b77c875c67b68561415f23065e6e8d,27,694,6
2025-08-12,PADANG,3f6093566521149f8e37fa4e3fafe7cc,52,1391,8
2025-08-12,PADANG,53b77c875c67b68561415f23065e6e8d,26,667,6
2025-08-13,PADANG,3f6093566521149f8e37fa4e3fafe7cc,53,1493,9
2025-08-13,PADANG,53b77c875c67b68561415f23065e6e8d,28,575,6
2025-08-14,PADANG,3f6093566521149f8e37fa4e3fafe7cc,52,1684,12
2025-08-14,PADANG,53b77c875c67b68561415f23065e6e8d,26,770,7
2025-08-15,PADANG,3f6093566521149f8e37fa4e3fafe7cc,49,2838,8
2025-08-15,PADANG,53b77c875c67b68561415f23065e6e8d,25,1970,3
2025-08-16,PADANG,3f6093566521149f8e37fa4e3fafe7cc,48,2020,8
2025-08-16,PADANG,53b77c875c67b68561415f23065e6e8d,25,1249,3
2025-08-17,PADANG,3f6093566521149f8e37fa4e3fafe7cc,49,2180,9
2025-08-17,PADANG,53b77c875c67b68561415f23065e6e8d,25,1117,3
2025-08-18,PADANG,3f6093566521149f8e37fa4e3fafe7cc,49,2156,9
2025-08-18,PADANG,53b77c875c67b68561415f23065e6e8d,25,1736,3
2025-08-19,PADANG,3f6093566521149f8e37fa4e3fafe7cc,49,964,8
2025-08-19,PADANG,53b77c875c67b68561415f23065e6e8d,25,758,3
2025-08-20,PADANG,3f6093566521149f8e37fa4e3fafe7cc,47,1155,9
2025-08-20,PADANG,53b77c875c67b68561415f23065e6e8d,25,671,4
2025-08-21,PADANG,3f6093566521149f8e37fa4e3fafe7cc,49,1508,11
2025-08-21,PADANG,53b77c875c67b68561415f23065e6e8d,26,740,6
2025-08-22,PADANG,3f6093566521149f8e37fa4e3fafe7cc,48,1020,11
2025-08-22,PADANG,53b77c875c67b68561415f23065e6e8d,26,662,6
2025-08-23,PADANG,3f6093566521149f8e37fa4e3fafe7cc,48,1578,10
2025-08-23,PADANG,53b77c875c67b68561415f23065e6e8d,21,996,6
2025-08-24,PADANG,3f6093566521149f8e37fa4e3fafe7cc,48,1565,10
2025-08-24,PADANG,53b77c875c67b68561415f23065e6e8d,25,921,5
2025-08-25,PADANG,3f6093566521149f8e37fa4e3fafe7cc,46,889,8
2025-08-25,PADANG,53b77c875c67b68561415f23065e6e8d,25,589,5
2025-08-26,PADANG,3f6093566521149f8e37fa4e3fafe7cc,46,891,9
2025-08-26,PADANG,53b77c875c67b68561415f23065e6e8d,25,439,4
2025-08-27,PADANG,3f6093566521149f8e37fa4e3fafe7cc,48,831,9
2025-08-27,PADANG,53b77c875c67b68561415f23065e6e8d,25,533,4
2025-08-28,PADANG,3f6093566521149f8e37fa4e3fafe7cc,49,1002,12
2025-08-28,PADANG,53b77c875c67b68561415f23065e6e8d,26,416,6
2025-08-29,PADANG,3f6093566521149f8e37fa4e3fafe7cc,48,857,11
2025-08-29,PADANG,53b77c875c67b68561415f23065e6e8d,25,513,7
2025-08-30,PADANG,3f6093566521149f8e37fa4e3fafe7cc,48,1180,11
2025-08-30,PADANG,53b77c875c67b68561415f23065e6e8d,23,722,7
2025-08-31,PADANG,3f6093566521149f8e37fa4e3fafe7cc,48,1092,11
2025-08-31,PADANG,53b77c875c67b68561415f23065e6e8d,25,601,6
2025-09-01,PADANG,3f6093566521149f8e37fa4e3fafe7cc,39,491,10
2025-09-01,PADANG,53b77c875c67b68561415f23065e6e8d,20,566,6
2025-09-02,PADANG,3f6093566521149f8e37fa4e3fafe7cc,39,590,10
2025-09-02,PADANG,53b77c875c67b68561415f23065e6e8d,20,388,6
2025-09-03,PADANG,3f6093566521149f8e37fa4e3fafe7cc,49,816,10
2025-09-03,PADANG,53b77c875c67b68561415f23065e6e8d,25,913,6
2025-09-04,PADANG,3f6093566521149f8e37fa4e3fafe7cc,51,1302,10
2025-09-04,PADANG,53b77c875c67b68561415f23065e6e8d,26,843,4
2025-09-05,PADANG,3f6093566521149f8e37fa4e3fafe7cc,50,2015,9
2025-09-05,PADANG,53b77c875c67b68561415f23065e6e8d,26,1504,4
2025-09-06,PADANG,3f6093566521149f8e37fa4e3fafe7cc,50,1995,8
2025-09-06,PADANG,53b77c875c67b68561415f23065e6e8d,26,1362,3
2025-09-07,PADANG,3f6093566521149f8e37fa4e3fafe7cc,50,1456,7
2025-09-07,PADANG,53b77c875c67b68561415f23065e6e8d,26,802,3
2025-09-08,PADANG,3f6093566521149f8e37fa4e3fafe7cc,50,1064,7
2025-09-08,PADANG,53b77c875c67b68561415f23065e6e8d,26,654,4
2025-09-09,PADANG,3f6093566521149f8e37fa4e3fafe7cc,50,994,7
2025-09-09,PADANG,53b77c875c67b68561415f23065e6e8d,26,647,4
2025-09-10,PADANG,3f6093566521149f8e37fa4e3fafe7cc,50,834,8
2025-09-10,PADANG,53b77c875c67b68561415f23065e6e8d,27,627,4
2025-09-11,PADANG,3f6093566521149f8e37fa4e3fafe7cc,51,1433,9
2025-09-11,PADANG,53b77c875c67b68561415f23065e6e8d,27,848,5
2025-09-12,PADANG,3f6093566521149f8e37fa4e3fafe7cc,51,1283,8
2025-09-12,PADANG,53b77c875c67b68561415f23065e6e8d,28,635,5
2025-09-13,PADANG,3f6093566521149f8e37fa4e3fafe7cc,53,1222,8
2025-09-13,PADANG,53b77c875c67b68561415f23065e6e8d,28,1007,6
2025-09-14,PADANG,3f6093566521149f8e37fa4e3fafe7cc,53,1052,8
2025-09-14,PADANG,53b77c875c67b68561415f23065e6e8d,27,718,6
2025-09-15,PADANG,3f6093566521149f8e37fa4e3fafe7cc,53,842,9
2025-09-15,PADANG,53b77c875c67b68561415f23065e6e8d,27,526,6
2025-09-16,PADANG,3f6093566521149f8e37fa4e3fafe7cc,53,707,9
2025-09-16,PADANG,53b77c875c67b68561415f23065e6e8d,27,492,6
2025-09-17,PADANG,3f6093566521149f8e37fa4e3fafe7cc,53,878,10
2025-09-17,PADANG,53b77c875c67b68561415f23065e6e8d,29,493,5
2025-09-18,PADANG,3f6093566521149f8e37fa4e3fafe7cc,53,1298,10
2025-09-18,PADANG,53b77c875c67b68561415f23065e6e8d,29,736,5
2025-09-19,PADANG,3f6093566521149f8e37fa4e3fafe7cc,54,851,8
2025-09-19,PADANG,53b77c875c67b68561415f23065e6e8d,29,664,7
2025-09-20,PADANG,3f6093566521149f8e37fa4e3fafe7cc,53,1091,7
2025-09-20,PADANG,53b77c875c67b68561415f23065e6e8d,29,834,7
2025-09-21,PADANG,3f6093566521149f8e37fa4e3fafe7cc,53,1148,8
2025-09-21,PADANG,53b77c875c67b68561415f23065e6e8d,27,666,4
2025-09-22,PADANG,3f6093566521149f8e37fa4e3fafe7cc,53,791,9
2025-09-22,PADANG,53b77c875c67b68561415f23065e6e8d,27,469,5
2025-09-23,PADANG,3f6093566521149f8e37fa4e3fafe7cc,53,703,9
2025-09-23,PADANG,53b77c875c67b68561415f23065e6e8d,27,380,4
2025-09-24,PADANG,3f6093566521149f8e37fa4e3fafe7cc,50,792,9
2025-09-24,PADANG,53b77c875c67b68561415f23065e6e8d,27,428,4
2025-09-25,PADANG,3f6093566521149f8e37fa4e3fafe7cc,51,1216,10
2025-09-25,PADANG,53b77c875c67b68561415f23065e6e8d,27,563,5
2025-09-26,PADANG,3f6093566521149f8e37fa4e3fafe7cc,53,875,10
2025-09-26,PADANG,53b77c875c67b68561415f23065e6e8d,28,521,7
2025-09-27,PADANG,3f6093566521149f8e37fa4e3fafe7cc,53,1498,10
2025-09-27,PADANG,53b77c875c67b68561415f23065e6e8d,28,865,7
2025-09-28,PADANG,3f6093566521149f8e37fa4e3fafe7cc,53,969,8
2025-09-28,PADANG,53b77c875c67b68561415f23065e6e8d,27,706,5
2025-09-29,PADANG,3f6093566521149f8e37fa4e3fafe7cc,52,990,9
2025-09-29,PADANG,53b77c875c67b68561415f23065e6e8d,26,550,5
2025-09-30,PADANG,3f6093566521149f8e37fa4e3fafe7cc,51,738,7
2025-09-30,PADANG,53b77c875c67b68561415f23065e6e8d,26,485,5
