date_show,city_names,cinema_ids,show_sum,ticket_sum
2025-09-01,67,117,4675,77712
2025-09-02,67,117,4703,82349
2025-09-03,67,117,5733,275825
2025-09-04,67,117,5917,321811
2025-09-05,67,117,5865,511494
2025-09-06,67,117,5834,418460
2025-09-07,67,117,5809,334125
2025-09-08,67,117,5796,210521
2025-09-09,67,117,5774,169829
2025-09-10,67,117,5930,165240
2025-09-11,67,117,6170,219284
2025-09-12,67,117,6245,230846
2025-09-13,67,117,6222,285114
2025-09-14,67,117,6196,240893
2025-09-15,67,117,6203,131959
2025-09-16,67,117,6204,120033
2025-09-17,67,117,6362,126169
2025-09-18,67,117,6401,150388
2025-09-19,67,117,6462,148927
2025-09-20,67,117,6395,199105
2025-09-21,67,117,6405,178249
2025-09-22,67,117,6389,95559
2025-09-23,67,117,6424,89754
2025-09-24,67,117,6184,90462
2025-09-25,67,117,6192,168239
2025-09-26,67,117,6275,182354
2025-09-27,67,117,6240,263491
2025-09-28,67,117,6123,245583
2025-09-29,67,117,6065,121566
2025-09-30,67,117,6043,113735
