cinema_ids,city_name,date_show,show_sum,ticket_sum,n_films
8dbfb7aeb4ed822b358347332ba630af,JAKARTA,2025-08-01,540,18413,15
8dbfb7aeb4ed822b358347332ba630af,JAKARTA,2025-05-17,539,31185,19
8dbfb7aeb4ed822b358347332ba630af,JAKARTA,2025-05-15,538,18239,17
8dbfb7aeb4ed822b358347332ba630af,JAKARTA,2025-07-31,538,18828,15
8dbfb7aeb4ed822b358347332ba630af,JAKARTA,2025-05-16,538,21319,18
8dbfb7aeb4ed822b358347332ba630af,JAKARTA,2025-08-03,537,23719,16
8dbfb7aeb4ed822b358347332ba630af,JAKARTA,2025-08-02,537,28909,15
8dbfb7aeb4ed822b358347332ba630af,JAKARTA,2025-08-04,537,11062,15
8dbfb7aeb4ed822b358347332ba630af,JAKARTA,2025-05-18,535,28077,18
8dbfb7aeb4ed822b358347332ba630af,JAKARTA,2025-05-19,534,11798,16
8dbfb7aeb4ed822b358347332ba630af,JAKARTA,2025-05-20,533,10290,16
8dbfb7aeb4ed822b358347332ba630af,JAKARTA,2025-08-05,533,10182,15
8dbfb7aeb4ed822b358347332ba630af,JAKARTA,2025-04-23,530,20152,17
8dbfb7aeb4ed822b358347332ba630af,JAKARTA,2025-04-24,529,17639,19
8dbfb7aeb4ed822b358347332ba630af,JAKARTA,2025-07-30,529,17075,13
8dbfb7aeb4ed822b358347332ba630af,JAKARTA,2025-04-19,528,49178,17
8dbfb7aeb4ed822b358347332ba630af,JAKARTA,2025-04-20,527,40425,17
8dbfb7aeb4ed822b358347332ba630af,JAKARTA,2025-04-18,526,55267,17
8dbfb7aeb4ed822b358347332ba630af,JAKARTA,2025-07-24,526,24281,13
8dbfb7aeb4ed822b358347332ba630af,JAKARTA,2025-09-19,526,13131,19
8dbfb7aeb4ed822b358347332ba630af,JAKARTA,2025-07-27,526,33434,14
8dbfb7aeb4ed822b358347332ba630af,JAKARTA,2025-07-28,525,16685,12
8dbfb7aeb4ed822b358347332ba630af,JAKARTA,2025-07-25,525,26840,13
8dbfb7aeb4ed822b358347332ba630af,JAKARTA,2025-04-21,524,24298,19
8dbfb7aeb4ed822b358347332ba630af,JAKARTA,2025-07-26,524,42424,14
8dbfb7aeb4ed822b358347332ba630af,JAKARTA,2025-04-22,523,19902,18
8dbfb7aeb4ed822b358347332ba630af,JAKARTA,2025-07-29,523,15833,14
8dbfb7aeb4ed822b358347332ba630af,JAKARTA,2025-05-14,522,20511,15
8dbfb7aeb4ed822b358347332ba630af,JAKARTA,2025-04-14,522,25432,11
8dbfb7aeb4ed822b358347332ba630af,JAKARTA,2025-04-15,521,22166,11
