date,day_tipe,holiday_tipe,holiday_name
2025-04-01,weekday,holiday,Idulfitri 1446 H
2025-04-02,weekday,normal,
2025-04-03,weekday,normal,
2025-04-04,friday,normal,
2025-04-05,weekend,normal,
2025-04-06,weekend,normal,
2025-04-07,weekday,normal,
2025-04-08,weekday,normal,
2025-04-09,weekday,normal,
2025-04-10,weekday,normal,
2025-04-11,friday,normal,
2025-04-12,weekend,normal,
2025-04-13,weekend,normal,
2025-04-14,weekday,normal,
2025-04-15,weekday,normal,
2025-04-16,weekday,normal,
2025-04-17,weekday,normal,
2025-04-18,friday,holiday,Wafat Yesus Kristus
2025-04-19,weekend,normal,
2025-04-20,weekend,holiday,Kebangkitan Yesus Kristus (Paskah)
2025-04-21,weekday,normal,
2025-04-22,weekday,normal,
2025-04-23,weekday,normal,
2025-04-24,weekday,normal,
2025-04-25,friday,normal,
2025-04-26,weekend,normal,
2025-04-27,weekend,normal,
2025-04-28,weekday,normal,
2025-04-29,weekday,normal,
2025-04-30,weekday,normal,
2025-05-01,weekday,holiday,Hari Buruh Internasional
2025-05-02,friday,normal,
2025-05-03,weekend,normal,
2025-05-04,weekend,normal,
2025-05-05,weekday,normal,
2025-05-06,weekday,normal,
2025-05-07,weekday,normal,
2025-05-08,weekday,normal,
2025-05-09,friday,normal,
2025-05-10,weekend,normal,
2025-05-11,weekend,normal,
2025-05-12,weekday,holiday,Hari Raya Waisak 2569 BE
2025-05-13,weekday,normal,
2025-05-14,weekday,normal,
2025-05-15,weekday,normal,
2025-05-16,friday,normal,
2025-05-17,weekend,normal,
2025-05-18,weekend,normal,
2025-05-19,weekday,normal,
2025-05-20,weekday,normal,
2025-05-21,weekday,normal,
2025-05-22,weekday,normal,
2025-05-23,friday,normal,
2025-05-24,weekend,normal,
2025-05-25,weekend,normal,
2025-05-26,weekday,normal,
2025-05-27,weekday,normal,
2025-05-28,weekday,normal,
2025-05-29,weekday,holiday,Kenaikan Yesus Kristus
2025-05-30,friday,normal,
2025-05-31,weekend,normal,
2025-06-01,weekend,holiday,Hari Lahir Pancasila
2025-06-02,weekday,normal,
2025-06-03,weekday,normal,
2025-06-04,weekday,normal,
2025-06-05,weekday,normal,
2025-06-06,friday,holiday,Idul Adha 1446 H
2025-06-07,weekend,normal,
2025-06-08,weekend,normal,
2025-06-09,weekday,normal,
2025-06-10,weekday,normal,
2025-06-11,weekday,normal,
2025-06-12,weekday,normal,
2025-06-13,friday,normal,
2025-06-14,weekend,normal,
2025-06-15,weekend,normal,
2025-06-16,weekday,normal,
2025-06-17,weekday,normal,
2025-06-18,weekday,normal,
2025-06-19,weekday,normal,
2025-06-20,friday,normal,
2025-06-21,weekend,normal,
2025-06-22,weekend,normal,
2025-06-23,weekday,normal,
2025-06-24,weekday,normal,
2025-06-25,weekday,normal,
2025-06-26,weekday,normal,
2025-06-27,friday,holiday,1 Muharam Tahun Baru Islam 1447 H
2025-06-28,weekend,normal,
2025-06-29,weekend,normal,
2025-06-30,weekday,normal,
2025-07-01,weekday,normal,
2025-07-02,weekday,normal,
2025-07-03,weekday,normal,
2025-07-04,friday,normal,
2025-07-05,weekend,normal,
2025-07-06,weekend,normal,
2025-07-07,weekday,normal,
2025-07-08,weekday,normal,
2025-07-09,weekday,normal,
2025-07-10,weekday,normal,
2025-07-11,friday,normal,
2025-07-12,weekend,normal,
2025-07-13,weekend,normal,
2025-07-14,weekday,normal,
2025-07-15,weekday,normal,
2025-07-16,weekday,normal,
2025-07-17,weekday,normal,
2025-07-18,friday,normal,
2025-07-19,weekend,normal,
2025-07-20,weekend,normal,
2025-07-21,weekday,normal,
2025-07-22,weekday,normal,
2025-07-23,weekday,normal,
2025-07-24,weekday,normal,
2025-07-25,friday,normal,
2025-07-26,weekend,normal,
2025-07-27,weekend,normal,
2025-07-28,weekday,normal,
2025-07-29,weekday,normal,
2025-07-30,weekday,normal,
2025-07-31,weekday,normal,
2025-08-01,friday,normal,
2025-08-02,weekend,normal,
2025-08-03,weekend,normal,
2025-08-04,weekday,normal,
2025-08-05,weekday,normal,
2025-08-06,weekday,normal,
2025-08-07,weekday,normal,
2025-08-08,friday,normal,
2025-08-09,weekend,normal,
2025-08-10,weekend,normal,
2025-08-11,weekday,normal,
2025-08-12,weekday,normal,
2025-08-13,weekday,normal,
2025-08-14,weekday,normal,
2025-08-15,friday,normal,
2025-08-16,weekend,normal,
2025-08-17,weekend,holiday,Proklamasi Kemerdekaan Republik Indonesia
2025-08-18,weekday,normal,
2025-08-19,weekday,normal,
2025-08-20,weekday,normal,
2025-08-21,weekday,normal,
2025-08-22,friday,normal,
2025-08-23,weekend,normal,
2025-08-24,weekend,normal,
2025-08-25,weekday,normal,
2025-08-26,weekday,normal,
2025-08-27,weekday,normal,
2025-08-28,weekday,normal,
2025-08-29,friday,normal,
2025-08-30,weekend,normal,
2025-08-31,weekend,normal,
2025-09-01,weekday,normal,
2025-09-02,weekday,normal,
2025-09-03,weekday,normal,
2025-09-04,weekday,normal,
2025-09-05,friday,holiday,Maulid Nabi Muhammad SAW
2025-09-06,weekend,normal,
2025-09-07,weekend,normal,
2025-09-08,weekday,normal,
2025-09-09,weekday,normal,
2025-09-10,weekday,normal,
2025-09-11,weekday,normal,
2025-09-12,friday,normal,
2025-09-13,weekend,normal,
2025-09-14,weekend,normal,
2025-09-15,weekday,normal,
2025-09-16,weekday,normal,
2025-09-17,weekday,normal,
2025-09-18,weekday,normal,
2025-09-19,friday,normal,
2025-09-20,weekend,normal,
2025-09-21,weekend,normal,
2025-09-22,weekday,normal,
2025-09-23,weekday,normal,
2025-09-24,weekday,normal,
2025-09-25,weekday,normal,
2025-09-26,friday,normal,
2025-09-27,weekend,normal,
2025-09-28,weekend,normal,
2025-09-29,weekday,normal,
2025-09-30,weekday,normal,
2025-10-01,weekday,normal,
2025-10-02,weekday,normal,
2025-10-03,friday,normal,
2025-10-04,weekend,normal,
2025-10-05,weekend,normal,
2025-10-06,weekday,normal,
2025-10-07,weekday,normal,
2025-10-08,weekday,normal,
2025-10-09,weekday,normal,
2025-10-10,friday,normal,
2025-10-11,weekend,normal,
2025-10-12,weekend,normal,
2025-10-13,weekday,normal,
2025-10-14,weekday,normal,
2025-10-15,weekday,normal,
2025-10-16,weekday,normal,
2025-10-17,friday,normal,
2025-10-18,weekend,normal,
2025-10-19,weekend,normal,
2025-10-20,weekday,normal,
2025-10-21,weekday,normal,
2025-10-22,weekday,normal,
2025-10-23,weekday,normal,
2025-10-24,friday,normal,
2025-10-25,weekend,normal,
2025-10-26,weekend,normal,
2025-10-27,weekday,normal,
2025-10-28,weekday,normal,
2025-10-29,weekday,normal,
2025-10-30,weekday,normal,
2025-10-31,friday,normal,
2025-11-01,weekend,normal,
2025-11-02,weekend,normal,
2025-11-03,weekday,normal,
2025-11-04,weekday,normal,
2025-11-05,weekday,normal,
2025-11-06,weekday,normal,
2025-11-07,friday,normal,
2025-11-08,weekend,normal,
2025-11-09,weekend,normal,
2025-11-10,weekday,normal,
2025-11-11,weekday,normal,
2025-11-12,weekday,normal,
2025-11-13,weekday,normal,
2025-11-14,friday,normal,
2025-11-15,weekend,normal,
2025-11-16,weekend,normal,
2025-11-17,weekday,normal,
2025-11-18,weekday,normal,
2025-11-19,weekday,normal,
2025-11-20,weekday,normal,
2025-11-21,friday,normal,
2025-11-22,weekend,normal,
2025-11-23,weekend,normal,
2025-11-24,weekday,normal,
2025-11-25,weekday,normal,
2025-11-26,weekday,normal,
2025-11-27,weekday,normal,
2025-11-28,friday,normal,
2025-11-29,weekend,normal,
2025-11-30,weekend,normal,
2025-12-01,weekday,normal,
2025-12-02,weekday,normal,
2025-12-03,weekday,normal,
2025-12-04,weekday,normal,
2025-12-05,friday,normal,
2025-12-06,weekend,normal,
2025-12-07,weekend,normal,
2025-12-08,weekday,normal,
2025-12-09,weekday,normal,
2025-12-10,weekday,normal,
2025-12-11,weekday,normal,
2025-12-12,friday,normal,
2025-12-13,weekend,normal,
2025-12-14,weekend,normal,
2025-12-15,weekday,normal,
2025-12-16,weekday,normal,
2025-12-17,weekday,normal,
2025-12-18,weekday,normal,
2025-12-19,friday,normal,
2025-12-20,weekend,normal,
2025-12-21,weekend,normal,
2025-12-22,weekday,normal,
2025-12-23,weekday,normal,
2025-12-24,weekday,normal,
2025-12-25,weekday,holiday,Kelahiran Yesus Kristus
2025-12-26,friday,normal,
2025-12-27,weekend,normal,
2025-12-28,weekend,normal,
2025-12-29,weekday,normal,
2025-12-30,weekday,normal,
2025-12-31,weekday,normal,
2026-01-01,weekday,holiday,Tahun Baru 2026 Masehi
2026-01-02,friday,normal,
2026-01-03,weekend,normal,
2026-01-04,weekend,normal,
2026-01-05,weekday,normal,
2026-01-06,weekday,normal,
2026-01-07,weekday,normal,
2026-01-08,weekday,normal,
2026-01-09,friday,normal,
2026-01-10,weekend,normal,
2026-01-11,weekend,normal,
2026-01-12,weekday,normal,
2026-01-13,weekday,normal,
2026-01-14,weekday,normal,
2026-01-15,weekday,normal,
2026-01-16,friday,holiday,Isra Mikraj Nabi Muhammad SAW
2026-01-17,weekend,normal,
2026-01-18,weekend,normal,
2026-01-19,weekday,normal,
2026-01-20,weekday,normal,
2026-01-21,weekday,normal,
2026-01-22,weekday,normal,
2026-01-23,friday,normal,
2026-01-24,weekend,normal,
2026-01-25,weekend,normal,
2026-01-26,weekday,normal,
2026-01-27,weekday,normal,
2026-01-28,weekday,normal,
2026-01-29,weekday,normal,
2026-01-30,friday,normal,
2026-01-31,weekend,normal,
2026-02-01,weekend,normal,
2026-02-02,weekday,normal,
2026-02-03,weekday,normal,
2026-02-04,weekday,normal,
2026-02-05,weekday,normal,
2026-02-06,friday,normal,
2026-02-07,weekend,normal,
2026-02-08,weekend,normal,
2026-02-09,weekday,normal,
2026-02-10,weekday,normal,
2026-02-11,weekday,normal,
2026-02-12,weekday,normal,
2026-02-13,friday,normal,
2026-02-14,weekend,normal,
2026-02-15,weekend,normal,
2026-02-16,weekday,normal,
2026-02-17,weekday,holiday,Tahun Baru Imlek 2577 Kongzili
2026-02-18,weekday,normal,
2026-02-19,weekday,normal,
2026-02-20,friday,normal,
2026-02-21,weekend,normal,
2026-02-22,weekend,normal,
2026-02-23,weekday,normal,
2026-02-24,weekday,normal,
2026-02-25,weekday,normal,
2026-02-26,weekday,normal,
2026-02-27,friday,normal,
2026-02-28,weekend,normal,
2026-03-01,weekend,normal,
2026-03-02,weekday,normal,
2026-03-03,weekday,normal,
2026-03-04,weekday,normal,
2026-03-05,weekday,normal,
2026-03-06,friday,normal,
2026-03-07,weekend,normal,
2026-03-08,weekend,normal,
2026-03-09,weekday,normal,
2026-03-10,weekday,normal,
2026-03-11,weekday,normal,
2026-03-12,weekday,normal,
2026-03-13,friday,normal,
2026-03-14,weekend,normal,
2026-03-15,weekend,normal,
2026-03-16,weekday,normal,
2026-03-17,weekday,normal,
2026-03-18,weekday,normal,
2026-03-19,weekday,holiday,Hari Suci Nyepi Tahun Baru Saka 1948
2026-03-20,friday,normal,
2026-03-21,weekend,holiday,Idulfitri 1447 H
2026-03-22,weekend,holiday,Idulfitri 1447 H
2026-03-23,weekday,normal,
2026-03-24,weekday,normal,
2026-03-25,weekday,normal,
2026-03-26,weekday,normal,
2026-03-27,friday,normal,
2026-03-28,weekend,normal,
2026-03-29,weekend,normal,
2026-03-30,weekday,normal,
2026-03-31,weekday,normal,
2026-04-01,weekday,normal,
