original_title,age_rating,genre,producer,director,writer,casts
120 BAHADUR,Remaja,"Action, War","Farhan Akhtar, Amit Chandrra, Ritesh Sidhwani",Razneesh Ghai,Sumit Arora,"Ankit Siwach, Farhan Akhtar, Amitabh Bachchan, Raashi Khanna, Vivan Bhatena, Eijaz Khan"
"13 DAYS, 13 NIGHTS",Remaja,"Action, War","Dimitri Rassam, Ardavan Safaee",Martin Bourboulon,"Martin Bourboulon, Alexandre Smia, Mohamed Bida, Tran-Minh Nam","Roschdy Zem, Lyna Khoudri, Sidse Babett Knudsen, Christophe Montenez, Sina Parvaneh, Yan Tual, Fatima Adoum, Shoaib Said"
28 YEARS LATER,Dewasa,Thriller,"Danny Boyle, Alex Garland, Peter Rice",Danny Boyle,"Danny Boyle, Alex Garland","Jodie Comer, Aaron Taylor-Johnson, Jack O'Connell, Alfie Williams, Ralph Fiennes, Erin Kellyman, Geoffrey Newland, Gordon Alexander, Kim Allan"
28 YEARS LATER: THE BONE TEMPLE,Dewasa,Thriller,"Danny Boyle, Alex Garland, Andrew Macdonald",Nia DaCosta,Alex Garland,"Ralph Fiennes, Alfie Williams, Jack O'Connell, Chi Lewis-Parry, Erin Kellyman, Emma Laird, Sam Locke, Robert Rhodes, Ghazi Al Ruffai"
5 CENTIMETERS PER SECOND (ANIMATION),Remaja,Animation,"Makoto Shinkai, Jin Ho Chung",Makoto Shinkai,Makoto Shinkai,"Kenji Mizuhashi, Yoshimi Kondou, Satomi Hanamura, Ayaka Onoue"
5 CENTIMETERS PER SECOND (LIVE ACTION),Remaja,"Drama, Romance","Hiromasa Tamai, Dai Sano",Yoshiyuki Okuyama,"Ayako Suzuki, Makoto Shinkai","Hokuto Matsumura, Mitsuki Takahata, Yuzu Aoki, Nana Mori, Mai Kiryu"
A BIG BOLD BEAUTIFUL JOURNEY,Remaja,"Fantasy, Romance","Ryan Friedkin, Seth Reiss, Bradley Thomas",Kogonada,Seth Reiss,"Colin Farrell, Margot Robbie, Phoebe Waller-Bridge, Hamish Linklater, Lily Rabe, Billy Magnussen"
AFTERBURN,Dewasa,"Action, Sci-Fi","Dave Bautista, Steve Richards",J.J. Perry,"Nimrod Antal, Scott Chitwood, Paul Ens","Samuel L. Jackson, Dave Bautista, Olga Kurylenko, Daniel Bernhardt, Kristofer Hivju, Eden Epstein, George Somner, Phil Zimmerman"
AGAK LAEN: MENYALA PANTIKU!,Remaja,Drama,"Ernest Prakasa, Dipa Andika",Muhadkly Acho,Muhadkly Acho,"Bene Dion, Boris Bokir, Indra Jegel, Oki Rengga, Ariyo Wahab, Gita Bhebhita, Chew Kin Wah, Jajang C. Noer, Tika Panggabean, Jarwo Kwat, Egy Fedly, Tissa Biani, Priska Baru Segu, Boah Sartika, Ayushita, Surya Saputra"
AGAPE THE UNCONDITIONAL LOVE,Remaja,Drama,Michael Lumban Tobing,Arie Azis,"Titien Wattimena, Beta Ingrid Ayu","Meriam Bellina, Maudy Koesnaedi, Tyo Pakoesadewo, Samuel Rizal, Tanta Ginting, Pangeran Lantang, Sarah Beatrix"
AGEN +62,Remaja,"Action, Comedy","Sigit Pratama, Gina S. Noer, Orchida Ramadhania",Dinna Jasanti,"Candra Aditya, Diva Apresya","Keanu, Rieke Diah Pitaloka, Cinta Laura, Fanny Fadillah, Totos Rasiti, Tenno Ali, Chandra Satria"
AHLAN SINGAPORE,Remaja,Romance,Manoj Punjabi,Indra Gunawan,Ali Ghifari,"Rebecca Klopper, Kiesha Alvaro, Ibrahim Risyad, Dwynna Win, Alya Rohali, Emilat Morshedi, Ferry Salim, Putri Ayudya, Toby Armstrong, Kimberly Angela, Frans Nickolas, Alma Santang, Alvin Adam, Adi Irwandy, Jasmine Laura Arendsen"
AIR MATA DI UJUNG SAJADAH 2,Semua Umur,Drama,Ronny Irawan,Key Mangunsong,"Eginina Oey, Henovia Rosalinda, Key Mangunsong, Ronny Irawan","Titi Kamal, Citra Kirana, Faqih Alaydrus, Daffa Wardhana, Jenny Rachman, Mbok Tun"
AIR MATA MUALAF,Dewasa,"Drama, Family, Religi",Dewi Amanda,Indra Gunawan,Oka Aurora,"Acha Septriasa, Achmad Megantara, Budi Ros, Dewi Irawan, Rizky Hanggono, Dewi Amanda, Matthew Williams, Yama Carlos, Almeera Quinn, Syamim Freida, Hana Saraswati"
AIUEO MACAM BETOOL AJA,Dewasa,"Romance, Comedy","Cing Kyatt, Michel Khatwani, Teezar Sjamsuddin",Etiene Caesar,Ridho Brado,"Oki Rengga, Michelle Ziudith, Lolox, Andri Mashadi, Adi Sudirja, Mathias Muchus, Nela Regar, Rina Sidabutar"
AKU HARUS MATI,Dewasa,Horror,"Irsan Yapto, Nadya Yapto, Hestu Saputra",Hestu Saputra,"Aroe Ama, Astrid Savitri","Hana Saraswati, Amara Sophie, Prasetya Agni, Mila Rosinta, Bambang Paningron, Retno Yunitawati, Tuminten, Agus Sunandar"
ALAS ROBAN,Dewasa,Horror,Oswin Bonifanz,Hadrah Daeng Ratu,Evelyn Afnilia,"Michelle Ziudith, Fara Shakila, Rio Dewanto, Taskya Namya, Imelda Therinne, Dewi Pakis"
A MINECRAFT MOVIE,Remaja,"Action, Adventure","Jon Berg, Cale Boyter, Vu Bui, Roy Lee, Jason Momoa",Jared Hess,"Chris Bowman, Hubbel Palmer, Neil Widener, Gavin James, Chris Galletta","Jason Momoa, Jack Black, Emma Myers, Danielle Brooks, Sebastian Hansen, Jennifer Coolidge"
ANACONDA,Remaja,"Comedy, Adventure","Andrew Form, Brad Fuller",Tom Gormican,"Tom Gormican, Kevin Etten","Jack Black, Paul Rudd, Steve Zahn, Thandiwe Newton, Daniela Melchior, Ione Skye"
ANAK MEDAN: COCOK KO RASA???,Remaja,Drama,Agustinus Sitorus,Ivan Bandhito,"Ridho Brado, Ivan Bandhito, Agustinus Sitorus","Maell Lee, Ajil Dito, Ady Sky, Mario Maulana Hazar, Amara Sophie Rhemaesthita, Maria Simorangkir, Lina Marpaung, Putra Siregar, Stevan Pasaribu"
ANDAI IBU TIDAK MENIKAH DENGAN AYAH,Remaja,Drama,Gope T. Samtani,Kuntz Agus,Evelyn Afnilia,"Amanda Rawles, Sha Ine Febriyanti, Bucek, Eva Celia, Nayla Purnama, Indian Akbar"
ANGEL POL,Remaja,"Drama, Comedy","Johansyah Jumberan, Victor G. Pramusinto",Hanny R. Saputra,Asaf Antariksa,"Michelle Ziudith, Bhisma Mulia, Jolene Marie, Toni Belok Kiri, Bogang Bakar, Dayu Wijanto, Ananda George, Fajar Nugra, Yono Bakrie, Siti Fauziah, Kukuh Riyadi, Akun Gege"
ANGKARA MURKA,Dewasa,"Horror, Mystery",Ifa Isfansyah,Eden Junjung,Eden Junjung,"Raihaanun, Simhala Avadana, Rukman Rosadi, Whani Darmawan"
"ANTARA MAMA, CINTA DAN SURGA",Semua Umur,"Drama, Family",Agustinus Sitorus,Agustinus Sitorus,"Agustinus Sitorus, Endik Koeswoyo","Aldy Maldini, Anneth Delliecia, Novia Situmeang, Cok Simbara, Dharty Manullang, Joe Project, Dorman Manik, Rany Simbolon, Tabitha Napitupulu, Dominique Sanda"
ARTI CINTA,Dewasa,"Drama, Romance",Olga Lydia,Monty Tiwa,"Jujur Prananto, Monty Tiwa","Windy Apsari, Sita Nursanti, Tio Pakusadewo, Marthino Lio, Samo Rafael, Karina Salim, Marini Soerjosoemarno"
ARWAH,Remaja,Horror,"Jonathan HM, Drias",Ivan Bandhito,Sankut,"Sarah Beatrix, Joshua Suherman, Annete Edoarda, Naura Hakim, Irsyadillah, Egi Fedly, Roweina Umboh, Ferry Salim,Julian Kunto, Natasha Germania"
ASRAMA PUTRI,Remaja,"Drama, Horror",Adipati Karna,Wishnu Kuncoro,Wishnu Kuncoro,"Samuel Rizal, Mawar Butterfly, Dea Annisa, Monique Henry, Nadya Ulya, Luz Victoria, Kinara, Surya Rangga, Albrilio Imanuel, Raisya Laily, Sherly, Nasywa Auliya, Bima Prawira"
ASSALAMUALAIKUM BAITULLAH,Remaja,Drama,Tony Ramesh,Hadrah Daeng Ratu,"Titien Watimena, Irfan Ramli, Efrina Sisfayeralda","Michelle Ziudith, Arbani Yasiz, Tissa Biani, Miqdad Addausy, Ummi Quary, Sadana Agung, Vonny Anggraini, Maudy Koesnaedi"
ASSALAMUALAIKUM BEIJING 2: LOST IN NINGXIA,Remaja,"Drama, Religi","Peter Surya Wijaya, Hartawan Triguna",Guntur Soeharjanto,Benni Setiawan,"Yasmin Napper, Baskara Mahendra, Emir Mahira, Ria Ricis, Lolox, Gabriella Ekaputri, Ferry Salim, Violeta"
AVATAR: FIRE AND ASH,Remaja,"Sci-Fi, Adventure, Fantasy","James Cameron, Jon Landau",James Cameron,"James Cameron, Rick Jaffa, Amanda Silver","Zoe Saldana, Sam Worthington, Kate Winslet, Sigourney Weaver, Giovanni Ribisi, CCH Pounder, Stephen Lang, Edie Falco, Oona Chaplin, Cliff Curtis, Jemaine Clement, David Thewlis"
AVATAR: THE WAY OF WATER (RE-RELEASE),Remaja,"Action, Sci-Fi, Adventure","James Cameron, Jon Landau",James Cameron,"James Cameron, Josh Friedman","Sam Worthington, Zoe Saldana, Sigourney Weaver, Kate Winslet, Michelle Yeoh, Giovanni Ribisi, Oona Chaplin, Jemaine Clement, Stephen Lang, Edie Falco, Cliff Curtis"
A WORKING MAN,Dewasa,"Thriller, Action","David Ayer, Jason Statham, Sylvester Stallone",David Ayer,"Sylvester Stallone, David Ayer","Jason Statham, Michael Pena, Noemi Gonzalez, Arianna Rivas, Jason Flemyng, Merab Ninidze, Maximilian Osinski, Cokey Falkow, David Harbour, Isla Gie, Emmett J Scanlan"
A WRITERS ODYSSEY 2,Remaja,Action,Hongwei Wang,Yang Lu,Zelin Li,"Chao Deng, Zijian Dong, Jiayin Lei, Yuan Chang, Chang Chen"
BAAGHI 4,Dewasa,Action,Sajid Nadiadwala,A. Harsha,Rajat Arora,"Tiger Shroff, Harnaaz Sandhu, Sonam Bajwa, Sanjat Dutt"
BACK TO THE PAST,Remaja,"Action, Sci-Fi, Comedy","Louis Koo, Wai-Bat Tang","Jack Lai, Yuen Fai Ng",Xin He,"Louis Koo, Raymond Lam, Michael Miu, Jessica Hester Hsuan"
BAD GENIUS,Remaja,Thriller,"Patrick Wachsberger, Erik Feig, Jessica Switch, Ashley Stern",J.C. Lee,"Julius Onah, J.C. Lee","Callina Liang as Lynn Kang, Benedict Wong as Meng Kang, Jabari Banks as Bank Adedamola, Taylor Hickson as Grace Simon, Samuel Braun as Pat Stone, Sarah-Jane Redmond as Irene Walsh, Adam Beauchesne as Clint Marshall, Tina Grant as Ms. Kaufman, Conor Meadows as Chapin Joyce, Sarah Kelley as College Board Staff, Rob Carpenter as Homeless Guy, Synto D. Misati as Nathaniel"
BADIK,Dewasa,"Drama, Action, Mystery","Ira Kusmira, Ical Labarani, Abd. Gaffar",Dicky R. Maland,"Fajar Umbara, Syawal Sihombing","Prisia Nasution, Donny Alamsyah, Mike Lucock, Wahyudi Beksi, Aulia Yayan, Aulia Qalbi, Putri Aminda, Anggun Rustiar, Fandy Fight, Devris Brigel"
BALAS BUDI,Dewasa,"Romance, Comedy",Chetan A. Samtani,Reka Wijaya,Raditya,"Yoshi Sudarso, Michelle Ziudith, Niken Anjani, Gisella Anastasia, Givina, Asri Welas, Ferry Salim"
BALLERINA,Dewasa,"Action, Thriller","Basil Iwanyk, Erica Lee, Chad Stahelski",Len Wiseman,"Shay Hatten, Derek Kolstad","Ana de Armas, Keanu Reeves, Ian McShane, Catalina Sandino Moreno, Anjelica Huston,  Lance Reddick, Norman Reedus, Gabriel Byrne, Anne Parillaud"
"BELIEVE - TAKDIR, MIMPI, KEBERANIAN",Dewasa,"War, Action, Drama",Celerina Judisari,"Rahabi Mandra, Arwin Tri Wardhana","Rahabi Mandra, Jocelyn Cordelia","Ajil Ditto, Wafda Saifan, Marthino Lio, Adinda Thomas, Maudy Koesnaedi, Tubagus Ali, Aditya Lakon, Hardi Fadhillah, Zidni Hakim, Moh. Iqbal Sulaiman, Haydar Salishz"
BELUM ADA JUDUL,Remaja,Drama,Zairin Zain,Aria Kusumadewa,Aria Kusumadewa,"Bucek, Arla Ailani, Alexandra Gottardo, Nurra Datau, Jinan Safa, Surya Saputra, Ena Pasaribu, Zeyn Datau, Deddy Mizwar, Iwan Fals"
BERTAUT RINDU: SEMUA IMPIAN BERHAK DIRAYAKAN,Remaja,"Drama, Romance",MGS. Fahry Fachrudin,Rako Prijanto,"Lintang Pramudya Wardhani, Nuridzka Mutiaradini","Adhisty Zara, Ari Irham, Aida Nurmala, Willem Bevers, Irgi Fahrezi, Nadine Alexandra, Putri Ayudya, Aulia Deas, Bertram Beryl, Oki Rengga, Jeremy Thomas, Jennifer Jill "
BHOOL CHUK MAAF,Dewasa,"Comedy, Romance",Dinesh Vijan,Karan Sharma,Karan Sharma,"Rajkummar Rao, Wamiqa Gabbi, Sanjay Mishra, Seema Pahwa, Raghubir Yadav, Zakir Hussain"
BIDADARI SURGA,Remaja,"Drama, Comedy","Agung Haryanto, Mala Shinta",Indra Gunawan,Alii Farighi,"Rey Mbayang, Dinda Hauw, Indro Warkop, Tomy Babap, Ibnu Wardani"
BLACK PHONE 2,Dewasa,Horror,"Jason Blum, Scott Derrickson, C. Robert Cargill",Scott Derrickson,"C. Robert Cargill, Scott Derrickson","Mason Thames, Madeleine McGraw, Ethan Hawke, Jeremy Davies, Arianna Rivas, Demian Bichir, Miguel Mora, Anna Lore, Jeremy Davies"
BLADES OF THE GUARDIANS,Dewasa,"Action, History",Jing Wu,Yuen Woo-Ping,"Chao-Bin Su, Larry Yang","Wu Jing, Nicholas Tse, Yosh Yu, Chen Lijun, Sun Yizhou, Cisha, Li Yunxiao, Tony Leung Ka Fai, Max Zhang, Kara Wai, Zhang Yi, Jet Li"
BORDER 2,Dewasa,"War, Action","Bhushan Kumar, Krishan Kumar, JP Dutta, Nidhi Dutta",Anurag Singh,"Sumit Arora, J.P. Dutta, Nidhi Dutta, Anurag Singh","Sunny Deol, Varun Dhawan, Dilijit Dosanjh, Ahan Shetty, Sonam Bajwa, Mona Singh"
BOSS,Dewasa,"Action, Comedy",-,Ra Hee-Chan,"Ra Hee-Chan, Lee Gyu-Bok, Yoon Seo-Hyun","Jo Woo-jin, Jung Kyung-ho, Park Ji-hwan"
BRIDE HARD,Dewasa,"Action, Comedy","Colleen Camp, Cassian Elwes, Joel David Moore",Simon West,"Shaina Steinberg, Cece Pleasants","Rebel Wilson, Anna Camp, Anna Chlumsky, Da Vine Joy Randolph, Gigi Zumbado, Sherry Cola, Stephen Dorff, Justin Hartley, Sam Huntington"
BRING HER BACK,Dewasa 21,"Horror, Mystery","Kristina Ceyton, Samantha Jennings","Danny Philippou, Michael Philippou","Danny Philippou, Bill Hinzman","Sally Hawkins, Billy Barratt, Mischa Heywood, Sora Wong, Jonah Wren Phillips, Stephen Phillips, Sally-Anne Upton, Kathryn Adams, Brian Godfrey"
BTS ARMY: FOREVER WE ARE YOUNG,Remaja,Documentary,"Patty Ahn, Grace Lee","Patty Ahn, Grace Lee",-,-
CAUGHT STEALING,Dewasa,"Crime, Thriller","Darren Aronofsky, Jeremy Dawson, Dylan Golden, Ari Handel",Darren Aronofsky,Charlie Huston,"Austin Butler, Zoe Kravitz, Matt Smith, Regina King, Liev Schreiber, Vincent D'Onofrio, Griffin Dunne, Action Bronson, Nikita Kukushkin, Yuri Kolokolnikov"
CHAINSAW MAN - THE MOVIE: REZE ARC,Remaja,"Animation, Fantasy","Keisuke Seshimo, Makoto Kimura, Manabu Otsuka",Tatsuya Yoshihara,"Hiroshi Seko, Tatsuki Fujimoto","Kikunosuke Toya, Reina Ueda, Tomori Kusunoki, Shiori Izawa, Shogo Sakata, Ai Fairouz, Karin Takahashi"
"CHECK OUT SEKARANG, PAY LATER (CAPER)",Dewasa,"Drama, Comedy","Surya Ardy Octaviand, Sunar Samtani",Surya Ardy Octaviand,"Widya Arifianti, Surya Ardy Octaviand","Amanda Manopo, Devano, Fajar Sadboy, Jovial Da Lopez, Sastra Silalahi, Lukman Sardi, Wavi Zihan, Kaneishia Yusuf, Shanice Margaretha"
COCOTE TONGGO,Remaja,"Drama, Comedy","Henny Myranda, Ricky R Setiyawan, Andi Pravinda Saliman, Raden Deny Yuliarto, Ferry Fernandez",Bayu Skak,Nona Ica,"Bayu Skak, Dennis Adishwara, Ayushita, Asri Welas, Marwoto, Ika Purpitasari, Furry Setya Raharja, Beni Siregar, Firza Valaza, Putri Mandjo, Yati Pesek, Tatang Gepeng, Sundari Sukotjo, Intan Sukotjo, Maya Wulan"
COLORFUL STAGE! THE MOVIE: A MIKU WHO CANT SING,Remaja,Animation,-,"Hiroyuki Hata, Kazuya Tsurumaki",Yoko Yonaiyama,"Saki Fujita, Meiko Haigo, Naoto Fuga, Ai Furihata, Akina, Shunichi, Carin Isobe, Hinata Sato"
COMIC 8 REVOLUTION SANTET K4BINET,Remaja,"Comedy, Horror",Frederica,Fajar Bustomi,Adhitya Mulya,"Andre Taulany, Hesti Purwadinata, Indro Warkop, Oki Rengga, Indy Barends, Mo Sidik, Cak Lontong, Adjis Doa Ibu, Dicky Diffie, Mister Aloy, Ahmad Yusub, Mongol, Kiki Saputri, Hans De Kraker, Aji Betawi, Bagas Sianipar, Johan Juling, Bayu Terimakasih, Sardol Skondegay, Bayu Wibowo, Felix Seda, Aep Statham, Andro Napitupulu, Jerry Libing, ⁠Fadholi Ambar"
CONCLAVE,Remaja,"Drama, Thriller","Tessa Ross, Alice Dawson, Robert Harris, Juliette Howell, Michael Jackman",Edward Berger,"Peter Straughan, Robert Harris","Ralph Fiennes as Thomas Lawrence, Stanley Tucci as Aldo Bellini, John Lithgow as Joseph Tremblay, Isabella Rossellini as Sister Agnes, Lucian Msamati as Joshua Adeyemi, Carlos Diehz as Vincent Benitez, Sergio Castellitto as Goffredo Tedesco, Brían F. O'Byrne as Raymond O'Malley, Merab Ninidze as Sabbadin, Jacek Koman as Janusz Wozniak, Rony Kramer as Mendoza, Joseph Mydell as Nakitanda, Thomas Loibl as Mandorff, Loris Loddi as Villanueva, Willie Jonah as Lowenstein, Romuald Kłos as Brotzkus, Roberto Citran as Lombardi, Madhav Sharma as Landolfi, Garrick Hagon as Krasinski, Vincenzo Failla as Guttuso, Bruno Novelli as Dead Pope, Balkissa Souley Maiga as Sister Shanumi"
CRAYON SHIN-CHAN THE MOVIE: OUR DINOSAUR STORY,Semua Umur,Animation,-,Shinobu Sasaki,-,"Yumiko Kobayashi, Miki Narahashi, Toshiyuki Morikawa, Satomi Koorogi, Mari Mashiba"
CRIME 101,Dewasa,"Crime, Thriller","Tim Bevan, Chris Hemsworth, Bart Layton",Bart Layton,"Bart Layton, Don Winslow","Chris Hemsworth, Mark Ruffalo, Halle Berry, Barry Keoghan, Corey Hawkins, Monica Barbaro, Nick Nolte"
CRISTINE,Remaja,"Drama, Horror","Raden Ahmad Affandi, Harris Cinnamon",Harris Cinnamon,"Ivander Tedjasukmana, Agus Nur Ismail","Jasmine Elfira, Nova Eliza, Septian Dwi Cahyo, Yusuf Mahardika, Agnes Naomi, Zoe Levana, Asmar Lambo, Quatus Sobaroh"
CYBERBULLYING,Semua Umur,"Drama, Family","Liani Kawati, Suherman Suhari",Rusmin Nuryadin,Rusmin Nuryadin,"Amanda Putri Revina, Roy Marten, Mohammad Rannan,Tristan Azizulzillan, Cahya Arynagara, Arlita Reggiana, Andi Putri Najwah, Adi Surya, Mellonk"
DAN DA DAN: EVIL EYE,Dewasa,"Animation, Fantasy",-,"Fuga Yamashiro, Abel Gongora",Hiroshi Seko,"Shion Wakayama, Natsuki Hanae, Mayumi Tanaka"
DANUR: THE LAST CHAPTER,Remaja,Horror,Manoj Punjabi,Awi Suryadi,Lele Laila,"Prilly Latuconsina, Zee Asadel, Dian Nitami, Dito Darmawan, Lewis Robert, Muhammad Fauzan, Ayden Jeffrey, Said Darian, Fillio Dheno, Anya Zen, Gilang Devialdy, Fajar Nugra, Pritt Timothy"
DANYANG WINGIT JUMAT KLIWON,Dewasa,Horror,"Agus Riyanto, Aripat",Agus Riyanto,Dirmawan Hatta,"Celine Evangelista, Nai Djenar Maisa Ayu, Nathalie Holscher, Fajar Nugra, Whani Darmawan, Aisyah Kanza, Norma Cinta, Dimas Tedjo, Putri Maya Rumanti, Angga Wijaya, Keona Cinta, Bilqis Hafsa"
DARAH NYAI,Dewasa,Horror,"Steve Wirawan, Hikmat Darmawan, Rayner Wijaya",Yusron Fuadi,"Azzam F. Rullah, Hikmat Darmawan","Violla Georgie, Robert Chaniago Timor, Rory Asyari, Winner Wijaya, Rayner Wijaya, Wieshely Brown, Vonny Anggraini, Jessica Katharina, Nai Djenar Maisa Ayu, M Adinegoro Natsir, Yudi Ahmad Tajudin, Paul Agusta, Sigit Prasetyo"
DASIM,Remaja,Horror,"Chand Parwez Servia, Riza, Mithu Nisar",Ginanti Rona,"Piu Syarif, Decky Putra, Natania Jansen, Ginanti Rona","Omar Daniel, Zulfa Maharani, Adinda Thomas, Meriam Bellina, Dinda Kanya Dewi, Morgan Oey, Arswendy Bening Swara, Yatti Surachman, Grace Ayu, Tania Hantara"
DAVID,Semua Umur,Animation,"Tim Keller, Rita Mbanga, Steve Pegram","Phil Cunningham, Brent Dawes",Brent Dawes,"Brandon Engman, Phil Wickham, Brian Stivale, Shahar Tavoch, Aaron Tavaler, Hector, Miri Mesika, Kamran Nikhad, Asim Chaudhry"
DEATH WHISPERER 3,Dewasa,"Horror, Thriller",Narit Yuvaboon,"Surachedh Assawaruenganun, Narit Yuvaboon",-,"Nadech Kugimiya, Jelilcha Kapuan, Rattanawadee Wongtong, Nutthacha Padovan, Kajbhunditt Jaidee, Arisara Wongchalee, Pramet Noi-am, Peerakrit Phacharaboonyakiat"
DEMON SLAYER -KIMETSU NO YAIBA- THE MOVIE: INFINITY CASTLE,Dewasa,Animation,"Akifumi Fujio, Masanori Miyake, Yuma Takahashi",Haruo Sotozaki,Koyoharu Gotouge,"Natsuki Hanae, Reina Ueda, Saori Hayami, Yoshitsugu Matsuoka, Hiro Shimono, Akari Kito"
DENDAM MALAM KELAM,Dewasa,"Thriller, Drama",Frederica,Danial Rifki,Danial Rifki,"Bront Palarae, Arya Saloka, Marissa Anita, Davina Karamoy"
DETECTIVE CONAN THE MOVIE: ONE-EYED FLASHBACK,Remaja,Animation,-,Katsuya Shigehara,Takeharu Sakurai,"Minami Takayama, Wakana Yamazaki, Rikiya Koyama, Yuji Takada"
DHADAK 2,Dewasa,"Romance, Thriller","Meenu Aroraa, Umesh Kumar Bhansal, Pragati Deshmukh",Shazia Iqbal,"Shazia Iqbal, Rahul Badwelkar","Triptii Dimri, Siddhant Chaturvedi, Saad Bilgrami, Vipin Sharma, Manjiri Pupala"
DHURANDHAR,Dewasa,"Action, Adventure","Jyoti Deshpande, Aditya Dhar, Lokesh Dhar",Aditya Dhar,Aditya Dhar,"Madhavan, Ranveer Singh, Sanjay Dutt, Akshaye Khanna, Arjun Rampal, Sara Arjun"
DHURANDHAR: THE REVENGE,Dewasa 21,"Action, Thriller","Jyoti Deshpande, Aditya Dhar, Lokesh Dhar",Aditya Dhar,Aditya Dhar,"Ranveer Singh, Arjun Rampal, R. Madhavan, Sanjay Dutt, Sara Arjun, Rakesh Bedi, Danish Pandor, Gaurav Gera"
DIA BUKAN IBU,Dewasa,Horror,Raam Punjabi,Randolph Zaini,"Randolph Zaini, Titien Wattimena, Beta Ingrid Ayu","Artika Sari Devi, Aurora Ribero, Ali Fikry, Khiva Rayanka, Sita Nursanti, Dian Sidik, Husein Alatas"
DIBALIK PINTU KEMATIAN,Dewasa,Horror,"Ganank Dera, Totong Sugianto",Rizki Balki,Ganank Dera,"Gibran Marten, Sarah Felicia, Yatti Surachman, Ari Tulang, Roy Marten, Lucky L Moniaga"
DILANJUTKAN SALAH DISUDAHI PERIH,Dewasa,"Drama, Comedy, Romance",Bambang Drias,Benni Setiawan,"Garin Nugroho, Benni Setiawan","Mikha Tambayong, Kevin Ardilova, Tissa Biani, Ibrahim Risyad, Cut Mini, Dewi Gita, Tike Priatnakusumah, Yeyen Lidya, TJ Ruth, Putri Kosasih, Luthya Suri, Nita Sofiani"
DO DEEWANE SEHER MEIN,Dewasa,Romance,"Sanjay Leela Bhansali, Prerna Singh, Umesh KR Bansal, Bharat Kumar Ranga",Ravi Udyawar,Abhiruchi Chand,"Siddhant Chatuvedi, Mrunal Thakur, Ila Arun, Joy Sengupta, Ayesha Raza"
DONGJI RESCUE,Dewasa,"Action, Drama",Liang Jing,"Guan Hu, Fei Zhenxiang","Dong Runnian, Chen Shu, Zhang Ji","Zhu Yilong, Wu Lei, Ni ni, Yang Haoyu, Chen Minghao, Ni Dahong"
DOPAMIN,Remaja,"Romance, Survival, Drama","Chand Parwez Servia, Riza, Mithu Nisar",Teddy Soeria Atmadja,Teddy Soeria Atmadja,"Angga Yunanda, Shenina Cinnamon, Andri Mashadi, Anjasmara, Teuku Rifnu Wikana, Totos Rasiti, Nagra Pakusadewo, Kiki Narendra, Rizky Inggar, Verdi Solaiman, Tike Priatnakusumah, Aida Nurmala, Willem Bevers, Alfian Phang"
DORAEMON THE MOVIE: NOBITAS ART WORLD TALES,Semua Umur,Animation,-,Teramoto Yukiyo,Ito Satoshi,"Mizuta Wasabi, Ohara Megumi, Kakazu Yumi, Kimura Subaru, Seki Tomokazu"
DOTI - TUMBAL ILMU HITAM,Remaja,Horror,Yehezkiel Amir,Bayu Pamungkas,Kayla Maulida,"Ahmad Pule, Billy Budjanger, Della Ogini, Jerry Wong, Anita Tanjung, Sri Herawati"
DRACULA: A LOVE TALE,Dewasa,"Romance, Fantasy, Horror","Luc Besson, Mark Canton",Luc Besson,"Luc Besson, Bram Stoker","Caleb Landry Jones, Christoph Waltz, Matilda De Angelis, Salomon Passariello, Zoe Bleu, Ewens Abid, Raphael Luce, Romain Levi"
DROP,Dewasa,"Mystery, Thriller","Michael Bay, Jason Blum, Brad Fuller, Cameron Fuller",Christopher Landon,"Jillian Jacobs, Chris Roach","Meghann Fahy, Brandon Sklenar, Violett Beane, Jacob Robinson, Reed Diamond, Gabrielle Ryan, Sarah McCormack, Jeffery Self, Ed Weeks"
DUSUN MAYIT,Remaja,"Adventure, Horror",Rocky Soraya,Rizal Mantovani,Riheam Junianti,"Amanda Manopo, Ersya Aurelia, Randy Martin, Fahad Haydra"
EJEN ALI: THE MOVIE 2,Semua Umur,Animation,-,Usamah Zaid,-,"Ida Rahayu, Noorhayati Maslini, Shafiq Isa, Azman Zulkiply"
EKSIL,Remaja,Documentary,Lola Amaria,Lola Amaria,"Lola Amaria, Gunarwan Rahardja","Asahan Aidit (Alm), Sardijo Mintardjo (Alm), Kuslan Budiman (Alm), Chalik Hamid (Alm), Sarmadji (Alm), Djumaini Kartaprawira (Alm), Hartoni Ubes, Waruno Mahdi, Tom Iljas, I Gede Arka, Nurkasih Mintard"
ELIO,Semua Umur,Animation,Mary Alice Drumm,"Adrian Molina, Madeline Sharafian, Domee Shi","Julia Cho, Mark Hammer, Mike Jones, Adrian Molina","Yonas Kibreab, Zoe Saldana, Brad Garrett, Jameela Jamil, Shirley Henderson, Matthias Schweighofer, Remy Edgerly"
ENHYPEN [WALK THE LINE SUMMER EDITION] IN CINEMAS,Remaja,Music,David Tu Sun Song,"Jaeseok Park, Yoon-Dong Oh, ",-,Enhypen
EPIC: ELVIS PRESLEY IN CONCERT,Remaja,Documentary,"Baz Luhrmann, Jeremy Castro, Matthew Gross",Baz Luhrmann,-,Elvis Presley
ESOK TANPA IBU,Remaja,"Drama, Fantasy","Shanty Harmayn, Dian Sastrowardoyo, Tanya Yuson, Aoura Lovenson Chandra",Ho Wi Ding,"Gina S. Noer, Diva Apresya, Melarissa Sjarief","Ali Fikry, Ringgo Agus Rahman, Dian Sastrowardoyo, Aisha Nurra"
F1 THE MOVIE,Remaja,"Sport, Drama, Action","Jerry Bruckheimer, Brad Pitt, Lewis Hamilton",Joseph Kosinski,"Ehren Kruger, Joseph Kosinski","Brad Pitt, Damson Idris, Kerry Condon, Tobias Menzies, Kim Bodnia, Javier Bardem"
FINAL DESTINATION: BLOODLINES,Dewasa,"Horror, Thriller","Craig Perry, Sheila Hanahan Taylor, Jon Watts, Dianne McGunigle, Toby Emmerich","Adam Stein, Zach Lipovsky","Guy Busick, Lori Evans Taylor","Kaitlyn Santa Juana, Teo Briones, Richard Harmon, Owen Patrick Joyner, Rya Kihlstedt, Anna Lore, Brec Bassinger, Tony Todd"
FIVE NIGHTS AT FREDDYS 2,Remaja,"Horror, Mystery","Jason Blum, Scott Cawthon",Emma Tammi,Scott Cawthon,"Josh Hutcherson, Elizabeth Lail, Piper Rubio, Matthew Lillard, Freddy Carter, Skeet Ulrich, Theodus Crane"
FREAKIER FRIDAY,Remaja,"Family, Fantasy","Kristin Burr, Andrew Gunn, Jamie Lee Curtis",Nisha Ganatra,Jordan Weiss,"Jamie Lee Curtis, Lindsay Lohan, Julia Butters, Sophia Hammons, Manny Jacinto, Maitreyi Ramakrishnan, Mark Harmon, Chad Michael Murray, Elaine Hendrix"
GABBYS DOLLHOUSE: THE MOVIE,Semua Umur,"Family, Fantasy","Marcei A. Brown, Jason Clark, Jessica Malanaphy, Steven Schweickart",Ryan Crego,"Ryan Crego, Melanie Wilson LaBracio, Adam Wilson","Laila Lockhart Kraner, Gloria Estefan, Kristen Wiig, Carla Tassara, Tara Strong, Donovan Patton"
GAK NYANGKA..!!,Remaja,"Drama, Comedy","Rio Indrawan, Yudhi Yogaswara",Jeihan Angga,"Syahrun Ramadhan, Jeihan Angga, Rahabi Mandra","Ge Pamungkas, Arie Kriting, Indah Permatasari, Prisia Nasution, Sarah Sechan, Abdur Arsyad, Ence Bagus, Cut Mini, Wani Dharmawan, Yono Bakri, Arif Alfiansyah, Davi Sumbing, Ebel Cobra"
GAZA,Remaja,"Drama, Family","Helvy Tiana Rosa, Asma Nadia",Jastis Arimba,"Asma Nadia, Hayati Ayatillah, Jastis Arimba","Cut Syifa, Arafah Riyanti, Adhin Abdul Hakim, Amna Shahab, Azamy Azamy Syauqy, Oki Setiana Dewi, Aryani Fitria, Dony Michael, Anyun Cadel, Ridwan Roull, Mario Irwinsyah"
G-DRAGON IN CINEMA: UBERMENSCH,Remaja,Music,Team GD,Jinho Byun,-,G-Dragon
GERBANG SETAN,Dewasa,"Comedy, Horror",Dudy Setiawan,Toto Hoedi,Toto Hoedi,"Ummy Quary, Mc Danny, Rizza Fahlevi, Renaga Tahier, Rachel Oldham, Jarwo Kwat, Cak Lontong, Komeng, Opi Kumis, Marsya Adinda, Rizky Inggar"
GEREJA SETAN,Dewasa,"Drama, Horror","Nico Rosto, Daniel Tito Pakpahan",Daniel Tito Pakpahan,Alexandra Yunadi,"Mongol Stress, Kathleen Carolyne, Maddy Slinger, Jonas Rivanno W, Richard Ivander"
GETIH IRENG,Dewasa,Horror,Rocky Soraya,Tommy Dewo,Riheam Junianti,"Titi Kamal, Darius Sinathrya, Sara Wijayanto, Nungki Kusumastuti, Egy Fedly, Ivonne Dahler, Agus Firmansyah, Tenno Ali, Bambang Oeban, Shafira Doyle, Muhammad Segaf, Bonifasius Jose"
GHOST IN THE CELL,Dewasa,"Horror, Comedy",Tia Hasibuan,Joko Anwar,Joko Anwar,"Abimana Aryasatya, Aming, Arswendy Bening Swara, Bront Palarae, Danang Suryonegoro, Dewa Dayana, Endy Arfian, Kiki Narendra, Lukman Sardi, Morgan Oey, Rio Dewanto, Tora Sudiro"
GHOST TRAIN,Remaja,"Horror, Mystery","Young Min Kim, Kwon Ji Yong",Tak Se Woong,Jo Ba-Reun,"Joo Hyun Young, Jeon Bae Soo, Choi Bo Min, Kim Ji In, Kim Woo-kyum"
GJLS: IBUKU IBU IBU,Dewasa,"Comedy, Drama",Wendhy Antono,Monty Tiwa,"Eric Tiwa, Rza Kumar, Mohammed Syazsa, Monty Tiwa","Rigen Rakelna, Ananta Rispo, Hifdzi Khoir, Bucek, Nadya Arina, Luna Maya, Reynavenzka Retno Ayu"
GOAT,Semua Umur,"Animation, Sport","Stephen Curry, Erick Peyton, Adam Rosenberg, Rodney Rothman",Tyree Dillihay,"Aaron Buchsbaum, Teddy Riley","Caleb McLaughlin, Gabrielle Union, Jenifer Lewis, David Harbour, Nick Kroll, Nicola Coughlan, Patton Oswalt, Stephen Curry, Aaron Pierre"
GODAAN SETAN YANG TERKUTUK,Remaja,Horror,"Yoen K, Phillip Lesmana ",Fahmy J. Saad,"Kenny Gulardi, Gerald Mamahit","Donny Alamsyah, Poppy Sovia, Azela Putri, Aline Fauziah, Claresta Taufan, Jefan Nathanio "
"GOOD LUCK, HAVE FUN, DONT DIE",Dewasa,"Sci-Fi, Action","Denise Chamian, Robert Kulzer, Oliver Obst, Erwin Stoff",Gore Verbinski,Matthew Robinson,"Sam Rockwell, Haley Lu Richardson, Michael Pena, Zazie Beetz, Juno Temple, Dino Fetscher, Georgia Goodman, Dominique Maher"
GOWOK KAMASUTRA JAWA,Dewasa,Drama,Raam Punjabi,Hanung Bramantyo,"Aci, Hanung Bramantyo","Raihaanun, Reza Rahadian, Lola Amaria, Devano Danendra, Alika Jantinia, Ali Fikry, Nayla Purnama, Donny Damara, Djenar Maesa Ayu, Slamet Rahardjo, Aldy Bisl "
GOWOK KAMASUTRA JAWA UNCUT,Dewasa 21,Drama,Raam Punjabi,Hanung Bramantyo,"Aci, Hanung Bramantyo","Raihaanun, Reza Rahadian, Lola Amaria, Devano Danendra, Alika Jantinia, Ali Fikry, Nayla Purnama, Donny Damara, Djenar Maesa Ayu, Slamet Rahardjo, Aldy Bisl"
GREENLAND 2 : MIGRATION,Remaja,"Disaster, Survival","Brendon Boyea, Gerard Butler, Basil Iwanyk",Ric Roman Waugh,"Mitchell LaFortune, Chris Sparling","Gerard Butler, Morena Baccarin, Roman Griffin Davis, Sophie Thompson, Amber Rose Revah, Rachael Evelyn, Tommie Earl Jenkins, William Abadie"
GUNDIK,Dewasa,"Horror, Comedy","Indah Destriana, Anggy Umbara",Anggy Umbara,Anggy Umbara,"Luna Maya, Maxime Bouttier, Ratu Sofya, Agus Kuncoro, Arief Didu, Dian Sidik, Rukman Rosadi, Tyo Pakoesadewo, Vonny Anggraini"
HAMNET,Dewasa,"Drama, History","Steven Spielberg, Sam Mendes",Chloe Zhao,"Chloe Zhao, Maggie O'Farrell","Jessie Buckley, Paul Mescal, Emily Watson, Joe Alwyn, Jacobi Jupe, Noah Jupe, Bodhi Rae Breathnach, Olivia Lynes, David Wilmot"
HANYA NAMAMU DALAM DOAKU,Semua Umur,"Drama, Family","Umay Shahab, Imam Salimy",Reka Wijaya,"Santy Diliana, Elin Yuma","Vino G Bastian, Nirina Zubir, Naysilla Mirdad, Anantya Kirana, Ge Pamungkas, Enno Lerian, Dinda Kanya Dewi, Makayla Rose, Marcell Darwin, Slamet Rahardjo"
HAPPY PATEL: KHATARNAK JASOOS,Dewasa,"Action, Comedy","Aamir Khan, Aparna Purohit, Vir Das, Kavi Shastri","Vir Das, Kavi Shastri","Vir Das, Amogh Ranadive","Vir Das, Imran Khan, Mona Singh, Mithila Palkar, Sharib Hashmi"
HI-FIVE,Remaja,"Action, Superhero","An Hee-jin, Anna Lee",Kang Hyeong-cheol,Kang Hyeong-cheol,"Lee Jae-in, Ahn Jae-hong, Ra Mi-ran, Kim Hee-won, Yoo Ah-in, Oh Jung-se, Park Jin-young"
HOLY NIGHT: DEMON HUNTERS,Remaja,Action,Choi Wonki,Im Dae-Hee,Im Dae-Hee,"Don Lee, Seohyun, David Lee"
HOME SWEET HOME: REBIRTH,Dewasa,"Horror, Action","Dean Altit, Pakin Maliwan","Steffen Hacker, Alexander Kiesl",-,"Michele Morrone, William Moseley, Urassaya Sperbund, Tia Tavee, Alexander Lee,  Akeira Hadden, Ting Sue, Dominik Zoeker"
HOPPERS,Semua Umur,Animation,Nicole Paradis Grindle,Daniel Chong,"Jesse Andrews, Daniel Chong","Piper Curda, Bobby Moynihan, Jon Hamm, Kathy Najimy, Dave Franco, Meryl Streep, Eduardo Franco, Aparna Nancherla, Sam Richardson"
HOTEL SAKURA,Remaja,Horror,"Krishto Damar Alam, Rahul Mulani, Fadi Iskandar, Heera SKV, Neivy Vilany","Krishto Damar Alam, Rudi Soedjarwo",Upi Avianto,"Clara Bernadeth, Taskya Namya, Randy Martin, Shindy Huang, Donny Damara, Tio Pakusadewo"
HOUSEFULL 5,Dewasa,"Comedy, Drama, Mystery",Sajid Nadiadwala,Tarun Mansukhani,Tarun Mansukhani,"Akshay Kumar, Sanjay Dutt, Abhishek Bachchan, Jacqueline Fernandez, Sonam Bajwa"
HOW TO TRAIN YOUR DRAGON,Remaja,"Adventure, Fantasy","Dean DeBlois, Marc Platt, Adam Siegel",Dean DeBlois,Dean DeBlois,"Mason Thames, Nico Parker, Gerard Butler, Julian Dennison, Gabriel Howell, Bronwyn James, Harry Trevaldwyn, Nick Frost, Ruth Codd"
I KNOW WHAT YOU DID LAST SUMMER,Dewasa,Thriller,Neal H. Moritz,Jennifer Kaytin Robinson,"Jennifer Kaytin Robinson, Sam Lansky","Madelyn Cline, Chase Sui Wonders, Jonah Hauer-King, Tyriq Withers, Sarah Pidgeon, Billy Campbell, Gabbriette, Austin Nichols, Lola Tung, Jennifer Love Hewitt"
IMAGINE DRAGONS: LIVE FROM THE HOLLYWOOD BOWL (WITH THE LA FILM ORCHESTRA),Remaja,Music,"Mark L. Maness, Jared Shelton, Ben Walter, Adrian West",Vincent Adam Paul,-, Imagine Dragons
INSYA ALLAH BERKAH,Semua Umur,"Drama, Family","H. Iskandar Yusuf, Furqy, Nur Aqilah, Agus AB",Furqy,Misaini Indra,"Sandrinna Michelle, Zidane Baraqbah, Dimas Seto, Dhini Aminarti, Aty Cancer, Fauzi Baadilla, Vitalia Sesha, Ustad Fadhlan Garamathan, Ustadz Sunandar"
INVINCIBLE SWORDSMAN,Remaja,"Action, Drama","Wong Jing, Wu Yue",Luo Yiwei,"Louis Cha, Wong Jing","Kitty Zhang Yuqi, Tim Huang, Terence Yin, Sammo Hung, Xuan Lu, Yun Qianqian, Zhang Lu, Cai Xiangyu, Ye Xiangming, Ma Shujun, Liu Tingxi, Jiang Peng"
I WAS A STRANGER,Remaja,"Drama, Thriller","Brandt Andersen, Ossama Bawardi, Ryan Busse, Charlie Endean",Brandt Andersen,Brandt Andersen,"Yasmine Al Massri, Yahya Mahayni, Omar Sy, Ziad Bakri, Constantine Markoulakis, Jason Beghe, Ayman Samman, Massa Daoud, Angeliki Papoulia"
JAAT,Dewasa 21,"Action, Thriller","Naveen Yerneni, TG Vishwa Prasad",Gopichand Malineni,Gopichand Malineni,"Sunny Deol, Saiyami Kher, Regina Cassandra, Randeep Hooda"
JADI TUH BARANG,Remaja,"Comedy, Drama","Kemal Palevi, Erick Bastian",Kemal Palevi,"David Nurbianto, Luqman Baehaqi, Iam Renzia","Oki Rengga, Dicky Difie, Steven Wongso, Beby Tsabina, Arafah Rianty, Ge Pamungkas, Arief Didu, Fico Fachriza, Nurul Arifin, Nathalie Sarah"
JALAN PULANG,Dewasa,Horror,Agung Saputra,Jeropoint,Kelanara Studio,"Luna Maya, Taskya Namya, Shareefa Danish, Saskia Chadwick, Teuku Rifnu Wikana, Sudjiwo Tejo, Kiki Narendra, Jajang C Noer, Ruth Marini, Widika Sidmore"
JANGAN PANGGIL MAMA KAFIR,Remaja,Drama,"Yoen K, Zoya Salsabila",Dyan Sunu Prastowo,"Archie Hekagery, Lina Nurmalina","Michelle Ziudith, Giorgino Abraham, Elma Theana, Humaira Jahra, Indra Birowo, TJ Ruth, Gilbert Pattiruhu, Prastiwi Dwiarti, Kaneishia Jusuf, Dira Sugandi"
JANGAN SEPERTI BAPAK,Dewasa,"Drama, Action","Nico Rosto, Daniel Tito Pakpahan",Daniel Tito Pakpahan,Selly Mia Rani,"Zee Asadel, Verdi Solaiman, Donny Damara, Aulia Sarah, Zack Lee, Hendric Shinigami, Irwan Chandra, Patty Sandya, Freya Mikhayla, Damara Finch, Mongol Stres, Justinus Lhaksana"
JANJI SENJA,Semua Umur,"Drama, Family",Cici Salampessy,Rendra Ahmad,Cici Salampessy,"Yatti Surahcman, Abid Abi, Maria Ngingi, Brigjen TNI Antoninho Rangel Da Silva, S.IP., M.Han, Vashon Corputty "
JANUR IRENG: SEWU DINO THE PREQUEL,Dewasa,Horror,Manoj Punjabi,Kimo Stamboel,"Khalid Kashogi, Kimo Stamboel","Rio Dewanto, Marthino Lio, Ratu Rafa, Tora Sudiro, Masayu Anastasia, Karina Suwandi, Faradina Mufti, Givina, Gisellma, Dayinta, Vincent Sanjaya"
JAWS,Remaja,Thriller,"David Brown, Richard D. Zanuck",Steven Spielberg,"Peter Benchley, Carl Gottlieb","Roy Scheider, Robert Shaw, Richard Dreyfuss, Lorraine Gary, Murray Hamilton, Carl Gottlieb, Jeffrey Kramer, Susan Backlinie, Jonathan Filley"
JEMBATAN SHIRATAL MUSTAQIM,Dewasa,Horror,Dheeraj Kalwani,Bounty Umbara,Erwanto Alphadullah,"Imelda Therine, Raihan Khan, Agus Kuncoro, Mike Lucock, Eduwart Manalu, Rory Asyari, Khalif Al Juna"
J-HOPE TOUR - HOPE ON THE STAGE THE MOVIE,Remaja,Music,Junsoo Park,Se Jun Lee,-,j-hope
JODOH 3 BUJANG,Semua Umur,"Comedy, Drama","Chand Parwez Servia, Riza, Mithu Nisar",Arfan Sabran,"Erwin Wu, Alwi Shihab, Arfan sabran","Jourdy Pranata, Aisha Nurra Datau, Maizura, Christoffer Nelwan, Barbie Arzetta, Rey Bong, Elsa Japasal, Arswendy Bening Swara, Cut Mini, Nugie, Iwan Coy, Zakaribo, Le Roy Osmany, Nunu Datau, Musdalifah Basri, Arla Ailani"
JOLLY LLB 3,Remaja,"Comedy, Drama",Sajid Nadiadwala,Subhash Kapoor,Subhash Kapoor,"Akhsay Kumar, Arshad Warsi, Amrita Rao, Saurabh Shukla"
JUARA SEJATI,Semua Umur,Drama,Amanda Latief,Alex Latief,"Amanda Latief, Zainal Radar","Adli Umar, Raissa Siregar, Xendra Basel, Yatti Surachman, Asrul Dahlan, Ismu Tanjung, Amanda Latief, Cornel Nadeak"
JUJUTSU KAISEN: HIDDEN INVENTORY/PREMATURE DEATH - THE MOVIE,Remaja,Animation,-,Shouta Goshozono,"Gege Akutami, Hiroshi Seko","Aya Endo, Takehito Koyasu, Anna Nagase, Yuichi Nakamura"
JUJUTSU KAISEN: SHIBUYA INCIDENT X THE CULLING GAME ADVANCE SCREENING - THE MOVIE,Remaja,Animation,-,Shouta Goshozono,"Gege Akutami, Hiroshi Seko","Junya Enoki, Yuma Uchida, Asami Seto, Kenjiro Tsuda, Subaru Kimura, Yuichi Nakamura, Takahiro Sakurai, Daisuke Namikawa, Nobunaga Shimazaki"
JUJUTSU KAISEN: ZERO -REVIVAL-,Remaja,Animation,Keisuke Seshita,Sunghoo Park,Hiroshi Seko,"Megumi Ogata, Kana Hanazawa, Mikako Komatsu, Koki Uchiyama, Tomokazu Seki, Yuichi Nakamura, Takahiro Sakurai"
JUMBO,Semua Umur,"Animation, Fantasy, Drama","Anggia Kharisma, Novia Puspa Sari",Ryan Adriandhy,"Ryan Adriandhy, Widya Arifianti","Prince Poetiray, Quinn Salman, Yusuf Ozkan, Graciella Abigai, M. Adhiyat, Angga Yunanda, Bunga Citra Lestari, Ariel “NOAH”, Cinta Laura Kiehl"
JURASSIC WORLD: REBIRTH,Remaja,"Action, Adventure, Sci-Fi","Patrick Crowley, Frank Marshall",Gareth Edwards,David Koepp,"Scarlett Johansson, Rupert Friend, Jonathan Bailey, Ed Skrein, Mahershala Ali, David Iacono, Manuel Garcia-Rulfo, Luna Blaise, Audrina Miranda, Niamh Finlay"
"KAFIR, GERBANG SUKMA",Dewasa,Horror,"Chand Parwez Servia, Riza, Mithu Nisar",Azhar Kinoi Lubis,"Upi, Dea April","Putri Ayudya, Rangga Azof, Nadya Arina, Indah Permatasari, Asha Assuncao, Arswendy Bening Swara, Muthia Datau, Sujiwo Tejo, Nova Eliza, Teddy Syach, Fuad Idris, Totos Rasiti"
KAIJU NO. 8: MISSION RECON,Remaja,Animation,-,"Shigeyuki Miya, Tomomi Kamiya",-,"Masaya Fukunishi, Wataru Kato, Kengp Kawanishi, Fairouz Ai"
KAMPUNG JABANG MAYIT: RITUAL MAUT,Dewasa,Horror,"Ajish Dibyo, Muhammad Barkah Winata",Wisnu Surya Pratama,"Wicaksono Wisnu Legowo, Wisnu Surya Pratama, Nuugro Agung ","Ersya Aurelia, Atiqah Hasiholan, Rachquel Nesia Gusty Gaza, Bukie B. Mansyur, Nessie Judge, Prasodjo Muhammad, Monica Rajalele"
KANG SOLAH FROM KANG MAK X NENEK GAYUNG,Remaja,"Comedy, Horror",Frederica,Herwin Novianto,Alim Sudio,"Andre Taulany, Rigen Rakelna, Indra Jegel, Indro Warkop, Tora Sudiro, Davina Karamoy, Asri Welas, Indy Barends, Kenzy Taulany"
KARATE KID: LEGENDS,Remaja,Action,Karen Rosenfelt,Jonathan Entwistle,Rob Lieber,"Jackie Chan, Ralph Macchio, Ben Wang, Joshua Jackson, Sadie Stanley, Ming-Na Wen, Shaunette Renee Wilson, Aramis Knight, Wyatt Oleff, Jennifer-Lynn Christie"
KARUNRUNG 1995,Remaja,"Drama, Horror",Adham Hilmi Banafsaj,Sony F Rimba,Erry Sofid ,"Cahya Ary Nagara, Mahesa Dinsi, Agogo Violin, Fatimah Azzahra, Puput Aulia Putri, HM Isnan Dahir"
KEADILAN (THE VERDICT),Dewasa,"Drama, Thriller","Song Hyun-ju, Bae Jae-youn","Lee Chang-hee, Yusron Fuadi","Yoon Hyeon-Ho, Oh Ji-Young, Lee Chang-Hee","Rio Dewanto, Reza Rahadian, Niken Anjani, Elang El Gibran, Dimas Aditya, Dian Nitami, Karina Salim, Rafly Altama, Tubagus Ali, Eduward Manalu, Tyan Anugrah, Vonny Anggraini"
KEAJAIBAN AIR MATA WANITA,Remaja,Drama,"Hanief Jerry, Dimas Luqman, Ahya Hasyim",Indra Gunawan,"Nasrullah, Fredy Aryanto, Aris Ananda, Nasrullah, Fredy Aryanto","Citra Kirana, Rezky Aditya, Natasha Rizky, Yessy Gusman, Baby Zelvia, Queen Lubis, Rony Helmi, Ricky Perdana, Cupink Topan"
KEEPER,Dewasa,Horror,"Chris Ferguson, Jesse Savath",Osgood Perkins,Osgood Perkins,"Tatiana Maslany, Rossif Sutherland, Claire Friesen, Christin Park, Tess Degenstein, Erin Boyes, Birkett Turton, Eden Weiss"
KELUARGA SUPER IRIT,Semua Umur,"Drama, Family",Frederica,Danial Rifki,"Theodore Arnoldy, Fahmie Yanardi","Dwi Sasono, Widi Mulia, Dru Prawiro Sasono, Widuri Putri Sasono, Den Bagus Satrio Sasono, Indro Warkop, Onadio Leonardo, Coki Pardede, Okie Rengga, Mandra, Oza Rangkuti "
KESARI CHAPTER 2,Dewasa,History,"Karan Johar, Hiroo Yash Johar, Aruna Bhatia, Adar Poonawalla",Karan Singh Tyagi,"Amritpal Singh Bindra, Akshat Ghildial, Sumit Saxena","Akshay Kumar, R Madhavan, Ananya Panday, Regina Cassandra"
KIS KISKO PYAAR KAROON 2,Dewasa,"Comedy, Drama","Abbas Alibhai Burmawalla, Mastan Alibhai Burmawalla",Anukalp Goswami,Anukalp Goswami,"Kapil Sharma, Manjot Singh, Parul Gulati, Ayesha Khan, Tridha Choudhary, Warina Hussain"
KITAB SIJJIN & ILLIYYIN,Dewasa,Horror,Gope T. Samtani,Hadrah Daeng Ratu,Lele Laila,"Yunita Siregar, Dinda Kanyadewi, Kawai Labiba, Tarra Budiman, Sulthan Hamonangan, Djenar Maesa Ayu, Banon Gautama, Eduward Manalu"
KOKUHO,Dewasa,Drama,"Hiroyuki Araki, Minami Ichikawa",Sang-il Lee,"Satoko Okudera, Shuichi Yoshida","Ryo Yoshizawa, Ryusei Yokohama, Mitsuki Takahata, Shinobu Terajima, Soya Kurokawa, Min Tanaka, Ken Watanabe, Nana Mori"
KOMANG,Remaja,Drama,"Chand Parwez Servia, Riza, Mithu Nisar",Naya Anindita,Evelyn Afnilia,"Aurora Ribero, Kiesha Alvaro, Cut Mini, Arie Kriting, Mathias Muchus, Ayu Laksmi, Adzando Davema, Neneng Risma, Rhesa Putri, Arman Dewarti, Ciaxman, Raim Laode, Anggika Bolsterli, Pevita Pearce, Afgansyah Reza"
KUNCEN,Remaja,Horror,"Rahul Mulani, Fadi Iskandar, Neivy Vilany",Jose Poernomo,Jose Poernomo,"Azela Putri, Davina Karamoy, Vonny Felicia, Cinta Brian, Mikha Hernan, Sara Wijayanto, Thomi Baraqbah"
KUYANK,Remaja,Horror,"Johansyah Jumberan, Victor G. Pramusinto",Johansyah Jumberan,"Asaf Antariksa, Johansyah Jumberan","Rio Dewanto, Putri Intan Kasela, Ochi Rosdiana, Jolene Marie, Barry Prima, Dayu WIjanto, Ananda George, Betari Ayu, Hazman Al Idrus, Ellizabeth Christine "
LABINAK,Dewasa,Horror,"Prakash Chugani, Deepak Chugani, Dilip Chugani, Sanjeev Bhalla",Azhar Kinoi Lubis,Pratiwi Juliani,"Raihaanun, Nayla Denny, Arifin Putra, Giulio Parengkuan, Chantiq Schagerl, Ivanka Suwandi, Jenny Zhang, Aimee Sarah"
"LA TAHZAN: CINTA, DOSA, LUKA...",Dewasa,Drama,Manoj Punjabi,Hanung Bramantyo,Hanan Novianti,"Marshanda, Deva Mahenra, Ariel Tatum, Rachel Mikhayla, Asri Welas, Benidictus Siregar, Patricia Gouw, Reza Nangin, Ayu Dyah Pasha, Elma Theana, Elmandsipasi, Rukman Rosadi"
LEAK 2 (JIMAT DADONG),Dewasa,Horror,Mimi Jegon,Mimi Jegon,Mimi Jegon,"Andrew Andika, Putu Sandra, Winda Saskia, Galuh Bilen, Astrid Ular, Yuni Baratha, Ayu Budhiyani, Deny Tama, Arimas, Eric Minardi, Mira Baliku, Ketut Ong"
LEBIH DARI SELAMANYA,Semua Umur,"Drama, Romance",Ary Ambiary,M. Amrul Ummami,M. Ali Ghifari ,"Donny Alamsyah, Shareefa Danish, Adinda Thomas, Adzana Ashel, Adhitya Alkatiri, Cheryl Zaneta, Ladislao Camara Carranza"
LEGENDA KELAM MALIN KUNDANG,Dewasa,"Drama, Mystery","Tia Hasibuan, Joko Anwar","Rafki Hidayat, Kevin Rahardjo","Joko Anwar, Aline Djayasukmana, Rafki Hidayat","Rio Dewanto, Faradina Mufti, Vonny Anggraini, Nova Eliza, Gambit Saifullah, Jordan Omar, Sulthan Hamonangan, Tony Merle"
LIFT,Dewasa,"Thriller, Mystery",Adha Riantono,Randy Chans,"Randy Chans, Aria Gardadipura","Shareefa Daanish, Ismi Melinda, Verdi Solaiman, Alfie Alfandy, Max Metino, Teuku Rifnu Wikana, Tegar Satrya, Berlliana Lovell"
LILO & STITCH,Semua Umur,"Adventure, Fantasy","Dan Lin, Jonathan Eirich",Dean Fleischer Camp,"Mike Van Waes, Chris Kekaniokalani Bright","Maia Kealoha, Billy Magnussen, Hannah Waddingham, Tia Carrere, Zach Galifianakis, Courtney B. Vance, Chris Sanders, Sydney Agudong, Amy Hill"
LINTRIK,Dewasa,"Horror, Mystery",Asye Berty Saulina Siregar,Irham Acho Bahtiar,Yuki,"Karina Icha, Meisya Amira, Yati Surachman, Donny Damara, Akbar Nasdar, Teguh Ryder, Fannita Posumah "
LOCKED,Dewasa,Thriller,"Sam Raimi, Zainab Azizi",David Yarovesky,Michael Arlen Ross,"Bill Skarsgard, Anthony Hopkins, Gabrielle Walsh, Michael Eklund, Dan Payne, Chris Webb, Reese Alexander, Jeff Sanca, Zandara Kennedy"
LORONG KOST,Remaja,Horror,Totong Sugianto,Ganank Dera,Ganank Dera,"Larasati Zilly, Nadira Hill, Ence Bagus, Gibran Martin, Amel Alvi, Yatti Surachman, Lucky Moniaga, Aina, Ali Qibo"
LYORA: PENANTIAN BUAH HATI,Remaja,"Drama, Family","Robert Ronny, Pandu Birantoro, Virgie Baker",Prita Arianegara,"Titien Wattimena, Priska Amalia","Marsha Timothy, Darius Sinathrya, Widyawati, Olga Lydia, Hannah Al Rashid, Ariyo Wahab, Ivanka Suwandi"
M3GAN 2.0,Dewasa,"Sci-Fi, Thriller","Jason Blum, James Wan, Allison Williams",Gerard Johnstone,"Gerard Johnstone, Akela Cooper","Allison Williams, Jemaine Clement, Jenna Davis, Amie Donald, Ivanna Sakhno, Violet McGraw, Aristotle Athari, Brian Jordan Alvarez"
MAA,Remaja,Horror,"Ajay Devgn, Jyoti Deshpande",Vishal Furia,Saiwyn Quadras,"Kajool, Ronit Roy, Indraneil Sengupta, Kherin Sharma, Jitin Gulati, Surjyasikha Das"
MAJU SEREM MUNDUR HOROR,Remaja,"Horror, Comedy, Drama","Shanker R S, Rama Tribudiman, Madam Mystery",Chiska Doppert,"Reza Keling, Adi Nugroho, Mo Sidik","Dodit Mulyanto, Mael Le, Yewen, Daffa Ariq, Carissa Perusset, Sara Fajira, Sara Wijayanto, Gary Iskak"
MALAM 3 YASINAN,Dewasa,Horror,"Helfi Kardit, Wulan Guritno, Janna Soekasah , Amanda Gratiana",Yannie Sukarya,"Helfi Kardit, Fannyco Indrawan, Delbin Clyte","Shalom Razade, Wulan Guritno, Baim Wong, Hamish Daud, Farhan Rasyid, Piet Pagau, Janna Soekasah, Amanda Gratiana, Izabel Jahja, Tien Kadaryono, Yasmin Aqeela, Darmawan Wijaya"
MALAM JAHANAM,Remaja,Horror,Ramesh R.M,Hanny R. Saputra,Nayanto,"Pamela Bowie, Tirta Chand, Adjie Alfarent, Nicolea Anstee, Grace Violeta"
MAMA: PESAN DARI NERAKA,Remaja,Horror,Rajesh Punjabi,Azhar Kinoi Lubis,Lele Laila,"Callista Arum, Nova Eliza, Raihan Khan, Hannah Al Rashid, Andy /Rif, Naura Hakim, Sri Yatun, Ruli Fitrian Alia, Rachel Mikhayla, Grace Emmanuela, Dinda Hanarizky"
MANGKU POCONG,Dewasa,Horror,Ferry Angriawan,Chiska Doppert,Vidya T. Ariestya,"Jevan Nathanio, Ajeng Fauzia, Samuel Rizal, Indra Pacique, Wanda Hamidah, Monique Henry, Aldo Irawan"
MARDAANI 3,Dewasa,"Action, Crime",Aditya Chopra,Abhiraj Minawala,Aayush Gupta,"Rani Mukerji, Janki Bodiwala, Mallika Prasad, Mikhail Yawalkar"
MARIA,Dewasa,"Biography, Drama","Miki Emmrich, Jonas Dornbach",Pablo Larraín,Steven Knight,"Angelina Jolie, Kodi Smit-McPhee, Valeria Golino, Alba Rohrwacher, Haluk Bilginer, Caspar Phillipson, Paul Spera"
MARTY SUPREME,Dewasa,"Drama, Sport","Ronald Bronstein, Eli Bush, Timothée Chalamet, Anthony Katagas, Josh Safdie",Josh Safdie,"Josh Safdie, Ronald Bronstein","Timothée Chalamet, Gwyneth Paltrow, Odessa A’zion, Kevin O’Leary "
MARYAM: JANJI DAN JIWA YANG TERIKAT,Dewasa,Horror,"Tony Ramesh, Jody Bany Wicaksono",Azhar Kinoi Lubis,Lele Laila,"Claresta Taufan, Wafda Saifan, Debo Andryos, Maryam Supraba, Rukman Rosadi, Shaqueena Medina"
MATERIALISTS,Dewasa,"Drama, Romance","Celine Song, Christine Vachon, Pamela Koffler",Celine Song,Celine Song,"Dakota Johnson, Chris Evans, Pedro Pascal, Zoe Winters, Marin Ireland, Dasha Nekrasova, Emmy Wheeler, Louisa Jacobson, Eddie Cahill, Sawyer Spielberg"
MENDADAK DANGDUT,Remaja,"Comedy, Drama","Mgs Fahry Fachrudin, Wendhy Antono",Monty Tiwa,"Monty Tiwa, Eric Tiwa, Muttaqiena Imaamaa","Anya Geraldine, Aisha Nurra Datau, Keanu Angelo, Fajar Nugra, Dwi Sasono, Wika Salim, Oppie Kumis, Sadha Triyudha, Adi Sudirja"
MENGEJAR RESTU,Remaja,"Drama, Family","Raam Punjabi, Novandrian, Dimas Luqman",Puadin Redi,Titien Wattimena,"Dimas Seto, Dhini Aminarti, Citra Kirana, Hengki Tornando, Baby Zelvia, Anantya Kirana, Ahmad Ridwan, Rezky Aditya, Arie Untung, Fenita Arie, Atala"
MENJELANG MAGRIB 2: WANITA YANG DI RANTAI,Dewasa,Horror,Helfi Kardit,Helfi Kardit,Helfi Kardit,"Adytia Zoni, Ajeng Fauziah, Muthia Datau, Aurelia Lourdes, Aisha Kastolan, Ageng Kiwi, Shania Sree, Ratu Dewi Imasy, Fendi Pradana"
MENUJU PELAMINAN - THE ROAD TO MARRIAGE,Remaja,"Comedy, Drama","Dirana Sofiah, Yuda Kurniawan",Yuda Kurniawan,Husein M. Atmojo,"Bhisma Mulia, Maizura, Derry Oktami, Cut Mini, Whani Darmawan, Brilliana Arfira, Muhammad Nur Qomarudin, Joanna Dyah, Susilo Nugroho, Bambang Gundul"
MERAH PUTIH ONE FOR ALL,Semua Umur,Animation,Toto Soegriwo,"Endiarto, Bintang","Endiarto, Bintang","Neka, Yahya, Nabila Yasmin, Sky, Nathan, Billy, Kenneth, Rangga, Bintang, Vienkan Bahreys, Elsya H. Syarief"
MERCY,Remaja,"Crime, Sci-Fi","Robert Amidon, Timur Bekmambetov, Majd Nassif, Charles Roven",Timur Bekmambetov,Marco van Belle,"Chris Pratt, Rebecca Ferguson, Kali Reis, Annabelle Wallis, Rafi Gavron, Chris Sullivan, Kenneth Choi, Noah Fearnley, Kylie Rogers"
MERTUA NGERI KALI,Remaja,"Drama, Comedy",Chetan A. Samtani,Key Mangunsong,"Eginina Oey, Henovia Rosalinda","Bunda Corla, Naysila Mirdad, Dimas Anggara, Sophie Navita, Bonar Manalu, Gita Bhebhita, Siti Fauziah, Farrell Rafisqy"
MISSION: IMPOSSIBLE - THE FINAL RECKONING,Remaja,Action,"Tom Cruise, Christopher McQuarrie",Christopher McQuarrie,"Erik Jendresen, Christopher McQuarrie","Tom Cruise, Hayley Atwell, Ving Rhames, Simon Pegg, Vanessa Kirby, Esai Morales, Pom Klementieff, Angela Bassett, Nick Offerman, Holt McCallany"
MLBB: M7 WATCH PARTY - TIER LEGEND,,"Live Stream, eSport",Mobile Legends: Bang Bang Esports,-,-,MLBB
MLBB: M7 WATCH PARTY - TIER MYTHIC,,"Live Stream, eSport",Mobile Legends: Bang Bang Esports,-,-,MLBB
MODUAL NEKAD,Remaja,"Comedy, Drama","Chand Parwez Servia, Riza, Mithu Nisar",Imam Darto,"Imam Darto, Sesa Nasution, Warman Nasution","Gading Marten, Tarra Budiman, Fatih Unru, Gisella Anastasia, Gempita Nora Marten, Sahila Hisyam, Ira Wibowo, Surya Saputra, Andre Taulany, Surya Insomnia, Ananda Omesh, Inyonk, Rizky Inggar"
MONSTA X: CONNECT X IN CINEMAS,Remaja,Music,David Tu Sun Song,"Yeji Lee, Yoondong Oh",-,"Monsta X, (Shownu, Minhyuk, Kihyun, Hyungwon, Joohoney, I.M)"
MOON THE PANDA,Semua Umur,"Family, Adventure","Catherine Camborde, Gilles de Maistre, Sidonie Dumas",Gilles de Maistre,Prune de Maistre,"Liu Nuoyi, Liu Ye, Alexandra Lamy, Liu Nina, Sylvia Chang"
MUMU,Semua Umur,Drama,"Corey P. Sun, Yingrui Wu",Sha Mo,Dandi Fu,"Lay Zhang, Li Luoan, Huang Yao, Vivienne Tien, Zhang Rou Nan, Yuan Wen Kang, Ai Liya"
MUNGKIN KITA PERLU WAKTU,Dewasa,"Drama, Family","Shierly Kosasih, Teddy Soeriaatmadja",Teddy Soeriaatmadja,Teddy Soeriaatmadja,"Lukman Sardi, Sha Ine Febriyanti, Bima Azriel, Tissa Biani, Naura Hakim, Asri Welas"
MURDER REPORT,Dewasa,"Drama, Thriller",-,Cho Young-jun,Cho Young-jun,"Cho Yeo-jeong, Jung Sung-il, Choi Su-im, Kim Tae-Han"
MUSLIHAT,Dewasa,"Horror, Religi, Drama",Bugie,Chairun Nissa,Evelyn Afnilia,"Edward Akbar, Asmara Abigail, Tata Janeeta, Ajeng Giona, Ence Bagus, Fatih Unru"
MUSUH DALAM SELIMUT,Dewasa,Drama,Deni Clen Saputra,Hadrah Daeng Ratu,Cassandra Massardi ,"Yasmin Napper, Arbani Yasiz, Megan Domani, Rowiena Oemboh, Willem Bevers, Cakrawala Airawan, Fitri Rasyidi, Mas Cemen, Deni Saputra"
MY BOO 2,Dewasa,"Romance, Drama, Fantasy",Nalina Chayasombat,Khomkrit Treewimol,"S Khomkrit Treewimol, Chai-a-nan Soijumpa, Kirati Kumsat","Maylada Susri, Sutthirak Subvijitra, Timethai Plangsilp"
MY DAUGHTER IS A ZOMBIE,Remaja,"Comedy, Thriller",-,Pil Gam-Seong,Lee Yoon-Chang,"Cho Jung-Seok, Lee Jung-Eun, Choi Yoo-Ri, Cho Yeo-Jeong, Yoon Kyung-Ho"
NARIK SUKMO,Remaja,Horror,"Mulyadi JP,  Darmawan Surjadi",Indra Gunawan,Evelyn Afnilia,"Febby Rastanty, Aliando Syarif, Teuku Rifnu Wikana, Nugie, Dea Annisa, Kinaryosih, Yama Carlos, Mariam Supraba, Ellyutan"
NA WILLA,Semua Umur,"Drama, Family","Anggia Kharisma, Novia Puspa Sari",Ryan Adriandhy,Ryan Adriandhy,"Luisa Adreena, Freya Mikhayla, Azamy Syauqi, Arsenio Rafisqy, Irma Rihi, Junior Liem, Ira Wibowo, Melissa Karim, Nayla Purnama, Agla Artalidia, Putri Ayudya"
NE ZHA 2,Semua Umur,"Fantasy, Animation",Liu Wenzhang ,Jiaozi (Yang Yu),"Lu Xixing, Xu Zhonglin, Yang Yu","Joseph, Han Mo, Chen Hao, Lu Yanting, Lu Qi, Zhang Jiaming"
NIA,Remaja,Drama,"Aditya Gumay, Nicky RV, Mohit Nv, Rani RI, Aswin Fabanyo, Nanditho Djohar","Aditya Gumay, Ronny Mepet",Aditya Gumay,"Syakira Humaira, Qya Ditra, Helsi Herlinda, Zainal Chaniago, Neno Warisman, Aisyah, Eka Maharani"
NOBODY 2,Dewasa,"Action, Thriller, Comedy","Braden Aftergood, David Leitch, Kelly McCormick, Bob Odenkirk",Timo Tjahjanto,"Derek Kolstad, Bob Odenkirk, Aaron Rabin","Bob Odenkirk, Connie Nielsen, Christopher Lloyd, RZA, Sharon Stone, Colin Hanks, Michael Ironside, John Ortiz, Gage Munroe"
NOISE,Dewasa,"Horror, Thriller",SUH Youngjoo,KIM Soo-jin,"KIM Yong-hwan, LEE Je-hui","LEE Sun-bin, KIM Min-seok, JUN Ik-ryoung, RYU Kyung-soo, HAN Su-a, BACK Joo-hee"
NO OTHER CHOICE,Dewasa,"Thriller, Comedy",Park Chan-wook,"Park Chan-wook, Back Jisun","Park Chan-wook, Lee Kyoung-mi","Lee Byung Hun, Son Yejin, Park Hee Soon, Lee Sung-min, Yeom Hye-ran, Cha Seung-won, Yoo Yeon-seok"
NORMA: ANTARA MERTUA DAN MENANTU,Remaja,Drama,Dheeraj Kalwani,Guntur Soeharjanto,Oka Aurora,"Tissa Biani, Yusuf Mahardika, Wulan Guritno, Rukman Rosadi, Nunung, Erick Estrada, Devi Permatasari, Adila Fitri"
NOW YOU SEE ME: NOW YOU DONT,Remaja,"Thriller, Crime","Alex Kurtzman, Bobby Cohen",Ruben Fleischer,"Seth Grahame-Smith, Michael Lesslie, Paul Wernick, Rhett Reese","Jesse Eisenberg, Woody Harrelson, Dave Franco, Isla Fisher, Justice Smith, Dominic Sessa, Ariana Greenblatt, Rosamund Pike, Morgan Freeman"
NUMBER ONE,Remaja,"Drama, Fantasy",-,Kim Tae-yong,-,"Choi Woo-sik, Jang Hye-jin, Gong Seung-yeon"
OLD BOY,Dewasa,Drama,Lim Seung-young,Park Chan-wook,"Garon Tsuchiya, Nobuaki Minegishi, Park Chan-wook","Choi Min-sik, Yoo Ji-tae, Kang Hye-jeong, Kim Byeong-Ok, Ji Dae-han"
OMNISCIENT READER: THE PROPHECY,Dewasa,Action,Won Dong Yun,Kim Byung Woo,-,"Ahn Hyo Seop, Lee Min Ho, Chae Soo Bin, Nana, Shin Seung Ho, Ji Soo"
ONCE WE WERE US,Dewasa,"Drama, Romance","Justin Choi, Young-han Lee",Kim Do-Young,"Kim Ha-Na, Yeum Moon-kyoung","Koo Kyo-hwan, Moon Ga-young, Shin Jung-keun, Lee Sang-yeob, Lim Jae-hyeok, Kim So-yul, Kang Mal-geum"
ONE BATTLE AFTER ANOTHER,Dewasa,"Suspense, Crime, Thriller","Adam Somner, Sara Murphy, Paul Thomas Anderson",Paul Thomas Anderson,Paul Thomas Anderson,"Leonardo DiCaprio, Sean Penn, Benicio Del Toro, Regina Hall, Teyana Taylor, Chase Infiniti"
OTHER,Dewasa,"Horror, Thriller","Clement Miserez, Matthieu Warter",David Moreau,"Jon Goldman, David Moreau","Olga Kurylenko, Jean Schatz, Lola Bonaventure, Jacqueline Ghaye, Sacha Nugent, Philip Schurer, Ange Nawasadio"
OZORA: PENGANIAYAAN BRUTAL PENGUASA JAKSEL,Dewasa,"Drama, Thriller, Crime","Indah Destriana, Anggy Umbara","Anggy Umbara, Bounty Umbara","Ardi & Tata Rak Buku, Anggy Umbara","Chicco Jerikho, Muzakki Ramdhan, Tika Bravani, Erdin Werdrayana, Mathias Muchus, Donny Damara, Annisa Kaila, Arsyall Azizan, Hana Saraswati, Jenny Zhang, Sinyo, Rizky Hanggono"
PABRIK GULA,Dewasa,Horror,Manoj Punjabi,Awi Suryadi,Lele Laila,"Arbani Yasiz, Ersya Aurelia, Erika Carlina, Bukie B. Mansyur, Wavi Zihan, Moch. Arif Alfiansyah, Benidictus Siregar, Sadana Agung, Yono Bakrie, Vonny Anggraini, Budi Ros, Dewi Pakis, Azela Putri"
PABRIK GULA UNCUT,Dewasa 21,Horror,Manoj Punjabi,Awi Suryadi,Lele Laila,"Arbani Yasiz, Ersya Aurelia, Erika Carlina, Bukie B. Mansyur, Wavi Zihan, Moch. Arif Alfiansyah, Benidictus Siregar, Sadana Agung, Yono Bakrie, Vonny Anggraini, Budi Ros, Dewi Pakis, Azela Putri"
PAMALI: TUMBAL,Remaja,Horror,"Andi Suryanto, Marcella Daryanani",Bobby Prasetyo,Evelyn Afnilia,"Keisya Levronka, Fajar Nugra, Ummi Quary, Nai Djenar Maisa Ayu, Verdi Sulaeman, Dominique Sanda, Krishna Keitaro, Ben Bening, Aldean ""DEANKT"" Tegar Gemilang"
PANDA PLAN: THE MAGICAL TRIBE,Remaja,"Action, Comedy","Han Mei, Wei Wang, Derek Hui",Derek Hui,Keyang Pan,"Jackie Chan, Yinglu Wang, Li Ma, Shan Qiao, Tian Qiu, Yang Yu"
PANGGIL AKU AYAH,Remaja,Drama,"Anggia Kharisma, Novia Puspa Sari ",Benni Setiawan,Rifki Ardisha,"Ringgo Agus Rahman, Boris Bokir, Myesha Lin, Tissa Biani, Sita Nursanti, Sebryan Yosvien, Totos R, Joe P. Project, Yeyen Lidya, Grace Emanuella, Venytha Yoshiantini, Hertati Reksoprodjo, Guzman Sige, Novita, Ery Makmur "
PANGGILAN DARI KUBUR,Remaja,"Drama, Horror","Arvin Sutedja, Yoen K",Dyan Sunu Prastowo,Baskoro Adi,"Nirina Zubir, Nugie, Muthia Datau, Septian Dwi Cahyo, Firzanah Alya"
PANGKU,Dewasa,Drama,"Arya Ibrahim, Gita Fara",Reza Rahadian,"Reza Rahadian, Felix K. Nesi","Claresta Taufan, Fedi Nuril, Christine Hakim, Shakeel Fauzi Aisy, Devano Danendra, Jose Rizal Manua, Kaan Lativan, Nazyra C Noer, Lukman Sardi, Nai Djenar Maesa Ayu"
PANJI TENGKORAK,Remaja,"Animation, Drama, Thriller",Frederica,Daryl Wilson,"Agung Prasetiarso, Theo Arnoldy","Denny Sumargo, Donny Damara, Cok Simbara, Aghniny Haque, Tanta Ginting, Aisha Nurra Datau, Donny Alamsyah, Pritt Timothy, Candra Mukti, Revaldo"
PANOR,Dewasa 21,Horror,-,Puttipong Saisrikaew,Puttipong Saisrikaew,"Cherprang Areekul, Jackrin Kungwankiatic, Chalita Suansane, Rattanawadee Wongtong"
PAPA ZOLA THE MOVIE,Semua Umur,"Family, Action",Wu Chintya,Nizam Abd Razak,Nizam Abd Razak,"Nizam Abd Razak, Diani Fawzi, Yusuf Bahrin, Aloeng Silalahi, Ieesya Isandra, Imaad Iskandar, Nurfathiah Diaz, Dzubir Mohammed Zakaria"
PARAM SUNDARI,Remaja,Romance,Dinesh Vijan,Tushar Jalota,"Tushar Jalota, Aarsh Vora, Gaurav Mishra","Sidharth Malhotra, Janhvi Kapoor, Manjot Singh, "
PARA PERASUK,Remaja,Drama,"Siera Tamihardja, Iman Usman, Amalia Rusdi",Wregas Bhanuteja,"Wregas Bhanuteja, Alicia Angelina, Defi Mahendra","Angga Yunanda, Anggun, Maudy Ayunda, Bryan Domani, Chicco Kurniawan, Indra Birowo, Ganindra Bimo"
PATAH HATI YANG KUPILIH,Remaja,"Family, Drama","Umay Shahab, Imam Salimy",Danial Rifki,"Junisya Aurelita, Karina I. Nasir, Ezra Cecio","Prilly Latuconsina, Bryan Domani, Humaira Jahra, Marissa Anita, Indian Akbar, Roweina Umboh, Willem Bevers, Nike Putra, Halda Rianta, Ebel Cobra, Ence Bagus"
PELANGI DI MARS,Semua Umur,"Sci-Fi, Adventure, Family",Dendi Reynando,Upie Guava,"Alim Sudio, Upie Guava","Messi Gusti, Lutesha, Rio Dewanto, Livy Renata, Myesha Lin Adeeva, Kristo Immanuel, Gilang Dirga, Bimo Kusumo Yudo"
PEMBANTAIAN DUKUN SANTET,Dewasa,Horror,Manoj Punjabi,Azhar Kinoi Lubis,"Jeropoint, Baskoroadi Wuryanto, Andri Cahyadi","Kevin Ardilova, Aurora Ribero, Kaneishia Yusuf, Iqbal Sulaiman, Siti Aziizah Chairunnisa, Sasya Anastaysa, Teuku Rifnu Wikana, Ariyo Wahab, Totos Rasiti, Annisa Hertami, Pritt Timothy, Sapta Taliwang, Fairuz Adzhofir, Oce Permatasari"
PENCARIAN TERAKHIR,Remaja,"Horror, Mystery","Chand Parwez Servia, Riza, Mithu Nisar",Affandi Abdul Rachman,"Affandi Abdul Rachman, Nataya Bagya","Adzana Ashel, Donny Alamsyah, Artika Sari Devi, Razan Zu, Fatih Unru, Alika Jantina, Fadi Alaydrus, Dinda Mahira, Yama Carlos, Alex Abbad, Tesadesrada Ryza, Moh Iqbal Sulaiman, Verdi Sulaeman, Ramon Y Tungka"
PENERBANGAN TERAKHIR,Dewasa,Drama,Tony Ramesh,Benni Setiawan,Benni Setiawan,"Jerome Kurnia, Nadya Arina, Aghniny Haque, Nasya Marcella, Ayu Dyah Pasha, Devina Bertha, Fiorenza Celesta"
PENGEPUNGAN DI BUKIT DURI,Dewasa,"Drama, Thriller","Tia Hasibuan, Joko Anwar",Joko Anwar,Joko Anwar,"Morgan Oey, Omara Esteghlal, Hana Pitrashata Malasan, Endy Arfian, Fatih Unru"
PENGIN HIJRAH,Remaja,Drama,"Aris Muda, Rendy Gunawan",Jastis Arimba,"Benni Setiawan, Endik Koeswoyo, Jastis Arimba","Steffi Zamora, Endy Arfian, Daffa Wardhana, Sita Permata Sari, Karina Suwandi, Nadzira Shafa, Donny Alamsyah, Iqbal Sulaiman"
PENJAGAL IBLIS DOSA TURUNAN,Dewasa,Horror,Wicky V. Olindo,Tommy Dewo,Tommy Dewo,"Satine Zaneta, Marthino Lio, Niken Anjani, Kiki Narendra, Gusty Pratama, Eduwart Manalu"
PENUNGGU RUMAH: BUTO IJO,Dewasa,Horror,"Gandhi Fernando, Adnan Djani, Agung Nugroho",Achmad Romie,Gandhi Fernando,"Gandhi Fernando, Celine Evangelista, Valerie Thomas, Meryem Hasanah, Adnan Djani, Pratito Wibowo, Arie Dwi Andhika"
PERANG KOTA,Dewasa,"Drama, War","Chand Parwez Servia, Fauzan Zidni, Tutut Kolopaking",Mouly Surya,Mouly Surya,"Chicco Jerikho, Ariel Tatum, Jerome Kurnia, Rukman Rosadi, Imelda Therinne, Faiz Vishal, Anggun Priambodo, AR Barrani Lintang, Chew Kinwah, Alex Abbad, Indra Birowo, Dea Panendra"
PEREMPUAN PEMBAWA SIAL,Dewasa,Horror,Susanti Dewi,Fajar Nugros,"Fajar Nugros, Husein M. Atmodjo","Raihaanun, Clara Bernadeth, Morgan Oey, Rukman Rosadi, Aurra Kharisma, Didik Nini Thowok, Banyu Bening, Muhammad Abe, Benidictus Siregar"
PESUGIHAN SATE GAGAK,Remaja,"Comedy, Horror","Aoura Lovenson, Fauzar Nurdin","Etienne Caesar, Dono Pradana",Nuugro Agung,"Ardit Erwandha, Yono Bakrie, Benidictus Siregar, Yoriko Angeline, Nunung, Arief Didu"
PETAKA GUNUNG GEDE,Remaja,Horror,Chand Parwez Servia,Azhar Kinoi Lubis,"Upi Avianto, Maya Azka","Arla Ailani, Adzana Ashel, Endy Arfian, Raihan Khan, Moh. Iqbal Sulaiman, Jeremie Moeremans, Razan Zu, Teuku Rifnu Wikana, Mieke Amalia, Umar Lubis, Meisya Siregar, Ruth Marini, Derry Oktami, Ratna Riantiarno"
PINJAM 100 THE MOVIE,Remaja,"Comedy, Drama",Stanley,Prija Iska Ahmad,Charles,"Paris Pernandes, Jeremy Audry Immanuel Sihotang, Bambang Soesatyo, Hansen Vendi Agus, David Lie, Siti Anggun, Shannon Dorothea"
PORORO THE MOVIE: SWEET CASTLE ADVENTURE,Semua Umur,"Fantasy, Adventure, Animation","Kim Il-ho, Woo Ji-hee, Yoo-Rim Cheon",Yoo-Rim Cheon,Park Jiyeon,"Su Jung Ham, Mi Ja Lee, Lee Sun-Kyun"
PREDATOR: BADLANDS,Remaja,"Action, Sci-Fi","John Davis, Brent O'Connor, Ben Rosenblatt, Marc Toberoff",Dan Trachtenberg,"Patrick Aison, Dan Trachtenberg","Elle Fanning, Dimitrius Schuster-Koloamatangi, Michael Homick"
PRETTY CRAZY,Remaja,"Comedy, Romance",Baek Hyun-Ik,Lee Sang-Geun,Lee Sang-Geun,"Lim Yoon-A, Sung Dong-Il, Ahn Bo-Hyun, Joo Hyun-Young"
PRIMATE,Dewasa,Thriller,"Walter Hamada, John Hodges, Bradley Pilz",Johannes Roberts,"Johannes Roberts, Ernest Rier","Johnny Sequoyah, Troy Kotsur, Jessica Alexander, Victoria Wyant, Benjamin Cheng, Gia Hunter, Miguel Hernando Torres Umba, Kae Alexander, Tienne Simon"
PRINCESS MONONOKE,Remaja,"Animation, Drama",Toshio Suzuki,Hayao Miyazaki,Hayao Miyazaki,"Yoji Matsuda, Yuriko Ishida, Yuko Tanaka"
PROJECT Y,Dewasa,"Crime, Action","Byun Seung Min, Hailey Yoomin Yang",Hwan Lee,"Lee Hwan-Kyung, Kwak Jae-min, Oh Yu-Kyung","Han So-hee, Jun Jong-seo, Kim Shin-rock, Jeong Young-ju, Lee Jae-kyoon, Kim Sung-Cheol, Park Bo-in, Seo Wu-joon"
QODRAT 2,Remaja,Horror,Linda Gozali,Charles Gozali,"Asaf Antariksa, Gea Rexy, Charles Gozali","Vino G. Bastian, Acha Septriasa, Della Dartyan, Donny Alamsyah, Jason Bangun"
QORIN 2,Dewasa,Horror,"Gope T. Samtani, Susanti Dewi",Ginanti Rona,Lele Laila,"Fedi Nuril, Ali Fikry, Wavi Zihan, Muzakki Ramdhan, Gilang Devialdy, Epy Kusnandar, Indra Birowo, Dimas Aditya, Seroja Hafiedz, Fitrie Rachmadhina"
RABI JIWO,Dewasa,Horror,"Wahyudi Tejo Sulaksono, Atmi Sulastri, Ali Masae, Ical Labarani",Agus H. Mawardy,"Rita D, Agus H. Mawardy","Ramon Y. Tungka, Syahnaz Sadiqah, Reyna Venzka, Tyo Pakusodewo, Furry Setya, Lisa Mae Verbakel, Varissa Camelia, Budi Bima"
RAID 2,Dewasa,"Crime, Thriller, Action","Abhishek Pathak, Kumar Mangat Pathak, Bhushan Kumar",Raj Kumar Gupta,Raj Kumar Gupta,"Ajay Devgn, Riteish Deshmukh, Vaani Kapoor"
RAJAH,Dewasa,"Horror, Thriller",Ditha Samantha,R. Jiwo Kusumo,"Ditha Samantha, R. Jiwo Kusumo","Samuel Rizal, Aditya Zoni, Ditha Samantha, Panji Zoni, Angel Lisandi Putri"
RANGGA & CINTA,Remaja,"Drama, Teen, Musical","Mira Lesmana, Nicholas Saputra, Toto Prasetyanto",Riri Riza,"Mira Lesmana, Titien Wattimena","Leya Princy, El Putra Sarira, Jasmine Nadya, Kyandra Sembel, Katyana Mawira, Daniella Tumiwa, Rafi Sudirman, Rafly Altama"
RED SONJA,Dewasa,"Action, Fantasy","Nick Barrucci, Boaz Davidson",M.J. Bassett,"Tasha Huo, Robert E. Howard, Roy Thomas","Matilda Anna Ingrid Lutz, Martyn Ford, Robert Sheehan, Wallis Day, Michael Bisping, Robert Rhodes, Trevor Eve"
REGO NYOWO,Dewasa,Horror,Rocky Soraya,Rizal Mantovani,Riheam Junianti,"Sandrinna Michelle, Ari Irham, Cassandra Lee, Diah Permatasari, Rayensyah Rassya, Zayyan Sakha, Sheva Audrey, Sinyo Riza, Erwin Moron, Zoe Jireh, Zasa Zefanya, Robert Chaniago Timor, Michael Russell"
REGRETTING YOU,Dewasa,Drama,"Brunson Green, Robert Kulzer, Anna Todd, Flavia Viotti",Josh Boone,Susan McMartin,"Allison Williams, Mckenna Grace, Dave Franco, Mason Thames, Sam Morelos, Scott Eastwood, Willa Fitzgerald, Clancy Brown, Marcelle LeBlanc"
RELAY,Remaja,"Action, Thriller","Brendon Boyea, John Friedberg, Douglas Graham",David Mackenzie,Justin Piasecki,"Riz Ahmed, Lily James, Sam Worthington, Willa Fitzgerald, Jared Abrahamson, Pun Bandhu, Elsa Davis, Matthew Maher, Seth Barrish, Trevor Eve"
REMINDERS OF HIM,Dewasa,"Drama, Romance","Colleen Hoover, Lauren Levine, Gina Matthews",Vanessa Caswill,"Lauren Levine, Colleen Hoover","Maika Monroe, Tyriq Withers, Rudy Pankow, Lainey Wilson, Lauren Graham, Bradley Whitford, Nicholas Duvernay, Jillian Walchuck"
REST AREA,Dewasa,Horror,Dendi Reynando,Aditya Testarossa,Aditya Testarossa,"Lutesha, Ajil Ditto, Chicco Kurniawan, Julian Jacob, Lania Fira, Haydar Salishz, Afrian Arisandy"
RIBA,Dewasa,Horror,Titin Suryani,Adhe Dharmastriya,Titien Wattimena,"Ibrahim Risyad, Fanny Ghassani, Wafda Saifan, Emilat Morshedi, Kevin Danu, Jajang C. Noor, Pritt Timothy, Deden Bagaskara, Andre Geovano"
ROSARIO,Dewasa,Horror,"Phillip Braun, Javier Chapa, Jon Silk",Felipe Vargas,Alan Trezza,"Emeraude Toubia, Jose Zuniga, David Dastmalchian, Paul Ben-Victor, Diana Lein, Emilia Faucher, Constanza Guiterrez, Nick Ballard"
RUMAH TANPA CAHAYA,Remaja,"Drama, Family",Zairin Zain,Odi Harahap,"Syaikhu Luthfi, Deddy Mizwar, Zairin Zain, Odi Harahap, Amiruddin Olland, Rafi Muhammad Zuhdi","Ira Wibowo, Donny Damara, Lavicky Nicholas, Ridwan A. Ghany, Dea Annisa, Galabby Thahira, Ence Bagus, Widi Dwinanda"
RUMAH UNTUK ALIE,Remaja,"Drama, Family",Frederica,Herwin Novianto,Lottati Mulyani,"Anantya Kirana, Rizky Hanggono, Tika Bravani, Dito Darmawan, Rafly Altama Putra, Andryan Didi, Faris Fadjar Munggaran, Sheila Kusnadi, Ully Triani"
RUNSEOKJIN EP.TOUR THE MOVIE,Semua Umur,Music,Junsoo Park,Se Jun Lee,-,Jin
SADALI,Remaja,"Drama, Romance",Raam Punjabi,Kuntz Agus,"Pidi Baiq, Titien Wattimena","Ajil Ditto, Adinia Wirasti, Hanggini, Ciara Nadine Brosnan, Faiz Vishal"
SAH! KATANYA...,Remaja,"Comedy, Drama",Raam Punjabi,"Sidharta Tata, Loeloe Hendra","Dirmawan Hatta, Loeloe Hendra, Sidharta Tata","Nadya Arina, Dimas Anggara, Calvin Jeremy, Qomaruddin, Della Dartyan, Rahmet Ababil"
SAIYAARA,Dewasa,"Drama, Romance",Adhitya Chopra,Mohit Suri,Sankalp Sadana,"Ahaan Panday, Aneet Padda"
"SAMPAI JUMPA, SELAMAT TINGGAL",Dewasa,"Drama, Romance","Shierly Kosasih, Perlita Desiani",Adriyanto Dewo,Adriyanto Dewo,"Putri Marino, Jerome Kurnia, Jourdy Pranata, Lutesha, Kiki Narendra"
SAMPAI TITIK TERAKHIRMU,Remaja,"Drama, Romance","Andi Suryanto, Marcella Daryanani",Dinna Jasanti,Evelyn Afnilia,"Mawar de Jongh, Arbani Yasiz, Unique Priscilla, Kiki Narendra, Yasamin Jasem, Tika Panggabean, Siti Fauziah, TJ Ruth, Onadio Leonardo, Shakeel Fauzi Aisy, Vonny Felicia, Verina Ardiyanti, Alfie Alfandy, Dana Wardhana, Ricky Cemor"
SAMSARA,Remaja,"Fantasy, Drama","Gita Fara, Aldo Swastia",Garin Nugroho,Garin Nugroho,"Ario Bayu, Juliet Widyasari Burnett, Gus Bang Sada, Valentine Payen-Wicaksono, I Wayan Wira Kusuma, Siko Setyanto, Cok Sawitri"
SAYAP SAYAP PATAH 2: OLIVIA,Remaja,"Drama, Action",Denny Siregar,Ferry Pei Irawan,"Rahabi Mandra, Jocelyn Cordelia","Arya Saloka, Dara Sarasvati, Juan Bio One, Nugie, Iwa K,Myesha Lin, Muhammad Khan, Meriam Bellina, Samo Rafael, Aufa Assagaf, Givina Lukita, Aji Santosa, dan Norman R. Akyuwen"
SCARLET,Remaja,Animation,"Yuichiro Saito, Nozomu Takahashi, Toshimi Tanio",Mamoru Hosoda,Mamoru Hosoda,"Mana Ashida, Masaki Okada, Masachika Ichimura, Koji Yakusho, Yuki Saito, Yutaka Matsushige,  Kotaro Yoshida, Munetaka Aoki"
SCREAM 7,Dewasa 21,"Thriller, Mystery","Paul Neinstein, William Sherak, James Vanderbilt",Kevin Williamson,"Guy Busick, Kevin Williamson","Neve Campbell, Courteney Cox, Isabel May, Jasmin Savoy Brown, Mason Gooding, Anna Camp, Joel McHale, Mckenna Grace, Michelle Randolph"
SEBELUM DIJEMPUT NENEK,Remaja,"Horror, Comedy",Sunil Samtani,Fajar Martha Santosa,"Sandi Paputungan, Fajar Martha Santosa","Angga Yunanda, Dodit Mulyanto, Wavi Zihan, Oki Rengga, Nopek Novian"
SELEPAS TAHLIL,Remaja,Drama,Taufan Adryan,Adriano Rudiman,Husein M. Atmodjo,"Aghniny Haque, Bastian Steel, Epy Kusnandar, Adjie N.A, Vonny Anggraini, Diandra Agatha, Abdul Rachman Hidayat"
SEND HELP,Dewasa,Thriller,"Zainab Azizi, Sam Raimi",Sam Raimi,"Damian Shannon, Mark Swift","Rachel McAdams, Dylan O'Brien, Edyll Ismail, Xavier Samuel, Chris Pang, Thaneth Warakulnukroh, Emma Raimi, Bruce Campbell, Dennis Haysbert"
SENGKOLO PETAKA SATU SURO,Dewasa,Horror,Raam Punjabi,Deni Saputra,Maruska Bath,"Aulia Sarah, Agla Artalidia, Cindy Nirmala, Miqdad, Dimas Aditya, Annisa Hertami, Ence Bagus"
SENIN HARGA NAIK,Semua Umur,"Drama, Comedy","Chand Parwez Servia, Riza, Mithu Nisar",Dinna Jasanti,Rino Sarjono,"Nadya Arina, Meriam Bellina, Andri Mashadi, Nayla Purnama, Givina, Brandon Salim, Nungki Kusumastuti, Hamish Daud, Aci Resti, Arif Alfiansyah, Razan Zu, Dayu Wijanto, Restu Sinaga, Rianti Cartwright"
SENYUM MANIES LOVE STORY,Remaja,"Drama, Romance","H. Beni Pensong, Ronny Mepet, Muhammar Amin",Ronny Mepet,Tisa TS,"Fahad Haydra, Kathy Indera, Chelsea Sepyani, Asrul Dahlan, Emma Waroka, Tabah Penemuan, Dewi Purnama, Joe Project P, Dimas Putra, Lala Sawer, Arsyal Azizan, Riki Panab"
SERIBU BAYANG PURNAMA,Semua Umur,"Drama, Family",Moriza Prananda,Yahdi Jamhur,Swastika Nohara,"Marthino Lio, Givina, Nugie, Aksara Dena, Whani Darmawan, Joanna Dyah, Hargi Sundari"
SETAN ALAS!,Dewasa,Horror,"Munandar Aji Wibowo, Fani Pramuditya",Yusron Fuadi,"Yusron Fuadi, Anindita Suryarasmi","Anastasia Herzigova, Adhin Abdul Hakim, Abraheem Abdulwahhab, Putri Anggi, Haydar Salishz, Winner Wijaya, Ernanto Kusumo, Hanung Bramantyo"
SETANNYA CUAN,Remaja,"Comedy, Horror","Aris Muda, Avesina Soebli","Sahrul Gibran, Jay Sukmo",Fajar Umbara,"Nadine Alexandra, Joe P Project, Fico Fachriza, Babe Cabita, Dimas Andrean, Anyun Cadel, Candil, Ben Kasyafani, Mega Carefansa, Gabriella Desta, Aming"
SEVENTEEN [RIGHT HERE] WORLD TOUR IN CINEMAS,Remaja,Music,David Tu Sun Song,Yoondong Oh,-,SEVENTEEN
SHADOW FORCE,Dewasa,Action,"Sterling K. Brown, Pilar Savone, Kerry Washington",Joe Carnahan,"Joe Carnahan, Leon Chills","Omar Sy, Kerry Washington, Mark Strong, Da'Vine Joy Randolph, Method Man, Ed Quinn, Natalia Reyes"
SHELTER,Dewasa,Action,"Brendon Boyea, Jon Berg, Jason Statham",Ric Roman Waugh,Ward Parry,"Jason Statham, Bodhi Rae Breathnach, Bill Nighy, Naomi Ackie, Daniel Mays, Gordon Alexander, Harriet Walter"
SHUTTER,Remaja,"Drama, Horror",Frederica,Herwin Novianto,Alim Sudio,"Vino G Bastian, Anya Geraldine, Niken Anjani, Nugie, Donny Alamsyah, Andri Mashadi, Rangga Natra, Dewi Gita, Rukman Rosadi "
SIAPA DIA,Remaja,"Musical, Drama","Faizal Lubis, Marlia Nurdiyani, Oscar Sagita",Garin Nugroho,Garin Nugroho,"Nicholas Saputra, Amanda Rawles, Widi Mulia, Ariel Tatum, Gisella Anastasia, Monita Tahalea, Morgan Oey, Sita Nursanti, Happy Salma, Dira Sugandi, Joanna Alexandra, Cindy Nirmala"
SICCIN 8,Remaja,Horror,Muhtesem Tozum,Alper Mestci,Alper Mestci,"Fatih Gulnar, Melike Balcik, Gonul Urer, Hatice Irkin, Masal Aksel, Mana Alkoy, Fahrettin Avci, Ece Baykal, Oguz Okul"
SIHIR PELAKOR,Dewasa,Horror,"Chand Parwez Servia, Riza, Mithu Nisar",Bobby Prasetyo,Upi,"Neona Ayu, Marcella Zalianty, Fathir Muchtar, Asmara Abigail, Jared Ali, Hana P Malasan, Indra Birowo, Alfie Alfandy, Ruth Marini, Adhisty Zara"
SIKANDAR,Dewasa,"Action, Drama",Sajid Naiadwala,A.R. Murugadoss,A.R. Murugadoss,"Salman Khan, Rashmika Mandanna, Sunil Shetty, Sharman Joshi"
SINNERS,Dewasa,"Horror, Thriller","Ryan Coogler, Zinzi Coogler, Sev Ohanian",Ryan Coogler,Ryan Coogler,"Michael B. Jordan, Hailee Steinfeld, Miles Caton, Jack O’Connell, Wunmi Mosaku, Jayme Lawson, Omar Miller, Delroy Lindo"
SI PALING AKTOR,Remaja,"Comedy, Drama",Manoj Punjabi,Ody Harahap,"Adhitya Mulya, Ody Harahap, Rino Sarjono, Ali Ghifari","Jourdy Pranata, Cut Beby Tsabina, Kevin Julio, Kenny Austin, Yeyen Lydia, Verdi Sulaeman, David Nurbianto, Andrew Lincoln Suleiman, Billyan El Kausha, Vidibulle, Indra Birowo"
SISU: ROAD TO REVENGE,Dewasa,"Action, War","Mike Goodridge, Petri Jokiranta",Jalmari Helander,Jalmari Helander,"Jorma Tommila, Richard Brake, Stephen Lang, Einar Haraldsson, Jaakko Hutchings, Ergo Kuppas, Anton Klink, Paaru Oja, Erki Laur"
SITAARE ZAMEEN PAR,Remaja,"Comedy, Drama","Aamir Khan, Aparna Purohit, B. Shrinivas Rao","Aamir Khan, Amole Gupte, R.S. Prasanna","Amitabh Bhattacharya, Divyandhi Sharma","Aamir Khan, Genelia Deshmukh, Aroush Datta, Gopi Krishna Varma, Samvit Desai, Vedant Sharma"
SMURFS,Semua Umur,Animation,"Jay Brown, Ryan Harris, Rihanna, Tyran Smith",Chris Miller,Pam Brady,"Rihanna, James Corden, Nick Offerman, JP Karliak, Dan Levy, Amy Sedaris, Natasha Lyonne, Sandra Oh, Octavia Spencer, Natasha Lyonne, Hannah Waddingham, Kurt Russell, John Goodman"
SNOW WHITE,Remaja,"Fantasy, Adventure","Jared LeBoff, Marc Platt",Marc Webb,"Erin Cressida Wilson, Greta Gerwig","Rachel Zegler, Gal Gadot, Tituss Burgess, Jeremy Swift, Andrew Barth Feldman, Andrew Burnap, Martin Klebba, Ansu Kabia, Patrick Page, Jason Kravits, Emilia Faucher"
SOLATA,Semua Umur,"Drama, Comedy, Family",Ichwan Persada,Ichwan Persada,"Arai Amelya, Ichwan Persada","Rendy Kjaernett, Rachel Natasya ex JKT48, Fhail Firmansyah, Iskandar Andi Patau, Harsya Subandrio, Ayu Siramba, Keyzo Sombolinggi, Maulana Eka Putra, Amel Komba, Suray Parrangan, Gabriel Alexander, Ince Amira Batrisya"
SOMEBODY,Dewasa,"Mystery, Thriller","Bae Jun-O, Lee Kang-Il, Yoon Hye-Jin","Kim Yeo-Jung, Lee Jung-Chan","Kim Yeo-Jung, Lee Jung-Chan","Kwak Sun-Young, Kwon Yuri, Lee Seol, Ki So-Yu, Shin Dong-Mi, Heo Jung-Do, Gil Hae-Yeon"
SORE ISTRI DARI MASA DEPAN,Remaja,Drama,Suryana Paramita,Yandy Laurens,Yandy Laurens,"Sheila Dara, Dion Wiyoko, Mathias Muchus, Maya Hasan"
SOSOK KETIGA: LINTRIK,Dewasa,Horror,Agung Saputra,Fajar Nugros,Fidya T Ariestya,"Adinda Thomas, Aulia Sarah, Wafda Saifan, Atiqah Hasiholan, Nugie, Adzwa Aurel, Alifah Lubis, Saputra Kori, Kukuh Prasetyo Kudamai, King Radja Nasution, Iris, Benedictus Siregar, Dilan Janiyar"
STOLEN GIRL,Remaja,"Thriller, Drama, Action","Monika Bacardi, Andrea Iervolino, Scott Lambert",James Kent,"Kas Graham, Rebecca Pollock","Kate Beckinsale, Scott Eastwood, Matt Craven, Paten Hughes, Ana Golja, Arvin Kananian, Talia Asseraf, Jordan Duvigneau, Robert Farrior, Maddalena Vallecchi Williams, Alejandra Howard"
STRAY KIDS: THE DOMINATE EXPERIENCE,Remaja,"Music, Documentary","Farah Khalid, Ross Putman, Vaughn Trudeau, Cari Waterbury","Paul Dugdale, Farah Khalid",-,Stray Kids
SUKA DUKA TAWA,Remaja,"Drama, Comedy, Family","Tersi Eva Ranti, Ajish Dibyo",Aco Tenriyagelli,Indriani Agustina,"Rachel Amanda, Teuku Rifnu Wikana, Marissa Anita, Myesha Lin, Bintang Emon, Enzy Storia, Arif Brata, Gilang Bhaskara, Nazira C. Noer, Mang Saswi, Abdel Achrian"
SUKMA,Remaja,Horror,"David Wong, Baim Wong",Baim Wong,"Ratih Kumala, Baim Wong","Luna Maya, Christine Hakim, Fedi Nuril, Oka Antara, Anna Jobling, Kimberly Ryder, Asri Welas, Krishna Keitaro, Dazelin Rey, Kiano Tiger Wong, Kenzo Eldrago Wong, Amanda Soekasah, Giovani Tobing "
SUNNY SANSKARI KI TULSI KUMARI,Remaja,"Romance, Comedy",Karan Johar,Shashank Khaitan,Shashank Khaitan,"Varun Dhawan, Janhvi Kapoor, Sanya Malhotra, Rohit Saraf"
SUPERMAN,Remaja,"Action, Fantasy, Superhero","James Gunn, Peter Safran",James Gunn,James Gunn,"David Corenswet, Rachel Brosnahan, Nicholas Hoult, Edi Gathegi, Anthony Carrigan, Nathan Fillion, Isabela Merced, Skyler Gisondo, Sara Sampaio"
SUZZANNA: SANTET DOSA DI ATAS DOSA,Dewasa,Horror,Sunil Soraya,Azhar Kinoi Lubis,"Jujur Prananto, Ferry Lesmana, Sunil Soraya","Luna Maya, Reza Rahadian, Clift Sangra, Iwa K, Andy /RIF, Adi Bing Slamet, Ence Bagus, Azis Gagap, Nai Djenar Maisa Ayu, Nunung, El Manik, Budi Bima, Yati Surachman"
SYIRIK (DANYANG LAUT SELATAN),Dewasa,"Horror, Drama",Chandir Bhagwandas,Hestu Saputra,Hestu Saputra,"Teuku Rassya, Richelle Skornicki, Kinaryosih, Nikita Mirzani, Donny Alamsyah, Totos Rasiti"
TABAYYUN,Remaja,Drama,"Ronny Irawan, Nafa Urbach",Key Mangunsong,"Titien Wattimena, Ummu Amalia Misbah, Key Mangunsong","Titi Kamal, Ibrahim Risyad, Naysilla Mirdad, Farrell Rafisqy, Jenny Rachman"
TAJ MAHAL: AN ETERNAL LOVE STORY,Dewasa,"Drama, Romance, History","Pen Densham, Akbar Khan, Neil Kaplan, John Watson",Akbar Khan,Akbar Khan,"Kabir Bedi, Zulfi Sayed, Sonya Jehan, Manisha Koirala, Pooja Batra, Arbaaz Ali Khan, Kim Sharma, Vaquar Sheikh, Arbaaz Khan"
TAK INGIN USAI DI SINI,Remaja,"Drama, Romance",Robert Ronny,Robert Ronny,Robert Ronny,"Vanesha Prescilla, Bryan Domani, Rayn Wijaya, Davina Karamoy, Jinan Safa, Indian Akbar, Asha Assuncao, Anya Zen, Tanta Ginting, Rukman Rosadi, Rossa"
TAK KENAL MAKA TAARUF,Remaja,"Romance, Religi","Dedy Suherman, Wahyudi, Mohamad Salim, Mim Yudiarto",Toma Margens,"Whida Rositama, Toma Margens ","Fadi Alaydrus, Saskia Chadwick, Dinda Mahira, Shandy William, Ika Diharjo, Ina Marika, Kheyla Afzah, Avit Arie, Ghina Nisa Salsabiela, Maghara Adipura, Cahya Arunagara, Tania Anjani"
TANEUH KALAKNAT,Remaja,Horror,"Fransen Susanto, Risa Risfiandi, Qori Lestari",Gierendy,"Dilla Bondan, Stanley Muelen","Adinda Thomas, Nagra Kautsar, Annette Edoarda, Halilintar Syumanjaya, Aga Dirgantara, Rizky Mochil, Egi Fedli, Jerry Likumahwa"
TEGAR,Semua Umur,Drama,"Chandra Sembiring, Yudi Datau",Anggi Frisca,"Anggi Frisca, Alim Sudio","Muhammad Aldifi Tegar Rajasa as Tegar, Deddy Mizwar as , Sha Ine Febriyanti as , M. Adhiyat as , Jamaluddin Latif as , Joanita Chatarine as , Anton JC as "
TEMAN TEGAR MAIRA,Semua Umur,"Drama, Family","Chandra Sembiring, Yudi Datau",Anggi Frisca,Anggi Frisca,"M. Aldifi Tegarajasa, Elisabet Sisauta, Joan Wakum"
TENUNG BY RISA SARASWATI & DIMASTA,Remaja,Horror,Manoj Punjabi,Rizal Mantovani,"Alim Sudio, Widi Lestari","Aisyah Aqilah, Seroja Hafiedz, Emir Mahira, Sonia Alyssa, Humaira Jahra, Roby  Tremonti, Andi Bersama, Anya Zen"
TERE ISHK MEIN,Remaja,"Action, Romance","Bhushan Kumar, Krishan Kumar, Aanand L. Rai, Himanshu Sharma",Aanand L Rai,Himanshu Sharma,"Dhanush, Sushil Dahiya, Kriti Sharon, Maahir Mohiuddin, Prakash Raj"
THAMMA,Dewasa,"Comedy, Horror, Romance","Dinesh Vijan, Amar Kaushik",Aditya Sarpodar,"Niren Bhatt, Arun Fulara, Suresh Mathew","Ayushmann Khurrana, Rashmika Mandanna, Nawazuddin Siddiqui, Paresh Rawal, Aparshakti Khurana, Vinay Pathak, Sapthami Gowda, Varun Dhawan"
THARAE: THE EXORCIST,Dewasa,"Suspense, Action, Horror","Somsak Techarattanaprasert, Tuenjai Techarattanaprasert, Jatusom Techarattanaprasert",Taweetwat Wantha,"Worawit Chaiwongkot, Polsan Busabarti, Taweewat Wantha","Jirayu Tangsrisuk, Peerawit Attachitsathaporn, Thanes Warakulnokroh, Nichapat Chatchaipolrat, Sawanee Nawinthananchai, Ong-art Jeamcharoenpornkul"
THE ACCOUNTANT 2,Dewasa,"Crime, Drama","Lynette Howell Taylor, Mark Williams, Ben Affleck",Gavin O’Connor,Bill Dubuque,"Ben Affleck, Jon Bernthal, Cynthia Addai-Robinson and J.K. Simmons, Daniella Pineda, Allison Robertson"
THE AMATEUR,Remaja,"Thriller, Action","Hutch Parker, Dan Wilson, Rami Malek, Joel B. Michaels",James Hawes,"Robert Littell, Ken Nolan, Gary Spinelli","Rami Malek, Julianne Nicholson, Laurence Fishburne, Jon Bernthal, Rachel Brosnahan, Holt McCallany, Caitriona Balfe, Marc Rissmann, Joseph Millson"
THE BAD GUYS 2,Semua Umur,Animation,Damon Ross,Pierre Perifel,Aaron Blabey,"Sam Rockwell, Marc Maron, Craig Robinson, Anthony Ramos, Awkwafina, Zazie Beetz, Richard Ayoade, Lilly Singh, Alex Borstein"
THE BRIDE!,Dewasa,"Gothic, Thriller","Maggie Gyllenhaal, Emma Tillinger Koskoff, Talia Kleinhendler, Osnat Handelsman Keren",Maggie Gyllenhaal,Maggie Gyllenhaal,"Jessie Buckley, Christian Bale, Peter Sarsgaard, Annette Bening, Jake Gyllenhaal, Penelope Cruz"
THE CARPENTERS SON,Dewasa,Horror,"Nicolas Cage, Alex Hughes, Eugene Kotlyarenko",Lotfy Nathan,Lotfy Nathan,"Nicolas Cage, Noah Jupe, FKA twigs, Isla Johnston, Souheila Yacoub"
THE CONJURING 2 (REISSUE),Dewasa,"Horror, Thriller","Rob Cowan, Peter Safran ",James Wan,"Chad Hayes, Carey W. Hayes, James Wan, David Leslie Johnson","Vera Farmiga, Patrick Wilson, Madison Wolfe, Frances O'Connor, Lauren Esposito, Benjamin Haigh, Patrick McAuley, Simon McBurney, Maria Doyle Kennedy, Simon Delaney"
THE CONJURING: LAST RITES,Dewasa,"Mystery, Horror, Thriller","James Wan, Peter Safran",Michael Chaves,"Ian Goldberg, Richard Naing, David Leslie Johnson-McGoldrick","Vera Farmiga, Patrick Wilson, Mia Tomlinson, Ben Hardy Steve Coulter, Rebecca Calder, Elliot Cowan, Kíla Lord Cassidy, Beau Gadsdon, John Brotherton, Shannon Kook"
THE CONJURING (REISSUE),Dewasa,Horror,"Rob Cowan, Peter Safran, Tony DeRosa-Grund",James Wan,"Chad Hayes, Carey W. Hayes","Patrick Wilson, Vera Farmiga, Lili Taylor, Ron Livingston, Shanley Caswell, Hayley McFarland, Joey King, Mackenzie Foy"
THE CONJURING: THE DEVIL MADE ME DO IT (REISSUE),Dewasa,"Mystery, Horror, Thriller","James Wan, Peter Safran",Michael Chaves,David Leslie Johnson-McGoldrick,"Patrick Wilson, Vera Farmiga, Ruairi O'Connor, Sarah Catherine Hook,  Julian Hilliard, John Noble, Eugenie Bondurant, Shannon Kook, Steve Coulter,  Vince Pisani, Sterling Jerins"
THE CURSED,Dewasa,Horror,Lee Jung Se,Hong Won-ki,Yoo Young-seon,"Moon Chae-won, You Chea-myung, Seo Young-hee, Won Hyun-jun, Solar, Cha Sun-woo, Sumin, Seo Ji-soo, Son Ju-yeon"
THE DARK HOUSE,Dewasa,"Horror, Thriller",Maria Angelina Sauyana,Hans Wanaghi ,Benjamin Ausie,"Ade Bilal Perdana, Karina Ranau, Theo Culver, Delia Alena, Roy Turaekan"
THE FANTASTIC FOUR: FIRST STEPS,Remaja,Superhero,Kevin Feige,Matt Shakman,Peter Cameron,"Pedro Pascal, Vanessa Kirby, Joseph Quinn, Ebon Moss-Bachrach, Ralph Ineson, Julia Garner"
THE FIRST RIDE,Remaja,"Adventure, Comedy","CHANG Sung-wook, KIM Tae-ho",NAM Dae-joong,NAM Dae-joong,"KANG Ha-neul, KIM Young-kwang, CHA Eun-woo, KANG Young-suk, HAN Seon-hwa"
THE HOSTAGE'S HERO,Remaja,"Drama, Action","Irza Ifdial, Syahrial Hutasuhut",Revo S Rurut,"Revo S Rurut, DISJARAHAL","Donny Alamsyah, Rifky Balweel, Robert Chaniago, Aditya Herpavi, Choky Sitohang, Asri Welas, Bang Tigor, Ina Vadia, Ritassya Wellgreat, Nenneu Anggraini"
THE HOUSEMAID,Dewasa,Thriller,"Carly Kleinbart, Paul Feig, Todd Lieberman",Paul Feig,"Rebecca Sonnenshine, Freida McFadden","Sydney Sweeney, Amanda Seyfried, Brandon Sklenar, Michele Morrone, Ellen Tamaki, Megan Ferguson, Brian D. Cohen, Indiana Elle, Amanda Joy Erickson"
THE KING OF KINGS,Semua Umur,Animation,Woo-hyung Kim,Seong-Ho Jang,"Seong-Ho Jang, Hoseok Sung","Kenneth Branagh, Uma Thurman, Mark Hamill, Pierce Brosnan, Roman Griffin Davis, Forest Whitaker, Ben Kingsley, Oscar Isaac"
THE LAST SUPPER,Remaja,"Drama, History","Khadija Alami, Chaz Rainey",Mauro Borreli,"Mauro Borreli, John Collins","Robbert Knepper, Jamie Ward, James Faulkner, James Oliver Wheatley, Nathalie Rapti "
THE LONG WALK,Dewasa,Thriller,"Roy Lee, Steven Schneider, Francis Lawrence, Cameron MacConomy",Francis Lawrence,"JT Mollner, Stephen King","Cooper Hoffman, David Jonsson, Garrett Wareing, Tut Nyuot, Charlie Plummer, Ben Wang, Roman Griffin Davis, Jordan Gonzalez, Joshua Odjick, Josh Hamilton, Judy Greer, Mark Hamill"
THE NAKED GUN,Dewasa,"Crime, Comedy, Action","Erica Huggins, Seth MacFarlane",Akiva Schaffer,"Dan Gregor, Doug Mand, Akiva Schaffer","Liam Neeson, Paul Walter Hauser, Pamela Anderson, Kevin Durand, Liza Koshy, Danny Huston, Cody Rhodes, Michael Bisping, Busta Rhymes"
THE PHOENICIAN SCHEME,Remaja,"Crime, Drama","Wes Anderson, Jeremy Dawson, John Peet, Steven Rales",Wes Anderson,"Wes Anderson, Roman Coppola","Benicio Del Toro, Mia Threapleton, Michael Cera, Riz Ahmed, Tom Hanks, Bryan Cranston, Scarlett Johansson, Benedict Cumberbatch, Rupert Friend, Hope Davis, Bill Murray, Willem Dafoe"
THE RED ENVELOPE,Dewasa 21,Comedy,Banjong Pisanthanakun,Chayanop Boonprakob,"Chayanop Boonprakob, Thamsatid Charoenrittichai","Billkin Putthipong, PP Krit, Arachaporn Pokinpakorn, Piyamas Monyakul, Teravat Anuvatudom"
THE RITUAL,Remaja,Horror,"Ross Kagan Marks, Enrico Natale, Andrew Stevens, Mitchell Welch",David Midell,"David Midell, Enrico Natale","Al Pacino, Dan Stevens, Ashley Greene, Abigail Cowen, Patrick Fabian, Patricia Heaton, Maria Camila Giraldo, Meadow Williams, Enrico Natale, Ritchie Montgomery"
THE RUNNING MAN,Dewasa,"Action, Thriller","Simon Kinberg, Nira Park, Nira Park",Edgar Wright,"Edgar Wright, Michael Bacall","Glen Powell, Josh Brolin, Michael Cera, Colman Domingo, Lee Pace, Jayme Lawson, William H. Macy, Emilia Jones, David Zayas"
THE SHADOWS EDGE,Dewasa,"Crime, Action",Victoria Hon,Larry Yang,Larry Yang,"Jackie Chan, Zhang Zifeng, Tony Leung, Ci Sha, Jun, Zhenwei Wang, Wen Junhui"
THE SMASHING MACHINE,Remaja,"Sport, Action, Thriller","Benny Safdie, Dwayne Johnson, David Koplan",Benny Safdie,Benny Safdie,"Dwayne Johnson, Emily Blunt, Lyndsey Gavin, Ryan Bader, Bas Rutten, Zoe Kosovic, Oleksandr Usyk, Paul Lazenby, James Moontasri"
THE SNITCH,Dewasa 21,"Crime, Action",Kim Won-Kuk,Hwang Byeong-Gug,"Kim Hyo-Seok, Hwang Byeong-Gug, Yoon Soon-Yong","Kang Ha-Neul, Park Hae-Joon, Yoo Hai- Jin"
THE SPONGEBOB MOVIE: SEARCH FOR SQUAREPANTS,Semua Umur,"Animation, Adventure","Pam Brady, Aaron Dem, Lisa Stewart",Derek Drymon,"Pam Brady, Matt Lieberman","Tom Kenny, Bill Fagerbakke, Rodger Bumpass, Clancy Brown, Carolyn Lawrence, Mr. Lawrence, George Lopez, Ice Spice"
THE STRANGERS: CHAPTER 2,Dewasa,Thriller,"Courtney Solomon, Mark Canton, Christopher Milburn, Gary Raskin, Alastair Burlingham, Charlie Dombek",Renny Harlin,"Alan R. Cohen, Alan Freedland","Madelaine Petsch, Gabriel Basso, Ema Horvath, Richard Brake, Rachel Shenton, Froy Gutierrez, JR Esposito, Florian Clare"
THE STRANGERS: CHAPTER 3,Dewasa,Thriller,"Alastair Burlingham, Charlie Dombek, Christopher Milburn",Renny Harlin,"Alan R. Cohen, Alan Freedland","Madelaine Petsch, Richard Brake, Rachel Shenton, Kyle Breitkopf, George Young, Ema Horvath, Froy Gutierrez, Gabriel Basso"
THE SUN GAZER: CINTA DARI LANGIT,Remaja,"Romance, Drama, Religi","Ady Widyarta, Imam T Saptono",Jastis Arimba,"Jastis Arimba, Hayati Ayatillah, Moriza Prananda","Revalina S Temat, Ratu Anandita, Mario Irwinsyah, Tegar Satya, Dewi Yull, Ninik L Karim, Adhin Abdul Hakim, Miqdad Adausy"
THE SUPER MARIO GALAXY MOVIE,Semua Umur,Animation,"Christopher Meledandri, Shigeru Miyamoto","Aaron Horvath, Michael Jelenic",Matthew Fogel,"Chris Pratt, Anya Taylor-Joy, Charlie Day, Jack Black, Benny Safdie, Keegan-Michael Key, Brie Larson, Kevin Michael Richardson"
THE TOXIC AVENGER,Dewasa,"Action, Sci-Fi","Alex Garcia, Michael Herz, Lloyd Kaufman, Mary Parent",Macon Blair,Macon Blair,"Peter Dinklage, Jacob Tremblay, Taylour Paige, Julia Davis, Jonny Coyne, Elijah Wood, Kevin Bacon, David Yow, Sarah Niles"
THE UGLY,Remaja,"Drama, Crime",Yang Yoomin Hailey,Yeon Sang-ho,Yeon Sang-ho,"Park Jeong-min, Kwon Hae-hyo, Shin Hyun-been, Im Seong-jae, Han Ji-Hyun"
THEY WILL KILL YOU,Dewasa,"Action, Horror, Comedy","Andy Muschietti, Barbara Muschietti, Dan Kagan",Kirill Sokolov,"Kirill Sokolov, Alex Litvak","Zazie Beetz, Myha’la, Paterson Joseph, Tom Felton, Heather Graham, Patricia Arquette"
THUNDERBOLTS*,Remaja,"Action, Superhero",Kevin Feige,Jake Schreier,"Kurt Busiek, Joanna Calo, Lee Sung Jin, Eric Pearson","Florence Pugh, Sebastian Stan, Olga Kurylenko, David Harbour, Lewis Pullman, Hannah John-Kamen, Wyatt Russell, Geraldine Viswanathan, Julia Louis-Dreyfus, Chris Bauer, Joshua Mikel"
TIBA TIBA SETAN,Remaja,"Comedy, Horror","Sridhar Jetty, Jimmy Lalwani",Etienne Caesar," Rebecca M. Bath, Ridho Brado","Oki Rengga, Lolox, Ratu Felisha, Tanta Ginting, Poppy Sovia, Reza  Nangin, Amara Angelica, Shahabi Sakri, Naura Hakim"
TIMUR,Dewasa,"Drama, Action",Ryan Santoso,Iko Uwais,"Titien Wattimena, Samuel Rustandi","Iko Uwais, Aufa Assagaf, Jimmy Kobugau, Yasamin Jasem, Yusuf Mahardika, Billy Bizael Tanasale, Beyon Destiano, Stefan William, Amara Angelica, Arnold Kobogau, Macho Hungan, Adhin Abdul Hakim"
TINGGAL MENINGGAL,Remaja,Drama,"Ernest Prakasa, Dipa Andika",Kristo Immanuel,"Kristo Immanuel, Jessica Tjiu","Omara Esteghlal, Nirina Zubir, Muhadkly Acho, Mawar de Jongh, Ardit Erwandha, Shindy Huang, Mario Caesar, Nada Novia, Jared Ali, Gilbert Pattiruhu"
TIN SOLDIER,Dewasa,"Action, Thriller","Keith Kjarval, Steven Chasman, Brad Feinstein",Brad Furman,"Brad Furman, Jess Fuerst, Pablo Fenjves","Jamie Foxx, Robert De Niro, Scott Eastwood, Nora Arnezeder, Joey Bicicchi, Rita Ora, John Leguizamo, Shamier Anderson"
TITIP BUNDA DI SURGA-MU,Remaja,Drama,"U S Utama, Dono Indarto",Hanny R. Saputra,"Dono Indarto, Zora Vidyanata","Meriam Bellina, Ikang Fawzi, Acha Septriasa, Kevin Julio, Abun Sungkar, Zora Vidyanata, Natalie Zenn, Arfan Afif, Chiki Fawzi, Asri Welas"
TOLONG SAYA! (DOWAJUSEYO),Remaja,"Drama, Horror",Erick Teguh Mulyono,"Nur Muhammad Taufik, Sjahfasyat Bianca",Nucke Rahma,"Saskia Chadwick, Cinta Brian, Kim Geba, Kim Seoyoung, Aruma Khadijah, Dito Darmawan, William Roberts, Husein Alatas, Debby Sahertian, Yati Surachman"
TRON: ARES,Remaja,"Action, Sci-Fi","Sean Bailey, Jared Leto, Justin Springer, Jeffrey Silver",Joachim Ronning,Jesse Wigutow,"Jared Leto, Greta Lee, Evan Peters, Evan Peters, Gillian Anderson, Jeff Bridges, Jodie Turner-Smith, Hasan Minhaj, Cameron Monaghan, Arturo Castro"
"TUHAN, BENARKAH KAU MENDENGARKU?",Remaja,"Drama, Religi","Robert Ronny, Prima Taufik",Jay Sukmo,Utiuts,"Revalina S. Temat, Gunawan Sudrajat, Megan Domani, Annisa Kaila"
TUKAR TAKDIR,Remaja,Drama,"Chand Parwez Servia, Riza, Rama Adi, Mithu Nisar",Mouly Surya,Mouly Surya,"Nicholas Saputra, Marsha Timothy, Adhisty Zara, Meriam Bellina, Marcella Zalianty, Teddy Syach, Roy Sungkono, Ariyo Wahab, Revalkdo, Hannah Al Rashid, Ayez Kassar, Devi Permatasari, Ringgo Agus Rahman, Bagus Ade Saputra"
TUMBAL DARAH,Dewasa,Horror,"Linda Gozali, Salman Aristo",Charles Gozali,"Arief Ash Shiddiq, Charles Gozali","Marthino Lio, Sallum Ratu Ke, Donny Alamsyah, Agla Artalidia, Aksara Dena, Rania Putrisari, Epy Kusnandar, Salsabila Zahra, Rowiena Umboh"
TU MERI MAIN TERA MAIN TERA TU MERI,Dewasa,"Comedy, Romance","Kishor Arora, Karan Johar, Shareen Mantri Kedia",Sameer Vidwans,Karan Shrikant Sharma,"Kartik Aaryan, Ananya Panday, Arjan Panwar, Neena Gupta, Jackie Shroff, Mahima Chaudhry, Tiku Talsania"
TUNGGU AKU SUKSES NANTI,Remaja,"Drama, Family",Gope T. Samtani,Naya Anindita,Evelyn Afnilia,"Ardit Erwandha, Lulu Tobing, Ariyo Wahab, Adzana Ashel, Sarah Sechan, Maudy Effrosina, Reza Chandika, Fita Anggriani, Afgansyah Reza"
TWENTY ONE PILOTS: MORE THAN WE EVER IMAGINED,,"Music, Documentary","Nathan Bielski, Devin Dehaven, Aldo Ballesteros Osorio, Chris Woltman",Mark C. Eshleman,-,"Josh Dun, Tyler Joseph"
UANG PASSOLO,Remaja,Drama,"Nicki RV, Mohit NV",Andi Burhamzah,Chairul Rijal Juanda,"Imran Ismail, Mashita Asapa, Tuming, Abu, Jadhe Thamrin, Adhi Basto, Khalifah Intania, Sukri Basto"
ULTRAMAN ARC THE MOVIE: THE CLASH OF LIGHT AND EVIL,Remaja,Sci-Fi,Yusuke Okamoto,"Yuki Totsuka, Sho Kaneta, Kaho Mizutani",Jun Tsugita,"Yuki Totsuka, Sho Kaneta, Kaho Mizutani"
UNEXPECTED FAMILY,Remaja,"Comedy, Drama","Wu Yifeng, Han Sanping",Li Taiyan,Li Taiyan,"Jackie Chan, Peng Yuchang, Zhang Jianing, Pan Binlong, Li Ping"
UNTIL DAWN,Dewasa,Horror,"Gary Dauberman, Roy Lee, Lotta Losten, David F. Sandberg",David F. Sandberg,"Blair Butler, Gary Dauberman","Ella Rubin, Odessa A'zion, Michael Cimino, Ji-young Yoo, Belmont Cameli, Maia Mitchell, Peter Stormare, Willem van der Vegt"
WAKTU MAGHRIB 2,Dewasa,Horror,Gope T. Samtani,Sidharta Tata,"Khalid Khasogi, Bayu Kurnia, Sidharta Tata","Omar Daniel, Anantya Kirana, Sulthan Hamonangan, Ghazi Alhabsyi, Muzakki Ramdhan, Sadana Agung, Nopek Novian, Bagas Pratama Saputra, Fita Anggriani"
WAR 2,Dewasa,Action,Aditya Chopra,Ayan Mukerji,"Shridhar Raghavan, Abbas Tyrewala","Hrithik Roshan, N.T. Rama Rao Jr, Kiara Advani"
WARFARE,Dewasa,"War, Action","Andrew Macdonald, Matthew Penry-Davey","Alex Garland, Ray Mendoza","Alex Garland, Ray Mendoza","Joseph Quinn, Will Poulter, D'Pharaoh Woon-A-Tai, Cosmo Jarvis, Aaron Mackenzie, Alex Brockdorff, Finn Bennett, Evan Holtzman, Michael Gandolfini, Joe Macaulay, Laurie Duncan"
WARKOP DKI KARTUN,Semua Umur,"Drama, Comedy, Animation",Frederica,"Rako Prijanto, Daryl Wilson","Theo Arnoldy, Aji Aditya, Fahmie Yanardi  David Hutauruk, Teny Indah Susanti","Dono, Kasino, Indro, Indro Warkop, Jaja Miharja, Mandra, Cut Beby Tsabina "
WARU,Dewasa,Horror,Aji Fauzi,Chiska Doppert,Ery Sofid,"Bella Graceva, Zikri Daulay, Jinan Safa, Yatti Surachman, Josiah Hogan, Sharifah Husna, Dewi Amanda, Sean Mikhail"
WARUNG POCONG,Remaja,"Horror, Comedy",Eko Supriyanto,Bendolt,"Richyana, Evely Afnilia","Fajar Nugra, Sadana Agung, Randhika Jamil, Teuku Rifnu Wikana, Shareefa Daanish, Kiki Narendra, Arla Ailani, Whani Darmawan, Lala Choo, Julian Kunto"
WASIAT WARISAN,Remaja,Drama,Agustinus Sitorus,Agustinus Sitorus,"Agustinus Sitorus, Ridho Brado","Derby Romero, Astrid Tiar, Sarah Sechan, Rita Matu Mona, Hamka Siregar, Femila Sinukaban, Jenda Munthe, Vito Sinaga, Oppung Medan, Jemimah Cita, Dorman Manik, Dharty Manullang"
WEAPONS,Dewasa,"Horror, Thriller, Mystery","Zach Cregger, Roy Lee, Miri Yoon, J.D. Lifshitz, Raphael Margules",Zach Cregger,Zach Cregger,"Josh Brolin, Julia Garner, Alden Ehrenreich, Austin Abrams, Cary Christopher, Benedict Wong, Amy Madigan"
WE BURY THE DEAD,Dewasa,Thriller,"Ross M. Dinerstein, Mark Fasano, Joshua Harris",Zak Hilditch,Zak Hilditch,"Daisy Ridley, Brenton Thwaites, Mark Coles Smith, Matt Whelan, Kym Jackson, Holly Hargreaves, Deanna Cooney, Elijah Williams, Chloe Hurst"
"WE, EVERYDAY",Remaja,"Drama, Romance",Kim Nook,Kim Min-Jae,Gae Da Rae,"Kim Sae-Ron, Lee Chae-Min, Ryu Eui-Hyun, Choi Yu-Ju"
WHISTLE,Dewasa,Horror,"Whitney Brown, David Gross, Macdara Kelleher",Corin Hardy,Owen Egerton,"Dafne Keen, Sophie Nelisse, Sky Yang, Jhaleil Swaby, Percy Hynes White, Nick Frost, Alissa Skovbye, Michelle Fairley"
WICKED,Semua Umur,"Fantasy, Musical","Marc Platt, David Stone",Jon M. Chu,"Winnie Holzman, Gregory Maguire, Stephen Schwartz, Winnie Holzman, Dana Fox, Stephen Schwartz","Cynthia Erivo, Ariana Grande, Jonathan Bailey, Marissa Bode, Ethan Slater, Michelle Yeoh, Jeff Goldblum, Keala Settle, Bronwyn James, Bowen Yang"
WICKED: FOR GOOD,Remaja,Fantasy,"Marc Platt, David Stone",Jon M. Chu,"Winnie Holzman, Dana Fox","Cynthia Erivo, Ariana Grande, Jonathan Bailey, Ethan Slater, Marissa Bode, Michelle Yeoh, Jeff Goldblum, Peter Dinklage"
WILDCAT,Dewasa,Action,"James Harris, Mark Lane",James Nunn,Dominic Burns,"Kate Beckinsale, Alice Krige, Lewis Tan, Charles Dance, Tom Bennett, Rasmus Hardiker, Edmund Kingsley, Roxy Striar"
WUTHERING HEIGHTS,Dewasa,"Romance, Drama","Emerald Fennell, Josey McNamara, Margot Robbie",Emerald Fennell,"Emerald Fennell, Emily Bronte","Margot Robbie, Jacob Elordi, Hong Chau, Shazad Latif, Alison Oliver, Martin Clunes, Ewan Mitchell"
YAKIN NIKAH,Remaja,"Drama, Romance","Shierly Kosasih, Ervina Isleyen",Pritagita Arianegara,"Bene Dion Rajagukguk, Sigit Sulistyo, Erwin Wu","Enzy Storia, Maxime Bouttier, Jourdy Pranata, Amanda Rigby, Tora Sudiro, Ersa Mayori, Agnes Naomi, Lukman Sardi, Arya Vasco, Nadine Emanuella, Izabel Jahja, Mike Lucock, Jerome Kurnia, Indian Akbar, Agung Karmalogy, Tubagus Ali, Dul Jaelani, Tissa Biani"
YOU ARE THE APPLE OF MY EYE,Remaja,"Drama, Romance",Song Dae-chan,Cho Young-myoung,"Giddens Ko, Cho Young-myoung","Jung Jin-young, Kim Da-hyun, Demian, Kim Yo-han, Lee Min-goo, Lee Seung-jun, Kim Min-ju"
YOUR LETTER,Semua Umur,Animation,-,Kim Yong-hwan,Jeong Eun-kyeong,"Lee Suhyun, Kim Min-ju, Min Seung-woo, Nam Doh-Hyeong"
ZOOTOPIA 2,Semua Umur,"Animation, Adventure",Yvett Merino,"Jared Bush, Byron Howard",Jared Bush,"Jason Bateman, Ginnifer Goodwin, Ke Huy Quan, Fortune Feimster, Andy Samberg, Idris Elba, Shakira, Nate Torrence, Maurice LaMarche, Alan Tudyk"
