period,cinema_ids,city_name,n,median_tix
train,716ede53fbca27fbe1c1a55d6667c2b5,CIKARANG,10,2.0
train,ef2896a95abe2a2b4cfee245dc1e36ec,CIKARANG,10,2.5
test_history,716ede53fbca27fbe1c1a55d6667c2b5,CIKARANG,9,2.0
test_history,ab66df99207da01f3e300ef0163a1d2e,BOGOR,9,2.0
test_history,a6d19ebcb27f61cbf41a6552fbf68676,SIDOARJO,8,1.0
train,8dbfb7aeb4ed822b358347332ba630af,JAKARTA,7,2.0
train,6b88b1af662b72fbfa35004a8edfe2e9,DEPOK,6,1.0
test_history,8188326fb0a403be03ea632997c8a959,GORONTALO,6,1.0
test_history,b4972b48997defae8304bc9c41220c7c,BEKASI,6,1.0
test_history,a9e141baa8b4ec825325397b16eeaae3,BOGOR,6,1.5
train,d1918db937d26e9e4ccd3e17e1ff0e2d,SUMEDANG,6,1.0
train,25e1c125bdd513aa2355a8e558a1a908,KEDIRI,5,1.0
train,4eb26b1058266dc50a63dc875e4d8846,MATARAM,5,12.0
train,da96492ebd43c4a193238d6c3205cc40,PEKANBARU,5,31.0
test_history,ef2896a95abe2a2b4cfee245dc1e36ec,CIKARANG,5,1.0
train,108f9a4d181f12fd1b7e3c9adae38478,TANGERANG,5,4.0
test_history,494c8f1916a97efe3390ba9dbab6ce7d,LAMPUNG,5,1.0
train,494c8f1916a97efe3390ba9dbab6ce7d,LAMPUNG,4,44.0
test_history,52eed153a88a6bdcb46cbb266a07cba2,TANGERANG,4,2.0
test_history,19f506af810fe579721721d058f6b243,MEDAN,4,2.0
test_history,3f6093566521149f8e37fa4e3fafe7cc,PADANG,4,1.0
test_history,4e12b237c826209f7ddc5b29a96380b6,BEKASI,4,1.5
test_history,7114d91eccf418326f7a9a05943c04e1,JAMBI,4,1.5
test_history,541130ea8083a789df5d15bbfe13055a,MAKASSAR,4,1.0
test_history,be8de71502987819afd4c2ceea71c539,GRESIK,4,1.0
train,8188326fb0a403be03ea632997c8a959,GORONTALO,4,1.5
test_history,efe899b321b96d852776427476f14a06,YOGYAKARTA,4,1.5
test_history,cb2a49a747f8989ee0356ec7ac354177,BENGKULU,4,1.0
train,3c41b96b56b0aab1ed5fc5e703499730,BALIKPAPAN,4,17.5
train,3f6093566521149f8e37fa4e3fafe7cc,PADANG,4,42.5
train,4ba87a86e02dd8a810032db35bf13c51,BENGKULU,4,5.0
train,580919d632e55fd9736ae1a2ac6ed0c5,BATAM,4,1.0
train,a616a546264044ed616bc2bdf2d9f7fc,YOGYAKARTA,4,4.5
train,5a894958f375392ce7981be2eb9a26be,JEMBER,4,5.0
train,7cade3ea25dae25fdb8c56776676b0c7,CILEGON,4,2.5
train,e67d818ee0546f3b33d0ba2083ed4db5,BEKASI,4,4.0
train,c48b7a4426e8cbee3f7dbfe8b87d1d89,PEKALONGAN,4,1.0
train,4fc3fc370b299876663c7d5c90595853,BANJARMASIN,4,2.0
train,541130ea8083a789df5d15bbfe13055a,MAKASSAR,4,57.0
test_history,b704e8b10f13e14494b5a7a0ba39d9d9,JAKARTA,3,2.0
test_history,c4a19cbeb409639c836e4304976db0aa,BANDUNG,3,1.0
test_history,015555fbcd8faef6b55a854605df0a87,SURABAYA,3,1.0
test_history,3acdf298dab1b92bbaaad74d86c0c40a,SEMARANG,3,1.0
test_history,4a4c71e99772e87c9e35a56acd8be21e,TERNATE,3,1.0
test_history,7cade3ea25dae25fdb8c56776676b0c7,CILEGON,3,1.0
test_history,862442166e956fe0e8355db8852d9440,TANGERANG,3,4.0
test_history,9158e16be84a6db4d63d3289099f119b,JAYAPURA,3,1.0
test_history,6b88b1af662b72fbfa35004a8edfe2e9,DEPOK,3,2.0
test_history,26d1d720bc7e60c1b1a56630e3ba2c5d,GARUT,3,2.0
test_history,218c50fa4df90b3241e39ff8ffb41102,SOLO,3,1.0
test_history,15c7dc37db27dd76f38cc419107f7c48,KARAWANG,3,1.0
test_history,0191582d75f94a412c0fa12d36bcee3f,SURABAYA,3,3.0
test_history,312cd6ebdd3af9ac55f7b3d31ecab9c2,BOGOR,3,3.0
train,17e1e7da761f72bbb4e039ba08cc0ba0,SEMARANG,3,1.0
test_history,fbaf4d5f0c18dc603a21aef31da59ee6,SAMARINDA,3,1.0
train,4a4c71e99772e87c9e35a56acd8be21e,TERNATE,3,1.0
test_history,f3a9ac312f7bc4e2467a1bf02a6aa1e9,LAMPUNG,3,1.0
test_history,f3432c52947b6412b4973fa6bf23d666,TUBAN,3,1.0
train,3acdf298dab1b92bbaaad74d86c0c40a,SEMARANG,3,81.0
train,2318d3c719302ff137eb1b53fb32f0c8,KARAWANG,3,1.0
train,2e0ec493a87e740511b7b565386c06fe,SORONG,3,32.0
train,29fc89ab155e9f202326046c2e0023bb,MAKASSAR,3,137.0
train,5b8eaa351fae8e6d1e759e814d74c1c5,MEDAN,3,101.0
train,52eed153a88a6bdcb46cbb266a07cba2,TANGERANG,3,1.0
train,e8965581e1be78ac9a3145b6983ff6ec,SURABAYA,3,10.0
train,f54d37fc4c4d4b285aa3601041abc938,BOGOR,3,1.0
train,ea7df0c99b450ecdea38cf34ae1f158f,KISARAN,3,1.0
train,4e12b237c826209f7ddc5b29a96380b6,BEKASI,3,1.0
train,8750b9ee0b0c6c6afcfcb2a05e60efc0,BANDUNG,3,1.0
train,e3edf631650eb304cf386709b98005f6,DENPASAR,3,1.0
train,a9d508d218799f9dc69bb4aefc122cb3,MANADO,3,115.0
train,b4972b48997defae8304bc9c41220c7c,BEKASI,3,23.0
train,490346a8a068ba7d2e3764714c6d5323,BANDUNG,3,1.0
train,f7734bb329cacfe21ce854ae822b6115,TANJUNG PINANG,2,1.0
train,f3a9ac312f7bc4e2467a1bf02a6aa1e9,LAMPUNG,2,55.0
train,f292a4101ca0420357a2d18b3a013e5f,PALU,2,1.5
train,0191582d75f94a412c0fa12d36bcee3f,SURABAYA,2,64.5
test_history,ecace029de4a6bd4ae872928509cd71d,TASIKMALAYA,2,2.5
test_history,17e1e7da761f72bbb4e039ba08cc0ba0,SEMARANG,2,2.0
test_history,108f9a4d181f12fd1b7e3c9adae38478,TANGERANG,2,1.5
test_history,3cc167017755a0197f18f93595c9ae85,JAMBI,2,1.5
test_history,3c41b96b56b0aab1ed5fc5e703499730,BALIKPAPAN,2,3.0
test_history,4fc3fc370b299876663c7d5c90595853,BANJARMASIN,2,1.0
test_history,29fc89ab155e9f202326046c2e0023bb,MAKASSAR,2,1.0
test_history,25e1c125bdd513aa2355a8e558a1a908,KEDIRI,2,1.0
test_history,62447bb073160adcf6d6022240a3663c,KLATEN,2,1.0
test_history,8750b9ee0b0c6c6afcfcb2a05e60efc0,BANDUNG,2,1.0
test_history,919c7b9859d8ce7cab47dab2463e7fab,MAKASSAR,2,2.5
test_history,26a644178fbdb277dc3c50997f6df7fe,PALEMBANG,2,1.0
test_history,2318d3c719302ff137eb1b53fb32f0c8,KARAWANG,2,1.5
test_history,3afae5dea7356f64f70605334bef46a7,CIANJUR,2,1.0
train,e7ec114c2ec166155149062023617e8b,SAMARINDA,2,51.0
train,be8de71502987819afd4c2ceea71c539,GRESIK,2,53.0
train,b704e8b10f13e14494b5a7a0ba39d9d9,JAKARTA,2,17.0
train,a9e141baa8b4ec825325397b16eeaae3,BOGOR,2,2.0
train,a6d19ebcb27f61cbf41a6552fbf68676,SIDOARJO,2,83.0
train,b2539b1f80254243391774489b1328aa,ROKAN HILIR,2,43.5
train,81c620b2538435926cbbf15745ef5901,MADIUN,2,14.5
train,862442166e956fe0e8355db8852d9440,TANGERANG,2,1.0
train,c877324e95024e707ae23f0aed947e15,SEMARANG,2,8.5
train,4ed104ac0de10ba7eef50158603e0b32,JAKARTA,2,1.0
train,9eb47624e1e418bfac8b4fcc3a44a36b,DENPASAR,2,5.0
train,8d2e05da5624875993cb8580c88334a9,CIREBON,2,63.0
train,592095e0ddc2c230cf3002d72e9bac41,MANOKWARI,2,1.0
test_history,f292a4101ca0420357a2d18b3a013e5f,PALU,2,1.0
test_history,e939d818a5192f48fc4b73102e3aa4b9,PALANGKARAYA,2,1.0
train,a55554e941cb93c23d1522f88fd0d004,DUMAI,2,45.5
train,7c271f1e1351e6433b202d77b88012c2,CIREBON,2,27.0
test_history,c877324e95024e707ae23f0aed947e15,SEMARANG,2,1.0
test_history,da96492ebd43c4a193238d6c3205cc40,PEKANBARU,2,1.0
train,015555fbcd8faef6b55a854605df0a87,SURABAYA,2,92.5
train,0a8777c6c78e2d102bdf459f8550cf93,PANGKAL PINANG,2,18.5
test_history,f7734bb329cacfe21ce854ae822b6115,TANJUNG PINANG,2,1.0
train,3744d5b8753c9cc72700ce7927fa0df3,SIDOARJO,2,1.0
test_history,c35e24eefa840ac2009279f1efc52288,BONTANG,2,2.0
test_history,e8965581e1be78ac9a3145b6983ff6ec,SURABAYA,2,2.0
test_history,dc77e7e26c0e5e3a5c44ec2de0cedbde,DENPASAR,2,1.5
test_history,9d67ea34034038d9a33cf7ac63b7ac65,PEMATANG SIANTAR,2,1.0
test_history,202dbf4df0e433f092fca1aa8162c400,TARAKAN,1,1.0
test_history,0318cab65e5a4dbb61243ab4747fb621,SINGKAWANG,1,1.0
test_history,9aab42397bbc1d1cdb49f7044dc990f0,PALEMBANG,1,1.0
test_history,981569adf232c53afe751c8c660db8d9,BATAM,1,1.0
test_history,88d0ee0029bee810e1d0fe37f73e2d3b,SOLO,1,1.0
test_history,8dbfb7aeb4ed822b358347332ba630af,JAKARTA,1,2.0
test_history,7995e00051a2fe6aeed7cfdbe0378c01,TIMIKA,1,1.0
test_history,81c620b2538435926cbbf15745ef5901,MADIUN,1,2.0
test_history,5b8eaa351fae8e6d1e759e814d74c1c5,MEDAN,1,1.0
test_history,5ff7565cdb056b4bdcb43d0ea2b5380d,KUPANG,1,1.0
test_history,53b77c875c67b68561415f23065e6e8d,PADANG,1,4.0
test_history,45f553cca86b28fedd6115abdd0ae734,KUALA KAPUAS,1,1.0
test_history,490346a8a068ba7d2e3764714c6d5323,BANDUNG,1,1.0
test_history,4eb26b1058266dc50a63dc875e4d8846,MATARAM,1,1.0
test_history,57d37d0d839b9dff6f87d6b5d5b679cc,SOLO,1,1.0
test_history,2df461316312ad73a45a7b7354c24014,MAGELANG,1,1.0
test_history,2e0ec493a87e740511b7b565386c06fe,SORONG,1,1.0
test_history,3744d5b8753c9cc72700ce7927fa0df3,SIDOARJO,1,1.0
test_history,14b63ff2b104903ead7d884f25382e57,MALANG,1,1.0
test_history,1240789770bc04e7d26e5fa31c075ced,MALANG,1,6.0
test_history,0a8777c6c78e2d102bdf459f8550cf93,PANGKAL PINANG,1,1.0
test_history,04a2de432a8901363a05137a8e8de1d2,MAMUJU,1,2.0
test_history,a691dd0d8274fa85ecdc7d5ad6df1628,LAMPUNG,1,1.0
test_history,a616a546264044ed616bc2bdf2d9f7fc,YOGYAKARTA,1,1.0
test_history,a09b9ee7f937939ee25c24ef8c2e91be,BALIKPAPAN,1,1.0
test_history,a9d508d218799f9dc69bb4aefc122cb3,MANADO,1,1.0
test_history,bf33cc26f29bf266a83e35901fa80c9c,AMBON,1,1.0
test_history,afbb3b11f728a54ad1eb3ca34f602779,KENDARI,1,1.0
test_history,da6b584c30e784d15b54ad124a760b19,SAMARINDA,1,1.0
test_history,b2539b1f80254243391774489b1328aa,ROKAN HILIR,1,1.0
test_history,c71a18e33d4b7c73c8124c65fc3e6f1c,MANADO,1,1.0
test_history,d33850e3698903061b4c18886ce00c9d,GARUT,1,2.0
test_history,d297f2f746c4fd2723f3202fafcbfa1a,BONDOWOSO,1,2.0
test_history,ea7df0c99b450ecdea38cf34ae1f158f,KISARAN,1,1.0
train,3cc167017755a0197f18f93595c9ae85,JAMBI,1,74.0
train,45f553cca86b28fedd6115abdd0ae734,KUALA KAPUAS,1,13.0
train,35de0354d956048d1c9c49ff069eaa55,MEDAN,1,11.0
train,312cd6ebdd3af9ac55f7b3d31ecab9c2,BOGOR,1,1.0
train,26a644178fbdb277dc3c50997f6df7fe,PALEMBANG,1,200.0
train,26d1d720bc7e60c1b1a56630e3ba2c5d,GARUT,1,159.0
train,15c7dc37db27dd76f38cc419107f7c48,KARAWANG,1,2.0
train,19f506af810fe579721721d058f6b243,MEDAN,1,1.0
train,073b764928864ed8fa0b6b115bfdd685,BATAM,1,1.0
train,14b63ff2b104903ead7d884f25382e57,MALANG,1,15.0
train,0318cab65e5a4dbb61243ab4747fb621,SINGKAWANG,1,135.0
test_history,d1918db937d26e9e4ccd3e17e1ff0e2d,SUMEDANG,1,1.0
train,62447bb073160adcf6d6022240a3663c,KLATEN,1,41.0
train,88d0ee0029bee810e1d0fe37f73e2d3b,SOLO,1,177.0
train,66d433e397ff7f3d460500704fd40a5a,PEKANBARU,1,5.0
train,7114d91eccf418326f7a9a05943c04e1,JAMBI,1,1.0
train,981569adf232c53afe751c8c660db8d9,BATAM,1,150.0
train,919c7b9859d8ce7cab47dab2463e7fab,MAKASSAR,1,1.0
train,92e94ed55b4de8feaff9462a66e2dbd7,PEKANBARU,1,6.0
train,9715c9bc57db04a2506acfdab71ec1c6,RANTAU PRAPAT,1,133.0
train,9158e16be84a6db4d63d3289099f119b,JAYAPURA,1,1.0
train,bf33cc26f29bf266a83e35901fa80c9c,AMBON,1,7.0
train,c35e24eefa840ac2009279f1efc52288,BONTANG,1,2.0
train,c71a18e33d4b7c73c8124c65fc3e6f1c,MANADO,1,14.0
train,d297f2f746c4fd2723f3202fafcbfa1a,BONDOWOSO,1,85.0
train,cb2a49a747f8989ee0356ec7ac354177,BENGKULU,1,123.0
train,c4a19cbeb409639c836e4304976db0aa,BANDUNG,1,368.0
train,d33850e3698903061b4c18886ce00c9d,GARUT,1,10.0
train,e989d8fdc91de7e6ffbb72a2f5ac79f6,DEPOK,1,16.0
train,ecace029de4a6bd4ae872928509cd71d,TASIKMALAYA,1,9.0
train,efe899b321b96d852776427476f14a06,YOGYAKARTA,1,1.0
train,fcf80028ec9bbf8efaee3932e529a78f,INDRAMAYU,1,5.0
