period,date_show,n
train,2025-09-17,111
test_history,2025-10-30,21
test_history,2026-03-06,19
test_history,2026-03-05,15
test_history,2026-03-02,12
test_history,2026-03-13,10
test_history,2026-03-08,8
test_history,2026-02-28,8
test_history,2026-02-07,8
test_history,2026-02-20,7
test_history,2026-02-06,7
test_history,2026-03-11,6
test_history,2026-02-05,6
test_history,2026-03-01,6
test_history,2026-01-15,6
train,2025-06-05,6
train,2025-09-01,6
train,2025-07-04,6
train,2025-08-29,5
test_history,2025-10-31,5
test_history,2025-12-05,5
test_history,2026-03-12,5
test_history,2026-03-07,5
train,2025-08-05,5
train,2025-08-04,4
train,2025-08-21,4
test_history,2025-10-29,4
train,2025-08-07,4
train,2025-08-22,3
train,2025-08-30,3
train,2025-07-05,3
test_history,2026-03-04,3
test_history,2026-02-27,3
test_history,2026-02-19,3
test_history,2026-02-08,3
test_history,2025-10-17,3
test_history,2025-11-21,3
test_history,2025-10-05,3
test_history,2025-10-01,3
train,2025-09-16,3
train,2025-09-15,3
train,2025-09-23,3
train,2025-09-30,3
test_history,2026-01-21,2
test_history,2026-02-12,2
test_history,2026-02-13,2
test_history,2026-01-30,2
test_history,2025-10-24,2
test_history,2025-12-12,2
train,2025-04-11,2
train,2025-04-28,2
train,2025-04-21,2
train,2025-08-12,2
train,2025-08-28,2
train,2025-07-29,2
train,2025-09-21,2
train,2025-09-22,2
train,2025-07-18,2
train,2025-07-07,2
train,2025-05-02,2
train,2025-05-09,2
train,2025-04-23,2
train,2025-04-22,2
train,2025-05-23,2
train,2025-06-01,2
train,2025-04-29,2
train,2025-09-24,2
test_history,2026-02-11,1
test_history,2026-02-14,1
test_history,2026-02-22,1
test_history,2026-01-23,1
test_history,2025-10-15,1
test_history,2025-10-26,1
test_history,2025-10-10,1
test_history,2025-10-04,1
test_history,2025-10-03,1
test_history,2025-10-11,1
test_history,2026-02-15,1
test_history,2026-02-18,1
test_history,2026-01-22,1
test_history,2026-02-04,1
test_history,2025-10-16,1
test_history,2025-10-23,1
test_history,2025-11-20,1
test_history,2025-11-06,1
test_history,2025-11-01,1
test_history,2025-11-28,1
test_history,2026-02-21,1
test_history,2026-02-26,1
train,2025-07-20,1
train,2025-07-06,1
train,2025-05-27,1
train,2025-05-26,1
train,2025-05-30,1
train,2025-06-12,1
train,2025-05-22,1
test_history,2026-03-20,1
train,2025-04-10,1
train,2025-05-06,1
train,2025-05-10,1
train,2025-05-13,1
train,2025-05-16,1
train,2025-05-21,1
train,2025-04-25,1
train,2025-07-17,1
train,2025-06-27,1
train,2025-08-14,1
train,2025-08-01,1
train,2025-07-22,1
train,2025-08-15,1
train,2025-08-06,1
train,2025-08-25,1
train,2025-09-02,1
train,2025-09-03,1
train,2025-09-05,1
train,2025-09-10,1
train,2025-09-18,1
train,2025-09-26,1
train,2025-09-29,1
