period,month,size,sum,mean
test_history,2025-10,6385,49,0.007674236491777604
test_history,2025-11,5534,7,0.001264907842428623
test_history,2025-12,3993,7,0.001753067868770348
test_history,2026-01,6398,12,0.001875586120662707
test_history,2026-02,5989,57,0.009517448655869093
test_history,2026-03,4024,90,0.022365805168986085
train,2025-04,23887,14,0.0005860928538535605
train,2025-05,23087,15,0.0006497162905531251
train,2025-06,18594,10,0.0005378078950198989
train,2025-07,23321,19,0.0008147163500707517
train,2025-08,26721,37,0.0013846787171138805
train,2025-09,23349,142,0.00608163090496381
