date_show,cinema_ids,city_name,movie_title,total_ticket,occupation_rate,total_show,period,month,tps,base
2025-09-17,8dbfb7aeb4ed822b358347332ba630af,JAKARTA,DILANJUTKAN SALAH DISUDAHI PERIH,1999,0.0,5,train,2025-09,399.8,DILANJUTKAN SALAH DISUDAHI PERIH
2025-09-17,c4a19cbeb409639c836e4304976db0aa,BANDUNG,JADI TUH BARANG,368,0.0,3,train,2025-09,122.66666666666667,JADI TUH BARANG
2025-09-17,8750b9ee0b0c6c6afcfcb2a05e60efc0,BANDUNG,JADI TUH BARANG,249,0.0,2,train,2025-09,124.5,JADI TUH BARANG
2025-09-17,5b8eaa351fae8e6d1e759e814d74c1c5,MEDAN,JADI TUH BARANG,223,0.0,2,train,2025-09,111.5,JADI TUH BARANG
2025-09-17,541130ea8083a789df5d15bbfe13055a,MAKASSAR,TEGAR,206,0.0,1,train,2025-09,206.0,TEGAR
2025-09-17,26a644178fbdb277dc3c50997f6df7fe,PALEMBANG,JADI TUH BARANG,200,0.0,1,train,2025-09,200.0,JADI TUH BARANG
2025-09-17,3c41b96b56b0aab1ed5fc5e703499730,BALIKPAPAN,JADI TUH BARANG,185,0.0,1,train,2025-09,185.0,JADI TUH BARANG
2025-09-17,015555fbcd8faef6b55a854605df0a87,SURABAYA,JADI TUH BARANG,179,0.0,1,train,2025-09,179.0,JADI TUH BARANG
2025-09-17,88d0ee0029bee810e1d0fe37f73e2d3b,SOLO,JADI TUH BARANG,177,0.0,1,train,2025-09,177.0,JADI TUH BARANG
2025-09-17,494c8f1916a97efe3390ba9dbab6ce7d,LAMPUNG,JADI TUH BARANG,175,0.0,1,train,2025-09,175.0,JADI TUH BARANG
2025-09-17,26d1d720bc7e60c1b1a56630e3ba2c5d,GARUT,JADI TUH BARANG,159,0.0,1,train,2025-09,159.0,JADI TUH BARANG
2025-09-17,981569adf232c53afe751c8c660db8d9,BATAM,JADI TUH BARANG,150,0.0,1,train,2025-09,150.0,JADI TUH BARANG
2025-09-17,a6d19ebcb27f61cbf41a6552fbf68676,SIDOARJO,JADI TUH BARANG,139,0.0,1,train,2025-09,139.0,JADI TUH BARANG
2025-09-17,a616a546264044ed616bc2bdf2d9f7fc,YOGYAKARTA,JADI TUH BARANG,138,0.0,1,train,2025-09,138.0,JADI TUH BARANG
2025-09-17,29fc89ab155e9f202326046c2e0023bb,MAKASSAR,LINTRIK,137,0.0,1,train,2025-09,137.0,LINTRIK
2025-09-17,29fc89ab155e9f202326046c2e0023bb,MAKASSAR,JADI TUH BARANG,137,0.0,1,train,2025-09,137.0,JADI TUH BARANG
2025-09-17,0318cab65e5a4dbb61243ab4747fb621,SINGKAWANG,JADI TUH BARANG,135,0.0,1,train,2025-09,135.0,JADI TUH BARANG
2025-09-17,4fc3fc370b299876663c7d5c90595853,BANJARMASIN,JADI TUH BARANG,133,0.0,1,train,2025-09,133.0,JADI TUH BARANG
2025-09-17,9715c9bc57db04a2506acfdab71ec1c6,RANTAU PRAPAT,JADI TUH BARANG,133,0.0,1,train,2025-09,133.0,JADI TUH BARANG
2025-09-17,ea7df0c99b450ecdea38cf34ae1f158f,KISARAN,JADI TUH BARANG,132,0.0,1,train,2025-09,132.0,JADI TUH BARANG
2025-09-17,a9d508d218799f9dc69bb4aefc122cb3,MANADO,JADI TUH BARANG,130,0.0,1,train,2025-09,130.0,JADI TUH BARANG
2025-09-17,4eb26b1058266dc50a63dc875e4d8846,MATARAM,SUKMA,129,0.0,5,train,2025-09,25.8,SUKMA
2025-09-17,0191582d75f94a412c0fa12d36bcee3f,SURABAYA,JADI TUH BARANG,128,0.0,1,train,2025-09,128.0,JADI TUH BARANG
2025-09-17,4eb26b1058266dc50a63dc875e4d8846,MATARAM,JADI TUH BARANG,127,0.0,1,train,2025-09,127.0,JADI TUH BARANG
2025-09-17,3acdf298dab1b92bbaaad74d86c0c40a,SEMARANG,JADI TUH BARANG,127,0.0,1,train,2025-09,127.0,JADI TUH BARANG
2025-09-17,2e0ec493a87e740511b7b565386c06fe,SORONG,JADI TUH BARANG,126,0.0,1,train,2025-09,126.0,JADI TUH BARANG
2025-09-17,8d2e05da5624875993cb8580c88334a9,CIREBON,JADI TUH BARANG,125,0.0,1,train,2025-09,125.0,JADI TUH BARANG
2025-09-17,25e1c125bdd513aa2355a8e558a1a908,KEDIRI,JADI TUH BARANG,125,0.0,1,train,2025-09,125.0,JADI TUH BARANG
2025-09-17,d1918db937d26e9e4ccd3e17e1ff0e2d,SUMEDANG,JADI TUH BARANG,124,0.0,1,train,2025-09,124.0,JADI TUH BARANG
2025-09-17,4a4c71e99772e87c9e35a56acd8be21e,TERNATE,JADI TUH BARANG,123,0.0,1,train,2025-09,123.0,JADI TUH BARANG
2025-09-17,e8965581e1be78ac9a3145b6983ff6ec,SURABAYA,JADI TUH BARANG,123,0.0,1,train,2025-09,123.0,JADI TUH BARANG
2025-09-17,cb2a49a747f8989ee0356ec7ac354177,BENGKULU,ANDAI IBU TIDAK MENIKAH DENGAN AYAH,123,0.0,5,train,2025-09,24.6,ANDAI IBU TIDAK MENIKAH DENGAN AYAH
2025-09-17,8188326fb0a403be03ea632997c8a959,GORONTALO,JADI TUH BARANG,118,0.0,1,train,2025-09,118.0,JADI TUH BARANG
2025-09-17,e3edf631650eb304cf386709b98005f6,DENPASAR,JADI TUH BARANG,115,0.0,1,train,2025-09,115.0,JADI TUH BARANG
2025-09-17,a9d508d218799f9dc69bb4aefc122cb3,MANADO,LINTRIK,115,0.0,1,train,2025-09,115.0,LINTRIK
2025-09-17,541130ea8083a789df5d15bbfe13055a,MAKASSAR,JADI TUH BARANG,113,0.0,1,train,2025-09,113.0,JADI TUH BARANG
2025-09-17,da96492ebd43c4a193238d6c3205cc40,PEKANBARU,JADI TUH BARANG,113,0.0,1,train,2025-09,113.0,JADI TUH BARANG
2025-09-17,f3a9ac312f7bc4e2467a1bf02a6aa1e9,LAMPUNG,JADI TUH BARANG,109,0.0,1,train,2025-09,109.0,JADI TUH BARANG
2025-09-17,be8de71502987819afd4c2ceea71c539,GRESIK,MAMA: PESAN DARI NERAKA,105,0.0,5,train,2025-09,21.0,MAMA: PESAN DARI NERAKA
2025-09-17,e7ec114c2ec166155149062023617e8b,SAMARINDA,JADI TUH BARANG,101,0.0,1,train,2025-09,101.0,JADI TUH BARANG
2025-09-17,5b8eaa351fae8e6d1e759e814d74c1c5,MEDAN,MAMA: PESAN DARI NERAKA,101,0.0,5,train,2025-09,20.2,MAMA: PESAN DARI NERAKA
2025-09-17,5a894958f375392ce7981be2eb9a26be,JEMBER,JADI TUH BARANG,94,0.0,1,train,2025-09,94.0,JADI TUH BARANG
2025-09-17,108f9a4d181f12fd1b7e3c9adae38478,TANGERANG,THARAE: THE EXORCIST,90,0.0,30,train,2025-09,3.0,THARAE: THE EXORCIST
2025-09-17,a55554e941cb93c23d1522f88fd0d004,DUMAI,MAMA: PESAN DARI NERAKA,89,0.0,2,train,2025-09,44.5,MAMA: PESAN DARI NERAKA
2025-09-17,494c8f1916a97efe3390ba9dbab6ce7d,LAMPUNG,MAMA: PESAN DARI NERAKA,87,0.0,3,train,2025-09,29.0,MAMA: PESAN DARI NERAKA
2025-09-17,d297f2f746c4fd2723f3202fafcbfa1a,BONDOWOSO,ANDAI IBU TIDAK MENIKAH DENGAN AYAH,85,0.0,5,train,2025-09,17.0,ANDAI IBU TIDAK MENIKAH DENGAN AYAH
2025-09-17,25e1c125bdd513aa2355a8e558a1a908,KEDIRI,MAMA: PESAN DARI NERAKA,81,0.0,4,train,2025-09,20.25,MAMA: PESAN DARI NERAKA
2025-09-17,3acdf298dab1b92bbaaad74d86c0c40a,SEMARANG,LINTRIK,81,0.0,1,train,2025-09,81.0,LINTRIK
2025-09-17,3f6093566521149f8e37fa4e3fafe7cc,PADANG,MAMA: PESAN DARI NERAKA,81,0.0,3,train,2025-09,27.0,MAMA: PESAN DARI NERAKA
2025-09-17,e67d818ee0546f3b33d0ba2083ed4db5,BEKASI,MAMA: PESAN DARI NERAKA,78,0.0,7,train,2025-09,11.142857142857142,MAMA: PESAN DARI NERAKA
2025-09-17,4ba87a86e02dd8a810032db35bf13c51,BENGKULU,JADI TUH BARANG,74,0.0,1,train,2025-09,74.0,JADI TUH BARANG
2025-09-17,3cc167017755a0197f18f93595c9ae85,JAMBI,JADI TUH BARANG,74,0.0,1,train,2025-09,74.0,JADI TUH BARANG
2025-09-17,3f6093566521149f8e37fa4e3fafe7cc,PADANG,JADI TUH BARANG,74,0.0,1,train,2025-09,74.0,JADI TUH BARANG
2025-09-17,7cade3ea25dae25fdb8c56776676b0c7,CILEGON,MAMA: PESAN DARI NERAKA,73,0.0,3,train,2025-09,24.333333333333332,MAMA: PESAN DARI NERAKA
2025-09-17,29fc89ab155e9f202326046c2e0023bb,MAKASSAR,MAMA: PESAN DARI NERAKA,54,0.0,2,train,2025-09,27.0,MAMA: PESAN DARI NERAKA
2025-09-17,7c271f1e1351e6433b202d77b88012c2,CIREBON,ANDAI IBU TIDAK MENIKAH DENGAN AYAH,53,0.0,5,train,2025-09,10.6,ANDAI IBU TIDAK MENIKAH DENGAN AYAH
2025-09-17,b2539b1f80254243391774489b1328aa,ROKAN HILIR,ANDAI IBU TIDAK MENIKAH DENGAN AYAH,49,0.0,3,train,2025-09,16.333333333333332,ANDAI IBU TIDAK MENIKAH DENGAN AYAH
2025-09-17,62447bb073160adcf6d6022240a3663c,KLATEN,MAMA: PESAN DARI NERAKA,41,0.0,2,train,2025-09,20.5,MAMA: PESAN DARI NERAKA
2025-09-17,b2539b1f80254243391774489b1328aa,ROKAN HILIR,MAMA: PESAN DARI NERAKA,38,0.0,2,train,2025-09,19.0,MAMA: PESAN DARI NERAKA
2025-09-17,0a8777c6c78e2d102bdf459f8550cf93,PANGKAL PINANG,ANDAI IBU TIDAK MENIKAH DENGAN AYAH,36,0.0,3,train,2025-09,12.0,ANDAI IBU TIDAK MENIKAH DENGAN AYAH
2025-09-17,5b8eaa351fae8e6d1e759e814d74c1c5,MEDAN,DETECTIVE CONAN THE MOVIE: ONE-EYED FLASHBACK,35,0.0,5,train,2025-09,7.0,DETECTIVE CONAN THE MOVIE: ONE-EYED FLASHBACK
2025-09-17,da96492ebd43c4a193238d6c3205cc40,PEKANBARU,THARAE: THE EXORCIST,34,0.0,5,train,2025-09,6.8,THARAE: THE EXORCIST
2025-09-17,b704e8b10f13e14494b5a7a0ba39d9d9,JAKARTA,BAAGHI 4,33,0.0,4,train,2025-09,8.25,BAAGHI 4
2025-09-17,3c41b96b56b0aab1ed5fc5e703499730,BALIKPAPAN,SAIYAARA,33,0.0,1,train,2025-09,33.0,SAIYAARA
2025-09-17,2e0ec493a87e740511b7b565386c06fe,SORONG,MAMA: PESAN DARI NERAKA,32,0.0,2,train,2025-09,16.0,MAMA: PESAN DARI NERAKA
2025-09-17,da96492ebd43c4a193238d6c3205cc40,PEKANBARU,PENCARIAN TERAKHIR,31,0.0,2,train,2025-09,15.5,PENCARIAN TERAKHIR
2025-09-17,b4972b48997defae8304bc9c41220c7c,BEKASI,MAMA: PESAN DARI NERAKA,30,0.0,5,train,2025-09,6.0,MAMA: PESAN DARI NERAKA
2025-09-17,ef2896a95abe2a2b4cfee245dc1e36ec,CIKARANG,ANDAI IBU TIDAK MENIKAH DENGAN AYAH,29,0.0,3,train,2025-09,9.666666666666666,ANDAI IBU TIDAK MENIKAH DENGAN AYAH
2025-09-17,81c620b2538435926cbbf15745ef5901,MADIUN,THARAE: THE EXORCIST,28,0.0,5,train,2025-09,5.6,THARAE: THE EXORCIST
2025-09-17,a6d19ebcb27f61cbf41a6552fbf68676,SIDOARJO,AFTERBURN,27,0.0,5,train,2025-09,5.4,AFTERBURN
2025-09-17,716ede53fbca27fbe1c1a55d6667c2b5,CIKARANG,AFTERBURN,24,0.0,9,train,2025-09,2.6666666666666665,AFTERBURN
2025-09-17,b4972b48997defae8304bc9c41220c7c,BEKASI,RED SONJA,23,0.0,5,train,2025-09,4.6,RED SONJA
2025-09-17,ef2896a95abe2a2b4cfee245dc1e36ec,CIKARANG,MAMA: PESAN DARI NERAKA,21,0.0,2,train,2025-09,10.5,MAMA: PESAN DARI NERAKA
