film,D1,train_first,train_last,train_days,train_tix,train_max_cin,hist_D1_cin,hist_D1_tix
AIR MATA DI UJUNG SAJADAH 2,2025-10-23,2025-09-26,2025-09-28,2,2188,1,82,16667
DEATH WHISPERER 3,2025-10-01,2025-09-29,2025-09-30,2,514,4,97,7266
JANGAN PANGGIL MAMA KAFIR,2025-10-16,2025-09-16,2025-09-28,6,1104,2,67,8268
PENGIN HIJRAH,2025-10-30,2025-09-12,2025-09-27,4,2755,2,66,8353
RANGGA & CINTA,2025-10-02,2025-09-23,2025-09-30,4,3342,1,110,22976
REST AREA,2025-10-02,2025-09-23,2025-09-30,7,2593,2,39,7813
STOLEN GIRL,2025-10-22,2025-09-22,2025-09-22,1,98,1,93,6276
THE STRANGERS: CHAPTER 2,2025-10-01,2025-09-26,2025-09-26,1,95,1,104,8122
TUKAR TAKDIR,2025-10-02,2025-09-25,2025-09-30,4,2076,1,103,31044
YAKIN NIKAH,2025-10-09,2025-08-26,2025-09-27,3,596,1,72,8478
