film,first,wide,last,n_days,max_cin,tix,pre_wide_days,pre_wide_tix_share,first_dow,wide_dow,censored_left
28 YEARS LATER,2025-06-17,2025-06-18,2025-07-14,28,85,143709,1,0.00447431963203418,Tuesday,Wednesday,False
A BIG BOLD BEAUTIFUL JOURNEY,2025-09-18,2025-09-19,2025-09-30,13,72,8435,1,0.07468879668049792,Thursday,Friday,False
A MINECRAFT MOVIE,2025-04-04,2025-04-04,2025-05-14,39,93,378308,0,0.0,Friday,Friday,False
A MINECRAFT MOVIE (3D),2025-04-09,2025-04-09,2025-04-29,21,5,28765,0,0.0,Wednesday,Wednesday,False
A MINECRAFT MOVIE (IMAX 2D),2025-04-08,2025-04-09,2025-04-29,20,16,59587,1,0.010270696628459228,Tuesday,Wednesday,False
A WORKING MAN,2025-04-01,2025-04-01,2025-04-29,29,72,237295,0,0.0,Tuesday,Tuesday,True
AFTERBURN,2025-09-15,2025-09-17,2025-09-30,15,87,53221,1,0.0017662201010879165,Monday,Wednesday,False
AGAPE THE UNCONDITIONAL LOVE,2025-09-01,2025-09-04,2025-09-26,23,31,12853,1,0.015949583754765424,Monday,Thursday,False
AGEN +62,2025-07-01,2025-07-03,2025-07-16,15,56,54540,1,0.03665199853318665,Tuesday,Thursday,False
AIR MATA DI UJUNG SAJADAH 2,2025-09-26,2025-09-26,2025-09-28,2,1,2188,0,0.0,Friday,Friday,False
ANAK MEDAN: COCOK KO RASA???,2025-04-17,2025-04-24,2025-05-27,34,39,79444,3,0.02097074668949197,Thursday,Thursday,False
ANDAI IBU TIDAK MENIKAH DENGAN AYAH,2025-08-23,2025-09-04,2025-09-30,30,107,635675,3,0.013503755850080623,Saturday,Thursday,False
ANGEL POL,2025-06-09,2025-06-19,2025-06-24,10,46,16128,4,0.1228298611111111,Monday,Thursday,False
ANGKARA MURKA,2025-05-15,2025-05-22,2025-05-28,9,52,7544,2,0.17802226935312832,Thursday,Thursday,False
ARTI CINTA,2025-07-08,2025-07-17,2025-08-12,16,52,4136,1,0.3247098646034816,Tuesday,Thursday,False
ARWAH,2025-06-25,2025-07-03,2025-07-17,23,17,23373,8,0.18161981773841612,Wednesday,Thursday,False
ASSALAMUALAIKUM BAITULLAH,2025-06-15,2025-07-17,2025-08-27,34,103,207802,11,0.08087025148939857,Sunday,Thursday,False
ASSALAMUALAIKUM BEIJING 2: LOST IN NINGXIA,2025-06-10,2025-06-19,2025-07-19,21,70,31684,5,0.08925640701931574,Tuesday,Thursday,False
BAAGHI 4,2025-09-12,2025-09-12,2025-09-18,7,2,1096,0,0.0,Friday,Friday,False
BAD GENIUS,2025-07-03,2025-07-04,2025-07-16,9,35,8242,1,0.011283669012375637,Thursday,Friday,False
BALLERINA,2025-06-04,2025-06-04,2025-07-17,41,104,238566,0,0.0,Wednesday,Wednesday,False
"BELIEVE - TAKDIR, MIMPI, KEBERANIAN",2025-07-03,2025-07-24,2025-09-09,66,104,835413,21,0.20379620618783764,Thursday,Thursday,False
BERTAUT RINDU: SEMUA IMPIAN BERHAK DIRAYAKAN,2025-07-06,2025-07-31,2025-08-12,20,70,62151,8,0.058148702353944426,Sunday,Thursday,False
BHOOL CHUK MAAF,2025-05-23,2025-05-23,2025-05-26,4,2,546,0,0.0,Friday,Friday,False
BRIDE HARD,2025-07-11,2025-07-18,2025-07-23,7,54,8528,1,0.01149155722326454,Friday,Friday,False
BRING HER BACK,2025-06-04,2025-06-06,2025-07-09,32,51,28730,1,0.004629307344239471,Wednesday,Friday,False
BTS ARMY: FOREVER WE ARE YOUNG,2025-07-30,2025-07-30,2025-08-03,5,4,238,0,0.0,Wednesday,Wednesday,False
CHAINSAW MAN - THE MOVIE: REZE ARC,2025-09-26,2025-09-26,2025-09-30,5,93,47665,0,0.0,Friday,Friday,False
CHAINSAW MAN - THE MOVIE: REZE ARC (IMAX 2D),2025-09-26,2025-09-26,2025-09-30,5,16,6557,0,0.0,Friday,Friday,False
COCOTE TONGGO,2025-05-09,2025-05-15,2025-06-17,29,71,156978,4,0.013428633311674248,Friday,Thursday,False
COLORFUL STAGE! THE MOVIE: A MIKU WHO CANT SING,2025-05-12,2025-05-12,2025-05-14,3,9,239,0,0.0,Monday,Monday,False
CONCLAVE,2025-04-01,2025-04-25,2025-05-23,39,11,12164,10,0.34075961854653075,Tuesday,Friday,True
CRAYON SHIN-CHAN THE MOVIE: OUR DINOSAUR STORY,2025-07-04,2025-07-04,2025-07-08,5,10,1214,0,0.0,Friday,Friday,False
DAN DA DAN: EVIL EYE,2025-06-14,2025-06-14,2025-06-17,4,2,299,0,0.0,Saturday,Saturday,False
DARAH NYAI,2025-08-11,2025-08-21,2025-09-03,16,12,5221,2,0.0900210687607738,Monday,Thursday,False
DASIM,2025-05-08,2025-05-15,2025-05-28,17,98,122790,3,0.013470152292531965,Thursday,Thursday,False
DEATH WHISPERER 3,2025-09-29,2025-09-30,2025-09-30,2,4,514,1,0.2529182879377432,Monday,Tuesday,False
DEMON SLAYER -KIMETSU NO YAIBA- THE MOVIE: INFINITY CASTLE,2025-08-14,2025-08-15,2025-09-30,48,117,1267269,1,0.0006320678561536659,Thursday,Friday,False
DEMON SLAYER -KIMETSU NO YAIBA- THE MOVIE: INFINITY CASTLE (IMAX 2D),2025-08-15,2025-08-15,2025-09-02,19,16,208265,0,0.0,Friday,Friday,False
DENDAM MALAM KELAM,2025-05-23,2025-05-28,2025-06-10,15,82,43336,3,0.034151744508030275,Friday,Wednesday,False
DETECTIVE CONAN THE MOVIE: ONE-EYED FLASHBACK,2025-09-17,2025-09-17,2025-09-30,14,20,9264,0,0.0,Wednesday,Wednesday,False
DETECTIVE CONAN THE MOVIE: ONE-EYED FLASHBACK (IMAX 2D),2025-09-17,2025-09-17,2025-09-23,7,16,9102,0,0.0,Wednesday,Wednesday,False
DHADAK 2,2025-08-01,2025-08-01,2025-08-13,13,9,1935,0,0.0,Friday,Friday,False
DIA BUKAN IBU,2025-08-30,2025-09-25,2025-09-30,16,89,64927,10,0.07724059328168559,Saturday,Thursday,False
DILANJUTKAN SALAH DISUDAHI PERIH,2025-09-11,2025-09-25,2025-09-30,19,55,43176,13,0.21627756160830092,Thursday,Thursday,False
DORAEMON THE MOVIE: NOBITAS ART WORLD TALES,2025-07-16,2025-07-16,2025-08-01,8,20,2628,0,0.0,Wednesday,Wednesday,False
DOTI - TUMBAL ILMU HITAM,2025-07-21,2025-07-24,2025-08-13,22,29,14394,1,0.012227316937612894,Monday,Thursday,False
DRACULA: A LOVE TALE,2025-08-21,2025-08-29,2025-09-25,30,89,56417,2,0.002410620912136413,Thursday,Friday,False
DROP,2025-04-21,2025-04-23,2025-05-07,13,58,16369,1,0.03127863644694239,Monday,Wednesday,False
EJEN ALI: THE MOVIE 2,2025-06-27,2025-06-28,2025-07-16,20,70,161894,1,0.03548618231682459,Friday,Saturday,False
EKSIL,2025-04-10,2025-04-10,2025-08-29,6,1,1091,0,0.0,Thursday,Thursday,False
ELIO,2025-06-18,2025-06-18,2025-07-15,28,89,130637,0,0.0,Wednesday,Wednesday,False
ELIO (3D),2025-06-18,2025-06-18,2025-06-19,2,7,226,0,0.0,Wednesday,Wednesday,False
F1 THE MOVIE,2025-06-24,2025-06-25,2025-09-14,53,94,341912,1,0.014611946933713938,Tuesday,Wednesday,False
F1 THE MOVIE (IMAX 2D),2025-06-25,2025-06-25,2025-08-14,21,16,100534,0,0.0,Wednesday,Wednesday,False
FINAL DESTINATION: BLOODLINES,2025-05-06,2025-05-09,2025-06-19,36,116,1172837,1,0.00011340024231841253,Tuesday,Friday,False
FINAL DESTINATION: BLOODLINES (IMAX 2D),2025-05-08,2025-05-14,2025-05-20,8,16,37521,1,0.02086831374430319,Thursday,Wednesday,False
FREAKIER FRIDAY,2025-08-06,2025-08-06,2025-08-16,11,64,6584,0,0.0,Wednesday,Wednesday,False
GABBYS DOLLHOUSE: THE MOVIE,2025-09-20,2025-09-26,2025-09-30,6,63,10662,1,0.022134683924216844,Saturday,Friday,False
GAK NYANGKA..!!,2025-07-21,2025-07-24,2025-08-18,20,49,16275,1,0.03207373271889401,Monday,Thursday,False
GAZA,2025-05-18,2025-06-17,2025-07-17,29,36,36075,7,0.2618988218988219,Sunday,Tuesday,False
GERBANG SETAN,2025-07-12,2025-07-17,2025-08-04,21,37,36212,2,0.03603777753230973,Saturday,Thursday,False
GEREJA SETAN,2025-08-13,2025-09-11,2025-09-30,26,69,191262,6,0.01614539218454267,Wednesday,Thursday,False
GHOST TRAIN,2025-07-21,2025-07-25,2025-08-14,22,76,107080,1,0.0008685095255883451,Monday,Friday,False
GJLS: IBUKU IBU IBU,2025-06-03,2025-06-16,2025-07-18,31,97,264480,6,0.09016182698124622,Tuesday,Monday,False
GODAAN SETAN YANG TERKUTUK,2025-05-15,2025-05-15,2025-06-03,15,63,39871,0,0.0,Thursday,Thursday,False
GOWOK KAMASUTRA JAWA,2025-05-26,2025-06-05,2025-06-10,8,48,7712,4,0.49299792531120334,Monday,Thursday,False
GOWOK KAMASUTRA JAWA UNCUT,2025-06-02,2025-06-05,2025-07-09,33,85,111478,1,0.0007445415238881214,Monday,Thursday,False
GUNDIK,2025-05-16,2025-05-22,2025-06-10,22,107,298314,4,0.0099626567978707,Friday,Thursday,False
HANYA NAMAMU DALAM DOAKU,2025-08-13,2025-08-21,2025-09-01,15,102,32483,3,0.143675153157036,Wednesday,Thursday,False
HI-FIVE,2025-06-14,2025-06-17,2025-06-25,12,32,5045,3,0.4545094152626363,Saturday,Tuesday,False
HOLY NIGHT: DEMON HUNTERS,2025-05-07,2025-05-07,2025-05-21,15,17,26476,0,0.0,Wednesday,Wednesday,False
HOME SWEET HOME: REBIRTH,2025-05-16,2025-05-16,2025-05-23,8,61,14624,0,0.0,Friday,Friday,False
HOTEL SAKURA,2025-07-03,2025-07-10,2025-07-20,12,46,22293,1,0.06024312564482125,Thursday,Thursday,False
HOUSEFULL 5,2025-06-07,2025-06-07,2025-06-10,3,2,1009,0,0.0,Saturday,Saturday,False
HOW TO TRAIN YOUR DRAGON,2025-06-11,2025-06-11,2025-07-22,41,115,879742,0,0.0,Wednesday,Wednesday,False
HOW TO TRAIN YOUR DRAGON (3D),2025-06-12,2025-06-12,2025-06-18,6,4,1327,0,0.0,Thursday,Thursday,False
HOW TO TRAIN YOUR DRAGON (IMAX 2D),2025-05-20,2025-06-11,2025-06-27,15,16,60678,1,0.004746366063482646,Tuesday,Wednesday,False
I KNOW WHAT YOU DID LAST SUMMER,2025-07-15,2025-07-16,2025-08-06,23,84,36236,1,0.011480295838392758,Tuesday,Wednesday,False
IMAGINE DRAGONS: LIVE FROM THE HOLLYWOOD BOWL (WITH THE LA FILM ORCHESTRA),2025-04-09,2025-04-09,2025-04-10,2,5,68,0,0.0,Wednesday,Wednesday,False
INSYA ALLAH BERKAH,2025-05-22,2025-05-22,2025-06-10,9,37,3589,0,0.0,Thursday,Thursday,False
INVINCIBLE SWORDSMAN,2025-04-01,2025-04-01,2025-04-08,8,1,522,0,0.0,Tuesday,Tuesday,True
JAAT,2025-04-11,2025-04-11,2025-04-16,6,2,939,0,0.0,Friday,Friday,False
JADI TUH BARANG,2025-09-11,2025-09-18,2025-09-30,16,91,170827,3,0.08087714471365767,Thursday,Thursday,False
JALAN PULANG,2025-06-04,2025-06-19,2025-07-25,41,110,1956566,4,0.003707005028197362,Wednesday,Thursday,False
JANGAN PANGGIL MAMA KAFIR,2025-09-16,2025-09-16,2025-09-28,6,2,1104,0,0.0,Tuesday,Tuesday,False
JANJI SENJA,2025-09-19,2025-09-25,2025-09-30,7,11,2265,1,0.06534216335540839,Friday,Thursday,False
JAWS (IMAX 2D),2025-08-29,2025-08-29,2025-09-02,5,16,3317,0,0.0,Friday,Friday,False
JODOH 3 BUJANG,2025-06-15,2025-06-26,2025-07-31,43,98,419313,7,0.009312852213024638,Sunday,Thursday,False
JOLLY LLB 3,2025-09-19,2025-09-19,2025-09-25,7,2,1395,0,0.0,Friday,Friday,False
JUJUTSU KAISEN: HIDDEN INVENTORY/PREMATURE DEATH - THE MOVIE,2025-09-05,2025-09-05,2025-09-16,12,19,6814,0,0.0,Friday,Friday,False
JUMBO,2025-04-01,2025-04-01,2025-09-13,111,116,6121671,0,0.0,Tuesday,Tuesday,True
JURASSIC WORLD: REBIRTH,2025-07-02,2025-07-02,2025-08-23,45,116,1719757,0,0.0,Wednesday,Wednesday,False
JURASSIC WORLD: REBIRTH (3D),2025-07-02,2025-07-02,2025-07-22,21,9,25416,0,0.0,Wednesday,Wednesday,False
KAIJU NO. 8: MISSION RECON,2025-06-20,2025-06-20,2025-06-24,5,10,818,0,0.0,Friday,Friday,False
KAMPUNG JABANG MAYIT: RITUAL MAUT,2025-07-06,2025-07-24,2025-08-03,13,90,93753,2,0.0033705588087847857,Sunday,Thursday,False
KANG SOLAH FROM KANG MAK X NENEK GAYUNG,2025-09-20,2025-09-25,2025-09-30,11,112,574710,5,0.007043552400341041,Saturday,Thursday,False
KARATE KID: LEGENDS,2025-05-27,2025-05-28,2025-07-02,34,113,259263,1,0.0023412519333649616,Tuesday,Wednesday,False
KARUNRUNG 1995,2025-07-04,2025-07-10,2025-07-23,15,10,10039,1,0.007271640601653551,Friday,Thursday,False
KEAJAIBAN AIR MATA WANITA,2025-05-17,2025-05-17,2025-06-15,3,1,805,0,0.0,Saturday,Saturday,False
KELUARGA SUPER IRIT,2025-06-10,2025-06-12,2025-07-14,33,83,70772,1,0.0020347029898830048,Tuesday,Thursday,False
KESARI CHAPTER 2,2025-04-18,2025-04-18,2025-04-23,6,2,1554,0,0.0,Friday,Friday,False
KITAB SIJJIN & ILLIYYIN,2025-07-06,2025-07-17,2025-08-13,34,105,420587,6,0.010899052990225566,Sunday,Thursday,False
KOMANG,2025-04-01,2025-04-01,2025-05-18,48,110,2040446,0,0.0,Tuesday,Tuesday,True
"LA TAHZAN: CINTA, DOSA, LUKA...",2025-08-07,2025-08-10,2025-09-14,33,111,607882,1,0.004076449047677016,Thursday,Sunday,False
LABINAK,2025-08-10,2025-08-21,2025-09-10,27,86,258379,6,0.015872032943853795,Sunday,Thursday,False
LEBIH DARI SELAMANYA,2025-08-15,2025-08-28,2025-09-10,18,79,25542,4,0.11107195990916921,Friday,Thursday,False
LILO & STITCH,2025-05-19,2025-05-21,2025-07-08,47,116,524499,1,0.00391611804788951,Monday,Wednesday,False
LILO & STITCH (3D),2025-05-21,2025-05-21,2025-05-27,7,9,3484,0,0.0,Wednesday,Wednesday,False
LINTRIK,2025-08-25,2025-09-11,2025-09-19,14,11,6696,5,0.150089605734767,Monday,Thursday,False
LOCKED,2025-05-07,2025-06-20,2025-07-01,13,45,13531,1,0.006503584361835784,Wednesday,Friday,False
LORONG KOST,2025-06-23,2025-06-26,2025-07-10,18,42,88489,3,0.020171998779509318,Monday,Thursday,False
LYORA: PENANTIAN BUAH HATI,2025-07-19,2025-08-07,2025-09-27,33,85,172142,9,0.01893204447491025,Saturday,Thursday,False
M3GAN 2.0,2025-06-23,2025-06-25,2025-07-09,16,98,54600,1,0.008498168498168498,Monday,Wednesday,False
MAA,2025-06-27,2025-06-27,2025-07-02,6,2,729,0,0.0,Friday,Friday,False
MALAM JAHANAM,2025-05-31,2025-06-19,2025-06-21,4,15,1226,1,0.2569331158238173,Saturday,Thursday,False
MAMA: PESAN DARI NERAKA,2025-09-08,2025-09-11,2025-09-22,13,101,90731,1,0.011506541314434978,Monday,Thursday,False
MANGKU POCONG,2025-04-17,2025-04-24,2025-05-08,16,49,58677,1,0.002198476404724168,Thursday,Thursday,False
MARYAM: JANJI DAN JIWA YANG TERIKAT,2025-09-11,2025-09-18,2025-09-30,16,82,52030,5,0.06100326734576206,Thursday,Thursday,False
MATERIALISTS,2025-08-08,2025-08-20,2025-09-30,43,59,71255,1,0.027268261876359553,Friday,Wednesday,False
MENDADAK DANGDUT,2025-04-19,2025-04-30,2025-05-21,32,72,202897,10,0.09803496355293573,Saturday,Wednesday,False
MENJELANG MAGRIB 2: WANITA YANG DI RANTAI,2025-08-30,2025-09-04,2025-09-26,24,57,62808,1,0.01662208635842568,Saturday,Thursday,False
MERAH PUTIH ONE FOR ALL,2025-08-14,2025-08-14,2025-08-20,7,9,3157,0,0.0,Thursday,Thursday,False
MISSION: IMPOSSIBLE - THE FINAL RECKONING,2025-05-17,2025-05-17,2025-07-22,62,116,1485873,0,0.0,Saturday,Saturday,False
MISSION: IMPOSSIBLE - THE FINAL RECKONING (IMAX 2D) ,2025-05-17,2025-05-21,2025-06-10,20,16,111528,1,0.0035775769313535614,Saturday,Wednesday,False
MUMU,2025-05-07,2025-05-07,2025-06-08,31,8,14415,0,0.0,Wednesday,Wednesday,False
MUNGKIN KITA PERLU WAKTU,2025-05-03,2025-05-15,2025-05-21,9,68,12934,2,0.20032472552961186,Saturday,Thursday,False
MUSLIHAT,2025-04-08,2025-04-17,2025-05-07,26,51,160373,5,0.02501044440148903,Tuesday,Thursday,False
MY DAUGHTER IS A ZOMBIE,2025-08-04,2025-08-08,2025-09-04,29,99,173696,1,0.001312638172439204,Monday,Friday,False
NARIK SUKMO,2025-06-24,2025-07-03,2025-07-22,21,61,166921,2,0.0066198980355976775,Tuesday,Thursday,False
NE ZHA 2,2025-04-01,2025-04-01,2025-05-08,38,18,82216,0,0.0,Tuesday,Tuesday,True
NE ZHA 2 (IMAX 2D),2025-04-07,2025-04-21,2025-04-29,11,16,5026,2,0.06625547154795065,Monday,Monday,False
NOBODY 2,2025-08-13,2025-08-13,2025-09-05,24,96,45563,0,0.0,Wednesday,Wednesday,False
NOISE,2025-06-23,2025-06-27,2025-07-02,7,49,8890,1,0.01046119235095613,Monday,Friday,False
NORMA: ANTARA MERTUA DAN MENANTU,2025-04-01,2025-04-01,2025-04-25,25,101,449902,0,0.0,Tuesday,Tuesday,True
OMNISCIENT READER: THE PROPHECY,2025-07-26,2025-07-26,2025-09-11,19,48,51471,0,0.0,Saturday,Saturday,False
ONE BATTLE AFTER ANOTHER,2025-09-24,2025-09-24,2025-09-30,7,110,90177,0,0.0,Wednesday,Wednesday,False
ONE BATTLE AFTER ANOTHER (IMAX 2D),2025-09-19,2025-09-24,2025-09-30,8,16,10623,1,0.07436693965922997,Friday,Wednesday,False
PABRIK GULA,2025-04-01,2025-04-01,2025-04-23,14,110,623055,0,0.0,Tuesday,Tuesday,True
PABRIK GULA (IMAX 2D),2025-04-01,2025-04-01,2025-04-08,8,16,24725,0,0.0,Tuesday,Tuesday,True
PABRIK GULA UNCUT,2025-04-01,2025-04-01,2025-05-13,43,112,2014392,0,0.0,Tuesday,Tuesday,True
PABRIK GULA UNCUT (IMAX 2D),2025-04-01,2025-04-01,2025-04-09,9,16,37547,0,0.0,Tuesday,Tuesday,True
PAMALI: TUMBAL,2025-07-29,2025-08-07,2025-09-03,31,90,152227,3,0.020121266266825203,Tuesday,Thursday,False
PANGGIL AKU AYAH,2025-07-05,2025-08-07,2025-09-13,51,109,600983,13,0.018579560486735897,Saturday,Thursday,False
PANGGILAN DARI KUBUR,2025-08-11,2025-08-14,2025-08-28,17,53,46534,2,0.025164395925559805,Monday,Thursday,False
PANJI TENGKORAK,2025-08-22,2025-08-28,2025-09-05,12,71,9627,4,0.33946192998857383,Friday,Thursday,False
PANOR,2025-04-30,2025-04-30,2025-05-06,7,7,1508,0,0.0,Wednesday,Wednesday,False
PARAM SUNDARI,2025-08-29,2025-08-29,2025-09-09,12,2,1412,0,0.0,Friday,Friday,False
PEMBANTAIAN DUKUN SANTET,2025-05-05,2025-05-08,2025-05-30,24,107,469435,1,0.0022239500676344967,Monday,Thursday,False
PENCARIAN TERAKHIR,2025-08-21,2025-08-28,2025-09-19,26,106,295258,3,0.012439967757012511,Thursday,Thursday,False
PENGEPUNGAN DI BUKIT DURI,2025-04-10,2025-04-17,2025-05-27,46,107,1295496,5,0.0020524957236456153,Thursday,Thursday,False
PENGIN HIJRAH,2025-09-12,2025-09-12,2025-09-27,4,2,2755,0,0.0,Friday,Friday,False
PENJAGAL IBLIS DOSA TURUNAN,2025-04-25,2025-04-30,2025-05-15,19,93,240658,3,0.013367517389822902,Friday,Wednesday,False
PERANG KOTA,2025-04-21,2025-04-30,2025-06-10,17,83,75495,2,0.024544671832571693,Monday,Wednesday,False
PEREMPUAN PEMBAWA SIAL,2025-09-10,2025-09-18,2025-09-30,16,97,91208,3,0.025469257082712044,Wednesday,Thursday,False
PETAKA GUNUNG GEDE,2025-04-01,2025-04-01,2025-04-15,15,1,5873,0,0.0,Tuesday,Tuesday,True
PINJAM 100 THE MOVIE,2025-04-07,2025-04-10,2025-04-17,9,57,13464,1,0.09974747474747475,Monday,Thursday,False
PRETTY CRAZY,2025-08-20,2025-08-20,2025-08-22,3,6,277,0,0.0,Wednesday,Wednesday,False
PRINCESS MONONOKE (IMAX 2D),2025-08-27,2025-08-27,2025-09-02,7,14,2984,0,0.0,Wednesday,Wednesday,False
QODRAT 2,2025-04-01,2025-04-01,2025-05-09,30,109,1665245,0,0.0,Tuesday,Tuesday,True
RABI JIWO,2025-06-18,2025-06-26,2025-07-08,14,37,9360,1,0.056303418803418805,Wednesday,Thursday,False
RAID 2,2025-05-01,2025-05-01,2025-05-07,7,2,1987,0,0.0,Thursday,Thursday,False
RANGGA & CINTA,2025-09-23,2025-09-23,2025-09-30,4,1,3342,0,0.0,Tuesday,Tuesday,False
RED SONJA,2025-08-22,2025-09-12,2025-09-24,14,61,21094,1,0.004456243481558737,Friday,Friday,False
REGO NYOWO,2025-07-25,2025-07-31,2025-08-14,16,94,192716,1,0.010953942589094833,Friday,Thursday,False
RELAY,2025-08-25,2025-08-27,2025-09-14,18,91,17891,1,0.005589402492873512,Monday,Wednesday,False
REST AREA,2025-09-23,2025-09-23,2025-09-30,7,2,2593,0,0.0,Tuesday,Tuesday,False
RUMAH UNTUK ALIE,2025-04-11,2025-04-17,2025-05-14,34,79,333769,6,0.00857778882999919,Friday,Thursday,False
SAH! KATANYA...,2025-04-16,2025-04-24,2025-04-29,12,77,51163,6,0.0809373961651975,Wednesday,Thursday,False
SAIYAARA,2025-07-18,2025-07-18,2025-09-17,29,3,5073,0,0.0,Friday,Friday,False
"SAMPAI JUMPA, SELAMAT TINGGAL",2025-06-02,2025-06-05,2025-06-10,5,42,2712,1,0.21017699115044247,Monday,Thursday,False
SAYAP SAYAP PATAH 2: OLIVIA,2025-04-22,2025-05-08,2025-06-12,27,93,218368,4,0.013087998241500587,Tuesday,Thursday,False
SELEPAS TAHLIL,2025-07-04,2025-07-10,2025-07-23,16,73,110155,2,0.024501838318732694,Friday,Thursday,False
SENYUM MANIES LOVE STORY,2025-05-23,2025-06-12,2025-06-15,3,31,530,1,0.2811320754716981,Friday,Thursday,False
SERIBU BAYANG PURNAMA,2025-06-26,2025-07-03,2025-07-09,8,61,6197,1,0.38470227529449735,Thursday,Thursday,False
SEVENTEEN [RIGHT HERE] WORLD TOUR IN CINEMAS,2025-04-16,2025-04-16,2025-04-16,1,5,25,0,0.0,Wednesday,Wednesday,False
SHADOW FORCE,2025-05-02,2025-05-07,2025-05-20,14,71,29759,1,0.0029570886118485164,Friday,Wednesday,False
SIAPA DIA,2025-08-18,2025-08-28,2025-09-17,25,12,8514,4,0.3385012919896641,Monday,Thursday,False
SICCIN 8,2025-09-11,2025-09-11,2025-09-23,13,10,4770,0,0.0,Thursday,Thursday,False
SIHIR PELAKOR,2025-07-24,2025-07-31,2025-09-02,37,102,478579,3,0.003502034146922452,Thursday,Thursday,False
SIKANDAR,2025-04-01,2025-04-01,2025-04-08,8,2,1504,0,0.0,Tuesday,Tuesday,True
SINNERS,2025-04-16,2025-04-16,2025-05-28,43,51,50072,0,0.0,Wednesday,Wednesday,False
SINNERS (IMAX 2D),2025-04-15,2025-04-16,2025-04-29,15,16,21741,1,0.026493721539947564,Tuesday,Wednesday,False
SITAARE ZAMEEN PAR,2025-06-22,2025-06-22,2025-07-02,11,9,4197,0,0.0,Sunday,Sunday,False
SMURFS,2025-07-18,2025-07-18,2025-09-27,16,47,33992,0,0.0,Friday,Friday,False
SNOW WHITE,2025-04-01,2025-04-01,2025-04-13,13,6,4163,0,0.0,Tuesday,Tuesday,True
SOMEBODY,2025-04-24,2025-05-02,2025-05-13,13,46,3524,1,0.017593643586833144,Thursday,Friday,False
SORE ISTRI DARI MASA DEPAN,2025-06-28,2025-07-10,2025-09-30,90,110,2093539,7,0.002209177856252021,Saturday,Thursday,False
STOLEN GIRL,2025-09-22,2025-09-22,2025-09-22,1,1,98,0,0.0,Monday,Monday,False
SUKMA,2025-08-29,2025-09-11,2025-09-30,27,106,562308,7,0.008137888843836474,Friday,Thursday,False
SUPERMAN,2025-07-08,2025-07-09,2025-09-03,58,116,1060523,1,0.000403574462788643,Tuesday,Wednesday,False
SUPERMAN (3D),2025-07-09,2025-07-09,2025-07-13,5,3,942,0,0.0,Wednesday,Wednesday,False
SUPERMAN (IMAX 2D),2025-07-08,2025-07-08,2025-07-22,15,16,114285,0,0.0,Tuesday,Tuesday,False
SYIRIK (DANYANG LAUT SELATAN),2025-06-19,2025-06-19,2025-06-25,7,53,15483,0,0.0,Thursday,Thursday,False
TABAYYUN,2025-04-09,2025-05-08,2025-06-08,22,78,56836,9,0.05792103596312197,Wednesday,Thursday,False
TAK INGIN USAI DI SINI,2025-05-17,2025-06-05,2025-07-08,34,96,177866,3,0.0211170206784883,Saturday,Thursday,False
TEGAR,2025-08-06,2025-08-06,2025-09-17,5,2,1414,0,0.0,Wednesday,Wednesday,False
TENUNG BY RISA SARASWATI & DIMASTA,2025-06-05,2025-06-05,2025-06-26,19,98,97772,0,0.0,Thursday,Thursday,False
THARAE: THE EXORCIST,2025-09-12,2025-09-17,2025-09-30,15,86,21198,1,0.0046230776488347955,Friday,Wednesday,False
THE ACCOUNTANT 2,2025-04-23,2025-04-25,2025-05-28,35,79,142372,1,0.007262664006967662,Wednesday,Friday,False
THE AMATEUR,2025-04-10,2025-04-11,2025-05-14,35,61,128756,1,0.009615085898909565,Thursday,Friday,False
THE BAD GUYS 2,2025-07-27,2025-08-01,2025-08-24,14,70,22830,1,0.02369689005694262,Sunday,Friday,False
THE CONJURING (REISSUE),2025-08-15,2025-08-15,2025-08-24,4,27,10637,0,0.0,Friday,Friday,False
THE CONJURING 2 (REISSUE),2025-08-22,2025-08-22,2025-08-24,3,28,8037,0,0.0,Friday,Friday,False
THE CONJURING: LAST RITES,2025-09-03,2025-09-03,2025-09-30,28,117,2331666,0,0.0,Wednesday,Wednesday,False
THE CONJURING: LAST RITES (IMAX 2D),2025-08-29,2025-09-03,2025-09-23,22,16,90737,2,0.013632806903468266,Friday,Wednesday,False
THE CONJURING: THE DEVIL MADE ME DO IT (REISSUE),2025-08-29,2025-08-29,2025-08-31,3,28,5534,0,0.0,Friday,Friday,False
THE DARK HOUSE,2025-06-02,2025-06-12,2025-06-18,6,20,2462,1,0.25345247766043866,Monday,Thursday,False
THE FANTASTIC FOUR: FIRST STEPS,2025-07-22,2025-07-23,2025-09-16,43,116,849502,1,0.004387276310120518,Tuesday,Wednesday,False
THE FANTASTIC FOUR: FIRST STEPS (3D),2025-07-23,2025-07-23,2025-07-24,2,9,1020,0,0.0,Wednesday,Wednesday,False
THE FANTASTIC FOUR: FIRST STEPS (IMAX 2D),2025-07-22,2025-07-23,2025-08-05,15,16,119259,1,0.00994474211589901,Tuesday,Wednesday,False
THE KING OF KINGS,2025-04-11,2025-04-18,2025-05-10,23,61,37805,1,0.00285676497817749,Friday,Friday,False
THE LAST SUPPER,2025-04-01,2025-04-01,2025-05-05,30,25,69223,0,0.0,Tuesday,Tuesday,True
THE LONG WALK,2025-09-09,2025-09-10,2025-09-30,22,98,69920,1,0.0018735697940503433,Tuesday,Wednesday,False
THE NAKED GUN,2025-07-28,2025-07-30,2025-08-27,28,96,60344,1,0.00840182951080472,Monday,Wednesday,False
THE PHOENICIAN SCHEME,2025-06-06,2025-06-06,2025-06-24,12,19,1779,0,0.0,Friday,Friday,False
THE RED ENVELOPE,2025-05-14,2025-05-14,2025-05-20,7,21,5473,0,0.0,Wednesday,Wednesday,False
THE RITUAL,2025-05-23,2025-05-29,2025-06-19,17,56,16016,1,0.005494505494505495,Friday,Thursday,False
THE SHADOWS EDGE,2025-08-15,2025-08-20,2025-09-30,43,115,641835,1,0.0001542452499474164,Friday,Wednesday,False
THE SNITCH,2025-04-23,2025-04-23,2025-04-27,5,7,346,0,0.0,Wednesday,Wednesday,False
THE STRANGERS: CHAPTER 2,2025-09-26,2025-09-26,2025-09-26,1,1,95,0,0.0,Friday,Friday,False
THE SUN GAZER: CINTA DARI LANGIT,2025-08-01,2025-08-21,2025-09-27,16,51,7821,3,0.06725482674849763,Friday,Thursday,False
THUNDERBOLTS*,2025-04-29,2025-04-30,2025-06-04,34,115,1012191,1,0.004864694509237881,Tuesday,Wednesday,False
THUNDERBOLTS* (3D),2025-04-30,2025-04-30,2025-05-13,14,7,10184,0,0.0,Wednesday,Wednesday,False
THUNDERBOLTS* (IMAX 2D),2025-04-25,2025-04-30,2025-05-13,15,16,70243,1,0.008200105348575659,Friday,Wednesday,False
TINGGAL MENINGGAL,2025-07-27,2025-08-14,2025-09-20,44,66,144711,10,0.027959173801576937,Sunday,Thursday,False
TUKAR TAKDIR,2025-09-25,2025-09-25,2025-09-30,4,1,2076,0,0.0,Thursday,Thursday,False
ULTRAMAN ARC THE MOVIE: THE CLASH OF LIGHT AND EVIL,2025-07-25,2025-07-25,2025-07-29,5,10,384,0,0.0,Friday,Friday,False
UNTIL DAWN,2025-04-22,2025-04-23,2025-05-20,25,64,96925,1,0.004250709311323188,Tuesday,Wednesday,False
WAKTU MAGHRIB 2,2025-05-21,2025-05-28,2025-06-25,29,104,373800,3,0.0048073836276083465,Wednesday,Wednesday,False
WAR 2,2025-08-14,2025-08-15,2025-08-27,14,7,4960,1,0.10685483870967742,Thursday,Friday,False
WARFARE,2025-04-14,2025-05-09,2025-05-30,24,81,56181,2,0.0025809437354265678,Monday,Friday,False
WARKOP DKI KARTUN,2025-06-21,2025-06-26,2025-07-08,18,71,11467,5,0.27757914014127494,Saturday,Thursday,False
WEAPONS,2025-08-01,2025-08-06,2025-09-09,37,107,792213,2,0.0007838800928538158,Friday,Wednesday,False
WEAPONS (IMAX 2D),2025-08-06,2025-08-06,2025-08-14,9,16,32527,0,0.0,Wednesday,Wednesday,False
YAKIN NIKAH,2025-08-26,2025-08-26,2025-09-27,3,1,596,0,0.0,Tuesday,Tuesday,False
YOU ARE THE APPLE OF MY EYE,2025-04-11,2025-04-11,2025-04-22,2,1,148,0,0.0,Friday,Friday,False
