cinema_ids,city_name,first_seen,first_day_films,first_day_shows,first_day_tickets,first_day_implied_scheduled_seats
015555fbcd8faef6b55a854605df0a87,SURABAYA,2025-04-01,9,130,7294,21733.593606042752
0191582d75f94a412c0fa12d36bcee3f,SURABAYA,2025-04-01,12,156,11816,28601.664958404876
0318cab65e5a4dbb61243ab4747fb621,SINGKAWANG,2025-04-01,6,23,2208,3701.8838991888547
04a2de432a8901363a05137a8e8de1d2,MAMUJU,2025-04-01,6,14,1233,2822.785061035349
073b764928864ed8fa0b6b115bfdd685,BATAM,2025-04-01,7,42,4748,7467.079989027123
09ff932202ae245655ae248642132086,JAMBI,2025-04-01,1,5,106,202.5993883792049
0a8777c6c78e2d102bdf459f8550cf93,PANGKAL PINANG,2025-04-01,5,14,908,2126.9772854442704
108f9a4d181f12fd1b7e3c9adae38478,TANGERANG,2025-04-01,11,229,17387,40203.553873318284
1240789770bc04e7d26e5fa31c075ced,MALANG,2025-04-01,5,24,1426,3939.65796962089
14b63ff2b104903ead7d884f25382e57,MALANG,2025-04-01,6,23,1300,3415.489207932448
15c7dc37db27dd76f38cc419107f7c48,KARAWANG,2025-04-01,7,36,2459,4958.648400975755
17e1e7da761f72bbb4e039ba08cc0ba0,SEMARANG,2025-04-01,8,49,2734,7032.903415871977
19f506af810fe579721721d058f6b243,MEDAN,2025-04-01,10,40,3301,6154.198316351647
202dbf4df0e433f092fca1aa8162c400,TARAKAN,2025-04-01,6,19,1192,2377.0766057542724
218c50fa4df90b3241e39ff8ffb41102,SOLO,2025-04-01,7,41,3545,7445.69211083258
2318d3c719302ff137eb1b53fb32f0c8,KARAWANG,2025-04-01,6,14,1519,1986.7297063235344
25e1c125bdd513aa2355a8e558a1a908,KEDIRI,2025-04-01,6,18,905,2256.21893980339
26a644178fbdb277dc3c50997f6df7fe,PALEMBANG,2025-04-01,7,49,5890,8516.241422895471
26d1d720bc7e60c1b1a56630e3ba2c5d,GARUT,2025-04-01,5,14,1940,2899.241486230053
29fc89ab155e9f202326046c2e0023bb,MAKASSAR,2025-04-01,8,56,3550,9671.642980804718
2df461316312ad73a45a7b7354c24014,MAGELANG,2025-12-12,2,6,225,821.5780227427618
2e0ec493a87e740511b7b565386c06fe,SORONG,2025-04-01,6,19,1331,2727.488650734303
312cd6ebdd3af9ac55f7b3d31ecab9c2,BOGOR,2025-04-01,10,41,4828,7483.3803062326215
35de0354d956048d1c9c49ff069eaa55,MEDAN,2025-04-01,9,74,5079,10105.83106348831
3744d5b8753c9cc72700ce7927fa0df3,SIDOARJO,2025-04-01,5,18,1233,2335.82158783196
3acdf298dab1b92bbaaad74d86c0c40a,SEMARANG,2025-04-01,10,122,8117,20084.381319455766
3afae5dea7356f64f70605334bef46a7,CIANJUR,2025-04-01,6,19,1913,3401.905163803889
3c41b96b56b0aab1ed5fc5e703499730,BALIKPAPAN,2025-04-01,7,52,4153,9706.676634259406
3cc167017755a0197f18f93595c9ae85,JAMBI,2025-04-01,7,28,2151,3501.7312010279397
3f6093566521149f8e37fa4e3fafe7cc,PADANG,2025-04-01,7,51,2833,5988.172283053995
45f553cca86b28fedd6115abdd0ae734,KUALA KAPUAS,2025-04-01,6,14,2106,2757.2058681647372
490346a8a068ba7d2e3764714c6d5323,BANDUNG,2025-04-01,8,50,4369,7346.260605025554
494c8f1916a97efe3390ba9dbab6ce7d,LAMPUNG,2025-04-01,7,60,5191,8354.789855616105
4a4c71e99772e87c9e35a56acd8be21e,TERNATE,2025-04-01,7,28,2990,4063.0561983016155
4a61d7e09bbe3868d79af81be96ed6ee,CIKARANG,2025-04-01,2,4,60,194.2531717209829
4ba87a86e02dd8a810032db35bf13c51,BENGKULU,2025-04-01,5,17,709,2932.313239992694
4e12b237c826209f7ddc5b29a96380b6,BEKASI,2025-04-01,9,137,7974,22883.615155731306
4eb26b1058266dc50a63dc875e4d8846,MATARAM,2025-04-01,7,28,2346,4213.497364212718
4ed104ac0de10ba7eef50158603e0b32,JAKARTA,2025-04-01,12,417,20815,64976.25943494873
4fc3fc370b299876663c7d5c90595853,BANJARMASIN,2025-04-01,7,41,4474,6447.954399782866
52eed153a88a6bdcb46cbb266a07cba2,TANGERANG,2025-04-01,11,139,8177,22703.906991140182
53b77c875c67b68561415f23065e6e8d,PADANG,2025-04-01,1,4,20,125.23481527864746
541130ea8083a789df5d15bbfe13055a,MAKASSAR,2025-04-01,7,56,2589,8170.366024710351
57d37d0d839b9dff6f87d6b5d5b679cc,SOLO,2025-04-01,7,28,2154,4364.837818068609
580919d632e55fd9736ae1a2ac6ed0c5,BATAM,2025-04-01,7,38,3031,6047.831878847599
592095e0ddc2c230cf3002d72e9bac41,MANOKWARI,2025-04-01,5,14,1424,2592.580207366678
5a894958f375392ce7981be2eb9a26be,JEMBER,2025-04-01,6,18,642,2391.815527842349
5b8eaa351fae8e6d1e759e814d74c1c5,MEDAN,2025-04-01,7,138,11381,19498.628804167638
5ff7565cdb056b4bdcb43d0ea2b5380d,KUPANG,2025-04-01,6,19,636,2350.6205427291197
62447bb073160adcf6d6022240a3663c,KLATEN,2025-04-01,6,14,1543,2053.7137934420984
66d433e397ff7f3d460500704fd40a5a,PEKANBARU,2025-04-01,3,9,117,370.5277398816475
6b88b1af662b72fbfa35004a8edfe2e9,DEPOK,2025-04-01,12,164,12455,27208.057344716744
7114d91eccf418326f7a9a05943c04e1,JAMBI,2025-04-01,6,37,3474,5456.085028250205
716ede53fbca27fbe1c1a55d6667c2b5,CIKARANG,2025-04-01,9,48,2246,9617.299424226565
7995e00051a2fe6aeed7cfdbe0378c01,TIMIKA,2025-04-01,6,14,1460,2373.077208315942
79d0a75ad3523955b8d0e01198d6e9c9,CIREBON,2025-04-01,2,4,76,96.52391849188186
7c271f1e1351e6433b202d77b88012c2,CIREBON,2025-04-01,6,14,2398,2928.0102921544944
7cade3ea25dae25fdb8c56776676b0c7,CILEGON,2025-04-01,6,69,6671,10860.812494693928
8188326fb0a403be03ea632997c8a959,GORONTALO,2025-04-01,7,28,2119,3644.0014489361292
81c620b2538435926cbbf15745ef5901,MADIUN,2025-04-01,5,14,1515,2280.619899777239
862442166e956fe0e8355db8852d9440,TANGERANG,2025-04-01,12,145,9222,24541.084432289987
8750b9ee0b0c6c6afcfcb2a05e60efc0,BANDUNG,2025-04-01,9,87,6848,13063.171741992244
88d0ee0029bee810e1d0fe37f73e2d3b,SOLO,2025-04-01,8,27,2107,4369.531521164646
8d2e05da5624875993cb8580c88334a9,CIREBON,2025-04-01,7,46,5015,6801.496017691991
8dbfb7aeb4ed822b358347332ba630af,JAKARTA,2025-04-01,11,501,29480,85563.07645800088
9158e16be84a6db4d63d3289099f119b,JAYAPURA,2025-04-01,7,38,2875,4878.186592969407
919c7b9859d8ce7cab47dab2463e7fab,MAKASSAR,2025-04-01,7,43,3605,8890.824832203742
92e94ed55b4de8feaff9462a66e2dbd7,PEKANBARU,2025-04-01,6,31,1725,5239.422256456214
9715c9bc57db04a2506acfdab71ec1c6,RANTAU PRAPAT,2025-04-01,6,19,2450,2947.072300790913
981569adf232c53afe751c8c660db8d9,BATAM,2025-04-01,7,28,2790,5121.361863230116
9aab42397bbc1d1cdb49f7044dc990f0,PALEMBANG,2025-04-01,7,60,5205,9627.388306860266
9cc7970100d8e4c2202f08cb78c6eb20,YOGYAKARTA,2025-04-01,7,28,1868,4957.276711912278
9d67ea34034038d9a33cf7ac63b7ac65,PEMATANG SIANTAR,2025-07-31,5,20,859,3388.0454481732395
9eb47624e1e418bfac8b4fcc3a44a36b,DENPASAR,2025-04-01,4,10,698,1462.480822176833
9f0564f5cabe643e4dbb08b80d3cc241,PONTIANAK,2025-04-01,7,51,4080,8617.498171433414
a09b9ee7f937939ee25c24ef8c2e91be,BALIKPAPAN,2025-04-01,5,18,984,1549.95847806985
a55554e941cb93c23d1522f88fd0d004,DUMAI,2025-04-01,6,18,2433,3270.337477952993
a616a546264044ed616bc2bdf2d9f7fc,YOGYAKARTA,2025-04-01,8,56,2799,8528.994138068609
a691dd0d8274fa85ecdc7d5ad6df1628,LAMPUNG,2025-04-01,7,28,2627,4491.8413043557075
a6d19ebcb27f61cbf41a6552fbf68676,SIDOARJO,2025-04-01,5,19,1033,2776.9743080458593
a9d508d218799f9dc69bb4aefc122cb3,MANADO,2025-04-01,8,66,3331,9929.717178099727
a9e141baa8b4ec825325397b16eeaae3,BOGOR,2025-04-01,9,121,10818,19159.224824733377
ab66df99207da01f3e300ef0163a1d2e,BOGOR,2025-11-27,3,15,664,3842.9703021873906
afbb3b11f728a54ad1eb3ca34f602779,KENDARI,2025-04-01,6,19,2031,4183.477487573238
b2539b1f80254243391774489b1328aa,ROKAN HILIR,2025-04-01,5,10,1845,2182.1709401709404
b4972b48997defae8304bc9c41220c7c,BEKASI,2025-04-01,10,144,10347,28925.823046994316
b704e8b10f13e14494b5a7a0ba39d9d9,JAKARTA,2025-04-01,14,238,9075,34899.54419059066
be8de71502987819afd4c2ceea71c539,GRESIK,2025-04-01,7,28,2287,4077.2659352971627
bf33cc26f29bf266a83e35901fa80c9c,AMBON,2025-04-01,7,33,4405,5497.351457717495
c35e24eefa840ac2009279f1efc52288,BONTANG,2025-04-01,6,19,2562,3938.638685678251
c48b7a4426e8cbee3f7dbfe8b87d1d89,PEKALONGAN,2025-04-01,6,33,3963,4948.961701809245
c4a19cbeb409639c836e4304976db0aa,BANDUNG,2025-04-01,11,178,15650,29167.86873203164
c71a18e33d4b7c73c8124c65fc3e6f1c,MANADO,2025-04-01,7,24,1018,3583.856394428428
c877324e95024e707ae23f0aed947e15,SEMARANG,2025-04-01,8,45,3370,7371.496414846998
cb2a49a747f8989ee0356ec7ac354177,BENGKULU,2025-04-01,7,28,3162,4578.502191709817
d1918db937d26e9e4ccd3e17e1ff0e2d,SUMEDANG,2025-04-01,6,23,2635,3519.1285370262103
d297f2f746c4fd2723f3202fafcbfa1a,BONDOWOSO,2025-04-01,6,14,1131,2727.1569844999385
d33850e3698903061b4c18886ce00c9d,GARUT,2025-04-01,6,23,2152,3235.0555521286587
da6b584c30e784d15b54ad124a760b19,SAMARINDA,2025-04-01,6,14,726,2382.427250902682
da96492ebd43c4a193238d6c3205cc40,PEKANBARU,2025-04-01,8,65,6226,9912.794286746977
dc6de349945f10a4a296bb50d34fc504,BANJARMASIN,2025-04-01,1,5,83,199.61519961519963
dc77e7e26c0e5e3a5c44ec2de0cedbde,DENPASAR,2025-04-01,10,72,4711,10103.90594190742
df7f047e9886cfa1c0892c97f15d4146,MATARAM,2025-04-01,2,4,113,193.55442803888178
e3edf631650eb304cf386709b98005f6,DENPASAR,2025-04-01,7,65,2127,8454.84862201084
e67d818ee0546f3b33d0ba2083ed4db5,BEKASI,2025-04-01,8,72,6882,11756.031463903944
e7ec114c2ec166155149062023617e8b,SAMARINDA,2025-04-01,7,56,4338,8625.418470383229
e8965581e1be78ac9a3145b6983ff6ec,SURABAYA,2025-04-01,9,91,4926,15449.283685448967
e939d818a5192f48fc4b73102e3aa4b9,PALANGKARAYA,2025-04-01,6,19,2118,3985.4306889124514
e989d8fdc91de7e6ffbb72a2f5ac79f6,DEPOK,2025-04-01,8,74,6417,12080.313966876707
ea7df0c99b450ecdea38cf34ae1f158f,KISARAN,2025-04-01,6,23,2667,3081.2304856701157
ea8d354888b056f56de16e2ce54e3415,CIANJUR,2026-03-18,4,15,497,2567.778559355579
ecace029de4a6bd4ae872928509cd71d,TASIKMALAYA,2025-04-01,6,37,4437,6700.533891616238
ef2896a95abe2a2b4cfee245dc1e36ec,CIKARANG,2025-04-01,6,19,1038,2507.6115687563915
efe899b321b96d852776427476f14a06,YOGYAKARTA,2025-04-01,7,27,1729,5617.058538193236
f292a4101ca0420357a2d18b3a013e5f,PALU,2025-04-01,7,33,2543,4636.855655564142
f3432c52947b6412b4973fa6bf23d666,TUBAN,2025-12-18,1,6,461,1162.3802319717602
f3a9ac312f7bc4e2467a1bf02a6aa1e9,LAMPUNG,2025-04-01,7,28,2320,4653.962831563373
f54d37fc4c4d4b285aa3601041abc938,BOGOR,2025-04-01,8,107,11214,17479.712499683686
f7734bb329cacfe21ce854ae822b6115,TANJUNG PINANG,2025-04-01,7,28,2398,4096.618902894333
fbaf4d5f0c18dc603a21aef31da59ee6,SAMARINDA,2025-04-01,7,33,1885,4634.111571316826
fcf80028ec9bbf8efaee3932e529a78f,INDRAMAYU,2025-04-01,6,18,3317,3363.230466944059
