cinema_ids,city_name,first_seen,last_seen,rows
015555fbcd8faef6b55a854605df0a87,SURABAYA,2025-04-01,2026-03-20,2144
b704e8b10f13e14494b5a7a0ba39d9d9,JAKARTA,2025-04-01,2026-03-20,3228
b4972b48997defae8304bc9c41220c7c,BEKASI,2025-04-01,2026-03-20,2670
b2539b1f80254243391774489b1328aa,ROKAN HILIR,2025-04-01,2026-03-20,695
afbb3b11f728a54ad1eb3ca34f602779,KENDARI,2025-04-01,2026-03-20,1076
a9e141baa8b4ec825325397b16eeaae3,BOGOR,2025-04-01,2026-03-20,2217
a9d508d218799f9dc69bb4aefc122cb3,MANADO,2025-04-01,2026-03-20,1892
a6d19ebcb27f61cbf41a6552fbf68676,SIDOARJO,2025-04-01,2026-03-20,1081
a691dd0d8274fa85ecdc7d5ad6df1628,LAMPUNG,2025-04-01,2026-03-20,1382
a616a546264044ed616bc2bdf2d9f7fc,YOGYAKARTA,2025-04-01,2026-03-20,1871
a55554e941cb93c23d1522f88fd0d004,DUMAI,2025-04-01,2026-03-20,1026
a09b9ee7f937939ee25c24ef8c2e91be,BALIKPAPAN,2025-04-01,2026-03-20,1042
9f0564f5cabe643e4dbb08b80d3cc241,PONTIANAK,2025-04-01,2026-03-20,1383
9eb47624e1e418bfac8b4fcc3a44a36b,DENPASAR,2025-04-01,2026-03-20,496
9cc7970100d8e4c2202f08cb78c6eb20,YOGYAKARTA,2025-04-01,2026-03-20,1342
9aab42397bbc1d1cdb49f7044dc990f0,PALEMBANG,2025-04-01,2026-03-20,1826
981569adf232c53afe751c8c660db8d9,BATAM,2025-04-01,2026-03-20,1439
9715c9bc57db04a2506acfdab71ec1c6,RANTAU PRAPAT,2025-04-01,2026-03-20,1011
92e94ed55b4de8feaff9462a66e2dbd7,PEKANBARU,2025-04-01,2026-03-20,1303
919c7b9859d8ce7cab47dab2463e7fab,MAKASSAR,2025-04-01,2026-03-20,1522
9158e16be84a6db4d63d3289099f119b,JAYAPURA,2025-04-01,2026-03-20,1628
8dbfb7aeb4ed822b358347332ba630af,JAKARTA,2025-04-01,2026-03-20,3300
8d2e05da5624875993cb8580c88334a9,CIREBON,2025-04-01,2026-03-20,1658
88d0ee0029bee810e1d0fe37f73e2d3b,SOLO,2025-04-01,2026-03-20,1185
8750b9ee0b0c6c6afcfcb2a05e60efc0,BANDUNG,2025-04-01,2026-03-20,1833
fbaf4d5f0c18dc603a21aef31da59ee6,SAMARINDA,2025-04-01,2026-03-20,1277
be8de71502987819afd4c2ceea71c539,GRESIK,2025-04-01,2026-03-20,1414
bf33cc26f29bf266a83e35901fa80c9c,AMBON,2025-04-01,2026-03-20,1555
c35e24eefa840ac2009279f1efc52288,BONTANG,2025-04-01,2026-03-20,1033
c48b7a4426e8cbee3f7dbfe8b87d1d89,PEKALONGAN,2025-04-01,2026-03-20,1318
f7734bb329cacfe21ce854ae822b6115,TANJUNG PINANG,2025-04-01,2026-03-20,1393
f54d37fc4c4d4b285aa3601041abc938,BOGOR,2025-04-01,2026-03-20,2196
f3a9ac312f7bc4e2467a1bf02a6aa1e9,LAMPUNG,2025-04-01,2026-03-20,1472
f292a4101ca0420357a2d18b3a013e5f,PALU,2025-04-01,2026-03-20,1495
efe899b321b96d852776427476f14a06,YOGYAKARTA,2025-04-01,2026-03-20,1159
ef2896a95abe2a2b4cfee245dc1e36ec,CIKARANG,2025-04-01,2026-03-20,1038
ecace029de4a6bd4ae872928509cd71d,TASIKMALAYA,2025-04-01,2026-03-20,1322
ea7df0c99b450ecdea38cf34ae1f158f,KISARAN,2025-04-01,2026-03-20,1239
e989d8fdc91de7e6ffbb72a2f5ac79f6,DEPOK,2025-04-01,2026-03-20,1778
e939d818a5192f48fc4b73102e3aa4b9,PALANGKARAYA,2025-04-01,2026-03-20,1098
e8965581e1be78ac9a3145b6983ff6ec,SURABAYA,2025-04-01,2026-03-20,2139
e7ec114c2ec166155149062023617e8b,SAMARINDA,2025-04-01,2026-03-20,1617
81c620b2538435926cbbf15745ef5901,MADIUN,2025-04-01,2026-03-20,873
e67d818ee0546f3b33d0ba2083ed4db5,BEKASI,2025-04-01,2026-03-20,1728
df7f047e9886cfa1c0892c97f15d4146,MATARAM,2025-04-01,2026-03-19,278
dc77e7e26c0e5e3a5c44ec2de0cedbde,DENPASAR,2025-04-01,2026-03-20,1901
dc6de349945f10a4a296bb50d34fc504,BANJARMASIN,2025-04-01,2026-03-19,300
da96492ebd43c4a193238d6c3205cc40,PEKANBARU,2025-04-01,2026-03-20,2100
da6b584c30e784d15b54ad124a760b19,SAMARINDA,2025-04-01,2026-03-20,836
d33850e3698903061b4c18886ce00c9d,GARUT,2025-04-01,2026-03-20,1223
d297f2f746c4fd2723f3202fafcbfa1a,BONDOWOSO,2025-04-01,2026-03-20,872
d1918db937d26e9e4ccd3e17e1ff0e2d,SUMEDANG,2025-04-01,2026-03-20,1191
cb2a49a747f8989ee0356ec7ac354177,BENGKULU,2025-04-01,2026-03-20,1429
c877324e95024e707ae23f0aed947e15,SEMARANG,2025-04-01,2026-03-20,1370
c71a18e33d4b7c73c8124c65fc3e6f1c,MANADO,2025-04-01,2026-03-20,1192
c4a19cbeb409639c836e4304976db0aa,BANDUNG,2025-04-01,2026-03-20,2656
e3edf631650eb304cf386709b98005f6,DENPASAR,2025-04-01,2026-03-20,1839
8188326fb0a403be03ea632997c8a959,GORONTALO,2025-04-01,2026-03-20,1452
862442166e956fe0e8355db8852d9440,TANGERANG,2025-04-01,2026-03-20,2655
7c271f1e1351e6433b202d77b88012c2,CIREBON,2025-04-01,2026-03-20,715
3c41b96b56b0aab1ed5fc5e703499730,BALIKPAPAN,2025-04-01,2026-03-20,1648
3afae5dea7356f64f70605334bef46a7,CIANJUR,2025-04-01,2026-03-20,988
3acdf298dab1b92bbaaad74d86c0c40a,SEMARANG,2025-04-01,2026-03-20,2517
3744d5b8753c9cc72700ce7927fa0df3,SIDOARJO,2025-04-01,2026-03-20,985
35de0354d956048d1c9c49ff069eaa55,MEDAN,2025-04-01,2026-03-20,1906
312cd6ebdd3af9ac55f7b3d31ecab9c2,BOGOR,2025-04-01,2026-03-20,1816
2e0ec493a87e740511b7b565386c06fe,SORONG,2025-04-01,2026-03-20,1115
29fc89ab155e9f202326046c2e0023bb,MAKASSAR,2025-04-01,2026-03-20,1701
26d1d720bc7e60c1b1a56630e3ba2c5d,GARUT,2025-04-01,2026-03-20,797
26a644178fbdb277dc3c50997f6df7fe,PALEMBANG,2025-04-01,2026-03-20,1802
25e1c125bdd513aa2355a8e558a1a908,KEDIRI,2025-04-01,2026-03-20,1068
2318d3c719302ff137eb1b53fb32f0c8,KARAWANG,2025-04-01,2026-03-20,835
7cade3ea25dae25fdb8c56776676b0c7,CILEGON,2025-04-01,2026-03-20,1920
218c50fa4df90b3241e39ff8ffb41102,SOLO,2025-04-01,2026-03-20,1670
19f506af810fe579721721d058f6b243,MEDAN,2025-04-01,2026-03-20,1772
17e1e7da761f72bbb4e039ba08cc0ba0,SEMARANG,2025-04-01,2026-03-20,1500
15c7dc37db27dd76f38cc419107f7c48,KARAWANG,2025-04-01,2026-03-20,1540
14b63ff2b104903ead7d884f25382e57,MALANG,2025-04-01,2026-03-20,1238
1240789770bc04e7d26e5fa31c075ced,MALANG,2025-04-01,2026-03-20,957
108f9a4d181f12fd1b7e3c9adae38478,TANGERANG,2025-04-01,2026-03-20,2730
0a8777c6c78e2d102bdf459f8550cf93,PANGKAL PINANG,2025-04-01,2026-03-20,826
09ff932202ae245655ae248642132086,JAMBI,2025-04-01,2026-03-19,278
073b764928864ed8fa0b6b115bfdd685,BATAM,2025-04-01,2026-03-20,1385
04a2de432a8901363a05137a8e8de1d2,MAMUJU,2025-04-01,2026-03-20,921
0318cab65e5a4dbb61243ab4747fb621,SINGKAWANG,2025-04-01,2026-03-20,1263
0191582d75f94a412c0fa12d36bcee3f,SURABAYA,2025-04-01,2026-03-20,3040
202dbf4df0e433f092fca1aa8162c400,TARAKAN,2025-04-01,2026-03-20,989
3f6093566521149f8e37fa4e3fafe7cc,PADANG,2025-04-01,2026-03-20,1879
3cc167017755a0197f18f93595c9ae85,JAMBI,2025-04-01,2026-03-20,1465
490346a8a068ba7d2e3764714c6d5323,BANDUNG,2025-04-01,2026-03-20,1442
79d0a75ad3523955b8d0e01198d6e9c9,CIREBON,2025-04-01,2026-03-20,293
7995e00051a2fe6aeed7cfdbe0378c01,TIMIKA,2025-04-01,2026-03-20,911
716ede53fbca27fbe1c1a55d6667c2b5,CIKARANG,2025-04-01,2026-03-20,1816
7114d91eccf418326f7a9a05943c04e1,JAMBI,2025-04-01,2026-03-20,1386
6b88b1af662b72fbfa35004a8edfe2e9,DEPOK,2025-04-01,2026-03-20,2705
66d433e397ff7f3d460500704fd40a5a,PEKANBARU,2025-04-01,2026-03-19,462
62447bb073160adcf6d6022240a3663c,KLATEN,2025-04-01,2026-03-20,896
5ff7565cdb056b4bdcb43d0ea2b5380d,KUPANG,2025-04-01,2026-03-20,1057
5b8eaa351fae8e6d1e759e814d74c1c5,MEDAN,2025-04-01,2026-03-20,2298
5a894958f375392ce7981be2eb9a26be,JEMBER,2025-04-01,2026-03-20,1118
592095e0ddc2c230cf3002d72e9bac41,MANOKWARI,2025-04-01,2026-03-20,1072
580919d632e55fd9736ae1a2ac6ed0c5,BATAM,2025-04-01,2026-03-20,1457
45f553cca86b28fedd6115abdd0ae734,KUALA KAPUAS,2025-04-01,2026-03-20,859
fcf80028ec9bbf8efaee3932e529a78f,INDRAMAYU,2025-04-01,2026-03-20,951
541130ea8083a789df5d15bbfe13055a,MAKASSAR,2025-04-01,2026-03-20,1763
494c8f1916a97efe3390ba9dbab6ce7d,LAMPUNG,2025-04-01,2026-03-20,1691
4a4c71e99772e87c9e35a56acd8be21e,TERNATE,2025-04-01,2026-03-20,1491
4a61d7e09bbe3868d79af81be96ed6ee,CIKARANG,2025-04-01,2026-03-19,271
4ba87a86e02dd8a810032db35bf13c51,BENGKULU,2025-04-01,2026-03-20,1052
57d37d0d839b9dff6f87d6b5d5b679cc,SOLO,2025-04-01,2026-03-20,1251
4eb26b1058266dc50a63dc875e4d8846,MATARAM,2025-04-01,2026-03-20,1449
4e12b237c826209f7ddc5b29a96380b6,BEKASI,2025-04-01,2026-03-20,2237
4ed104ac0de10ba7eef50158603e0b32,JAKARTA,2025-04-01,2026-03-20,3330
4fc3fc370b299876663c7d5c90595853,BANJARMASIN,2025-04-01,2026-03-20,1854
52eed153a88a6bdcb46cbb266a07cba2,TANGERANG,2025-04-01,2026-03-20,2676
53b77c875c67b68561415f23065e6e8d,PADANG,2025-04-01,2026-03-20,776
9d67ea34034038d9a33cf7ac63b7ac65,PEMATANG SIANTAR,2025-07-31,2026-03-20,483
ab66df99207da01f3e300ef0163a1d2e,BOGOR,2025-11-27,2026-03-20,118
2df461316312ad73a45a7b7354c24014,MAGELANG,2025-12-12,2026-03-20,72
f3432c52947b6412b4973fa6bf23d666,TUBAN,2025-12-18,2026-03-20,78
ea8d354888b056f56de16e2ce54e3415,CIANJUR,2026-03-18,2026-03-20,13
