date,day_tipe,holiday_tipe,holiday_name,train_rows,train_tickets,test_history_rows,test_history_tickets,test_target_rows
2025-04-02,weekday,normal,,801.0,561763.0,0.0,0.0,0.0
2025-04-03,weekday,normal,,799.0,631414.0,0.0,0.0,0.0
2025-04-04,friday,normal,,854.0,623748.0,0.0,0.0,0.0
2025-04-07,weekday,normal,,741.0,693487.0,0.0,0.0,0.0
2025-05-13,weekday,normal,,764.0,203471.0,0.0,0.0,0.0
2025-05-30,friday,normal,,748.0,278422.0,0.0,0.0,0.0
2025-06-09,weekday,normal,,1.0,157.0,0.0,0.0,0.0
2025-08-18,weekday,normal,,677.0,397281.0,0.0,0.0,0.0
2025-12-26,friday,normal,,0.0,0.0,378.0,136297.0,266.0
2026-02-16,weekday,normal,,0.0,0.0,0.0,0.0,502.0
2026-03-18,weekday,normal,,0.0,0.0,620.0,215262.0,181.0
2026-03-20,friday,normal,,0.0,0.0,631.0,139225.0,181.0
2026-03-23,weekday,normal,,0.0,0.0,0.0,0.0,631.0
2026-03-24,weekday,normal,,0.0,0.0,0.0,0.0,631.0
